# Global statistics file
######################################################
# The quantities are all given in internal units!
#
# (0)  Simulation step
#      Unit = dimensionless
# (1)  Time since Big Bang (cosmological run), Time since start of the simulation (non-cosmological run).
#      Unit = 1.000000e+00 s
#      Unit = 3.168877e-08 yr 
#      Unit = 3.168877e-14 Myr 
# (2)  Scale factor
#      Unit = dimensionless
# (3)  Redshift
#      Unit = dimensionless
# (4)  Total mass in the simulation. 
#      Unit = 1.000000e+03 gram
#      Unit = 5.029144e-31 Msun
# (5)  Total gas mass in the simulation (Particle type 0). 
#      Unit = 1.000000e+03 gram
#      Unit = 5.029144e-31 Msun
# (6)  Total dark matter mass in the simulation (Particle type 1 & 2). 
#      Unit = 1.000000e+03 gram
#      Unit = 5.029144e-31 Msun
# (7)  Total sink mass in the simulation (Particle type 3). 
#      Unit = 1.000000e+03 gram
#      Unit = 5.029144e-31 Msun
# (8)  Total stellar mass in the simulation (Particle type 4). 
#      Unit = 1.000000e+03 gram
#      Unit = 5.029144e-31 Msun
# (9)  Total black hole mass in the simulation (Particle type 5). 
#      Unit = 1.000000e+03 gram
#      Unit = 5.029144e-31 Msun
# (10) Total metal mass in the gas phase. 
#      Unit = 1.000000e+03 gram
#      Unit = 5.029144e-31 Msun
# (11) Total metal mass locked in stars. 
#      Unit = 1.000000e+03 gram
#      Unit = 5.029144e-31 Msun
# (12) Total metal mass locked in black holes. 
#      Unit = 1.000000e+03 gram
#      Unit = 5.029144e-31 Msun
# (13) Total kinetic energy (physical). 
#      Unit = 1.000000e+07 erg
# (14) Total internal (thermal) energy of the gas (physical). 
#      Unit = 1.000000e+07 erg
# (15) Total potential energy (physical). 
#      Unit = 1.000000e+07 erg
# (16) Total radiated energy of the gas (physical). 
#      Unit = 1.000000e+07 erg
# (17) Total gas entropy (physical). 
#      Unit = 1.000000e+09 gram**(0.333) * cm**(4.000) * s**(-2.000)
# (18) Comoving centre of mass of the simulation (x coordinate). 
#      Unit = 1.000000e+02 cm
#      Unit = 3.240779e-17 pc
#      Unit = 3.240779e-23 Mpc
# (19) Comoving centre of mass of the simulation (y coordinate). 
#      Unit = 1.000000e+02 cm
#      Unit = 3.240779e-17 pc
#      Unit = 3.240779e-23 Mpc
# (20) Comoving centre of mass of the simulation (z coordinate). 
#      Unit = 1.000000e+02 cm
#      Unit = 3.240779e-17 pc
#      Unit = 3.240779e-23 Mpc
# (21) Comoving momentum of the simulation (x coordinate). 
#      Unit = 1.000000e+05 gram * cm * s**-1
# (22) Comoving momentum of the simulation (y coordinate). 
#      Unit = 1.000000e+05 gram * cm * s**-1
# (23) Comoving momentum of the simulation (z coordinate). 
#      Unit = 1.000000e+05 gram * cm * s**-1
# (24) Comoving angular momentum of the simulation (x coordinate). 
#      Unit = 1.000000e+07 gram * cm**2 * s**-1
# (25) Comoving angular momentum of the simulation (y coordinate). 
#      Unit = 1.000000e+07 gram * cm**2 * s**-1
# (26) Comoving angular momentum of the simulation (z coordinate). 
#      Unit = 1.000000e+07 gram * cm**2 * s**-1
# (27) Sum of instantaneous accretion rate of all black holes in the simulation. 
#      Unit = 1.000000e+03 gram * s**-1
#      Unit = 1.587043e-23 Msun/yr
# (28)  Total mass accreted by black holes in the simulation (not including mass accreted by progenitors that have merged in the current BHs). 
#      Unit = 1.000000e+03 gram
#      Unit = 5.029144e-31 Msun
# (29)  Total black hole subgrid mass in the simulation. 
#      Unit = 1.000000e+03 gram
#      Unit = 5.029144e-31 Msun
# (30) Total Hydrogen (all species) mass in the gas phase of the simulation. 
#      Unit = 1.000000e+03 gram
#      Unit = 5.029144e-31 Msun
# (31) Total Molecular Hydrogen mass in the gas phase of the simulation. 
#      Unit = 1.000000e+03 gram
#      Unit = 5.029144e-31 Msun
# (32) Total Atomic Hydrogen mass in the gas phase of the simulation. 
#      Unit = 1.000000e+03 gram
#      Unit = 5.029144e-31 Msun
# (33) Total Helium (all species) mass in the gas phase of the simulation. 
#      Unit = 1.000000e+03 gram
#      Unit = 5.029144e-31 Msun
# (34) Total Magnetic Energy B2/(2*mu0) in thesimulation. 
#      Unit = 1.000000e+07 erg
# (35) Total DivB error in thesimulation. 
#      Unit = dimensionless
# (36) Total Cross Helicity :: sum(V.B) in thesimulation. 
#      Unit = 1.000000e+06 gram * cm * s**-3 * A**-1 
# (37) Total Magnetic Helicity :: sum(A.B) in thesimulation. 
#      Unit = 1.000000e-08 gram**2 * cm * s**-4 * A**-2
# (38) Total bolometric luminosity of the BHs. 
#      Unit = 1.000000e+07 erg * s**-1
# (39) Total jet power of the BHs. 
#      Unit = 1.000000e+07 erg * s**-1
#
#           (0)            (1)            (2)            (3)            (4)            (5)            (6)            (7)            (8)            (9)           (10)           (11)           (12)           (13)           (14)           (15)           (16)           (17)           (18)           (19)           (20)           (21)           (22)           (23)           (24)           (25)           (26)           (27)           (28)           (29)           (30)           (31)           (32)           (33)           (34)            (35)            (36)            (37)           (38)            (39) 
#          Step           Time              a              z     Total mass       Gas mass        DM mass      Sink mass      Star mass        BH mass     Gas Z mass    Star Z mass      BH Z mass    Kin. Energy    Int. Energy    Pot. energy    Rad. energy    Gas Entropy          CoM x          CoM y          CoM z         Mom. x         Mom. y         Mom. z    Ang. mom. x    Ang. mom. y    Ang. mom. z   BH acc. rate   BH acc. mass   BH sub. mass     Gas H mass    Gas H2 mass    Gas HI mass    Gas He mass    Mag. Energy        DivB err    Cr. Helicity   Mag. Helicity   BH bol. lum.   BH jet power 
              0   0.000000e+00      1.0000000      0.0000000   3.996000e+30   0.000000e+00   3.996000e+30   0.000000e+00   0.000000e+00   0.000000e+00   0.000000e+00   0.000000e+00   0.000000e+00            inf   0.000000e+00  -3.492889e+38   0.000000e+00   0.000000e+00   7.853888e+12   7.405095e+12   7.479894e+12   1.184229e+21   3.996000e+34   0.000000e+00  -2.988966e+47   8.857939e+33   3.287862e+47   0.000000e+00   0.000000e+00   0.000000e+00   0.000000e+00   0.000000e+00   0.000000e+00   0.000000e+00   0.000000e+00   0.000000e+00   0.000000e+00   0.000000e+00   0.000000e+00   0.000000e+00
              5   8.640000e+04      1.0000000      0.0000000   3.996000e+30   0.000000e+00   3.996000e+30   0.000000e+00   0.000000e+00   0.000000e+00   0.000000e+00   0.000000e+00   0.000000e+00            inf   0.000000e+00  -3.493967e+38   0.000000e+00   0.000000e+00   7.853888e+12   7.405959e+12   7.479894e+12   2.442768e+22   3.996000e+34   0.000000e+00  -2.988965e+47   1.827159e+35   3.287862e+47   0.000000e+00   0.000000e+00   0.000000e+00   0.000000e+00   0.000000e+00   0.000000e+00   0.000000e+00   0.000000e+00   0.000000e+00   0.000000e+00   0.000000e+00   0.000000e+00   0.000000e+00
             11   1.728000e+05      1.0000000      0.0000000   3.996000e+30   0.000000e+00   3.996000e+30   0.000000e+00   0.000000e+00   0.000000e+00   0.000000e+00   0.000000e+00   0.000000e+00            inf   0.000000e+00  -3.495587e+38   0.000000e+00   0.000000e+00   7.853888e+12   7.406823e+12   7.479894e+12   4.991273e+22   3.996000e+34   0.000000e+00  -2.988965e+47   3.733422e+35   3.287862e+47   0.000000e+00   0.000000e+00   0.000000e+00   0.000000e+00   0.000000e+00   0.000000e+00   0.000000e+00   0.000000e+00   0.000000e+00   0.000000e+00   0.000000e+00   0.000000e+00   0.000000e+00
             17   2.592000e+05      1.0000000      0.0000000   3.996000e+30   0.000000e+00   3.996000e+30   0.000000e+00   0.000000e+00   0.000000e+00   0.000000e+00   0.000000e+00   0.000000e+00            inf   0.000000e+00  -3.497203e+38   0.000000e+00   0.000000e+00   7.853888e+12   7.407687e+12   7.479894e+12   7.544071e+22   3.996000e+34   0.000000e+00  -2.988965e+47   5.642875e+35   3.287862e+47   0.000000e+00   0.000000e+00   0.000000e+00   0.000000e+00   0.000000e+00   0.000000e+00   0.000000e+00   0.000000e+00   0.000000e+00   0.000000e+00   0.000000e+00   0.000000e+00   0.000000e+00
             23   3.456000e+05      1.0000000      0.0000000   3.996000e+30   0.000000e+00   3.996000e+30   0.000000e+00   0.000000e+00   0.000000e+00   0.000000e+00   0.000000e+00   0.000000e+00            inf   0.000000e+00  -3.498821e+38   0.000000e+00   0.000000e+00   7.853888e+12   7.408551e+12   7.479894e+12   1.010113e+23   3.996000e+34   0.000000e+00  -2.988965e+47   7.555547e+35   3.287862e+47   0.000000e+00   0.000000e+00   0.000000e+00   0.000000e+00   0.000000e+00   0.000000e+00   0.000000e+00   0.000000e+00   0.000000e+00   0.000000e+00   0.000000e+00   0.000000e+00   0.000000e+00
             28   4.320000e+05      1.0000000      0.0000000   3.996000e+30   0.000000e+00   3.996000e+30   0.000000e+00   0.000000e+00   0.000000e+00   0.000000e+00   0.000000e+00   0.000000e+00            inf   0.000000e+00  -3.500442e+38   0.000000e+00   0.000000e+00   7.853888e+12   7.409415e+12   7.479894e+12   1.266254e+23   3.996000e+34   0.000000e+00  -2.988965e+47   9.471461e+35   3.287862e+47   0.000000e+00   0.000000e+00   0.000000e+00   0.000000e+00   0.000000e+00   0.000000e+00   0.000000e+00   0.000000e+00   0.000000e+00   0.000000e+00   0.000000e+00   0.000000e+00   0.000000e+00
             34   5.184000e+05      1.0000000      0.0000000   3.996000e+30   0.000000e+00   3.996000e+30   0.000000e+00   0.000000e+00   0.000000e+00   0.000000e+00   0.000000e+00   0.000000e+00            inf   0.000000e+00  -3.502059e+38   0.000000e+00   0.000000e+00   7.853888e+12   7.410279e+12   7.479894e+12   1.522845e+23   3.996000e+34   0.000000e+00  -2.988966e+47   1.139074e+36   3.287862e+47   0.000000e+00   0.000000e+00   0.000000e+00   0.000000e+00   0.000000e+00   0.000000e+00   0.000000e+00   0.000000e+00   0.000000e+00   0.000000e+00   0.000000e+00   0.000000e+00   0.000000e+00
             40   6.048000e+05      1.0000000      0.0000000   3.996000e+30   0.000000e+00   3.996000e+30   0.000000e+00   0.000000e+00   0.000000e+00   0.000000e+00   0.000000e+00   0.000000e+00            inf   0.000000e+00  -3.503673e+38   0.000000e+00   0.000000e+00   7.853888e+12   7.411143e+12   7.479894e+12   1.779875e+23   3.996000e+34   0.000000e+00  -2.988965e+47   1.331333e+36   3.287862e+47   0.000000e+00   0.000000e+00   0.000000e+00   0.000000e+00   0.000000e+00   0.000000e+00   0.000000e+00   0.000000e+00   0.000000e+00   0.000000e+00   0.000000e+00   0.000000e+00   0.000000e+00
             46   6.912000e+05      1.0000000      0.0000000   3.996000e+30   0.000000e+00   3.996000e+30   0.000000e+00   0.000000e+00   0.000000e+00   0.000000e+00   0.000000e+00   0.000000e+00            inf   0.000000e+00  -3.505293e+38   0.000000e+00   0.000000e+00   7.853888e+12   7.412007e+12   7.479894e+12   2.037370e+23   3.996000e+34   0.000000e+00  -2.988965e+47   1.523926e+36   3.287862e+47   0.000000e+00   0.000000e+00   0.000000e+00   0.000000e+00   0.000000e+00   0.000000e+00   0.000000e+00   0.000000e+00   0.000000e+00   0.000000e+00   0.000000e+00   0.000000e+00   0.000000e+00
             51   7.776000e+05      1.0000000      0.0000000   3.996000e+30   0.000000e+00   3.996000e+30   0.000000e+00   0.000000e+00   0.000000e+00   0.000000e+00   0.000000e+00   0.000000e+00            inf   0.000000e+00  -3.506370e+38   0.000000e+00   0.000000e+00   7.853888e+12   7.412871e+12   7.479894e+12   2.295306e+23   3.996000e+34   0.000000e+00  -2.988966e+47   1.716862e+36   3.287862e+47   0.000000e+00   0.000000e+00   0.000000e+00   0.000000e+00   0.000000e+00   0.000000e+00   0.000000e+00   0.000000e+00   0.000000e+00   0.000000e+00   0.000000e+00   0.000000e+00   0.000000e+00
             57   8.640000e+05      1.0000000      0.0000000   3.996000e+30   0.000000e+00   3.996000e+30   0.000000e+00   0.000000e+00   0.000000e+00   0.000000e+00   0.000000e+00   0.000000e+00            inf   0.000000e+00  -3.507987e+38   0.000000e+00   0.000000e+00   7.853888e+12   7.413735e+12   7.479894e+12   2.553725e+23   3.996000e+34   0.000000e+00  -2.988966e+47   1.910151e+36   3.287862e+47   0.000000e+00   0.000000e+00   0.000000e+00   0.000000e+00   0.000000e+00   0.000000e+00   0.000000e+00   0.000000e+00   0.000000e+00   0.000000e+00   0.000000e+00   0.000000e+00   0.000000e+00
             63   9.504000e+05      1.0000000      0.0000000   3.996000e+30   0.000000e+00   3.996000e+30   0.000000e+00   0.000000e+00   0.000000e+00   0.000000e+00   0.000000e+00   0.000000e+00            inf   0.000000e+00  -3.509605e+38   0.000000e+00   0.000000e+00   7.853888e+12   7.414599e+12   7.479894e+12   2.812598e+23   3.996000e+34   0.000000e+00  -2.988965e+47   2.103794e+36   3.287862e+47   0.000000e+00   0.000000e+00   0.000000e+00   0.000000e+00   0.000000e+00   0.000000e+00   0.000000e+00   0.000000e+00   0.000000e+00   0.000000e+00   0.000000e+00   0.000000e+00   0.000000e+00
             69   1.036800e+06      1.0000000      0.0000000   3.996000e+30   0.000000e+00   3.996000e+30   0.000000e+00   0.000000e+00   0.000000e+00   0.000000e+00   0.000000e+00   0.000000e+00            inf   0.000000e+00  -3.511221e+38   0.000000e+00   0.000000e+00   7.853888e+12   7.415463e+12   7.479894e+12   3.071953e+23   3.996000e+34   0.000000e+00  -2.988965e+47   2.297790e+36   3.287862e+47   0.000000e+00   0.000000e+00   0.000000e+00   0.000000e+00   0.000000e+00   0.000000e+00   0.000000e+00   0.000000e+00   0.000000e+00   0.000000e+00   0.000000e+00   0.000000e+00   0.000000e+00
             74   1.123200e+06      1.0000000      0.0000000   3.996000e+30   0.000000e+00   3.996000e+30   0.000000e+00   0.000000e+00   0.000000e+00   0.000000e+00   0.000000e+00   0.000000e+00            inf   0.000000e+00  -3.512834e+38   0.000000e+00   0.000000e+00   7.853888e+12   7.416327e+12   7.479894e+12   3.331785e+23   3.996000e+34   0.000000e+00  -2.988965e+47   2.492142e+36   3.287862e+47   0.000000e+00   0.000000e+00   0.000000e+00   0.000000e+00   0.000000e+00   0.000000e+00   0.000000e+00   0.000000e+00   0.000000e+00   0.000000e+00   0.000000e+00   0.000000e+00   0.000000e+00
             80   1.209600e+06      1.0000000      0.0000000   3.996000e+30   0.000000e+00   3.996000e+30   0.000000e+00   0.000000e+00   0.000000e+00   0.000000e+00   0.000000e+00   0.000000e+00            inf   0.000000e+00  -3.514449e+38   0.000000e+00   0.000000e+00   7.853888e+12   7.417191e+12   7.479894e+12   3.592116e+23   3.995999e+34   0.000000e+00  -2.988965e+47   2.686853e+36   3.287862e+47   0.000000e+00   0.000000e+00   0.000000e+00   0.000000e+00   0.000000e+00   0.000000e+00   0.000000e+00   0.000000e+00   0.000000e+00   0.000000e+00   0.000000e+00   0.000000e+00   0.000000e+00
             86   1.296000e+06      1.0000000      0.0000000   3.996000e+30   0.000000e+00   3.996000e+30   0.000000e+00   0.000000e+00   0.000000e+00   0.000000e+00   0.000000e+00   0.000000e+00            inf   0.000000e+00  -3.516066e+38   0.000000e+00   0.000000e+00   7.853888e+12   7.418055e+12   7.479894e+12   3.852932e+23   3.996000e+34   0.000000e+00  -2.988965e+47   2.881957e+36   3.287862e+47   0.000000e+00   0.000000e+00   0.000000e+00   0.000000e+00   0.000000e+00   0.000000e+00   0.000000e+00   0.000000e+00   0.000000e+00   0.000000e+00   0.000000e+00   0.000000e+00   0.000000e+00
             92   1.382400e+06      1.0000000      0.0000000   3.996000e+30   0.000000e+00   3.996000e+30   0.000000e+00   0.000000e+00   0.000000e+00   0.000000e+00   0.000000e+00   0.000000e+00            inf   0.000000e+00  -3.517679e+38   0.000000e+00   0.000000e+00   7.853888e+12   7.418919e+12   7.479894e+12   4.114244e+23   3.996000e+34   0.000000e+00  -2.988965e+47   3.077416e+36   3.287862e+47   0.000000e+00   0.000000e+00   0.000000e+00   0.000000e+00   0.000000e+00   0.000000e+00   0.000000e+00   0.000000e+00   0.000000e+00   0.000000e+00   0.000000e+00   0.000000e+00   0.000000e+00
             97   1.468800e+06      1.0000000      0.0000000   3.996000e+30   0.000000e+00   3.996000e+30   0.000000e+00   0.000000e+00   0.000000e+00   0.000000e+00   0.000000e+00   0.000000e+00            inf   0.000000e+00  -3.518757e+38   0.000000e+00   0.000000e+00   7.853888e+12   7.419783e+12   7.479894e+12   4.376063e+23   3.996000e+34   0.000000e+00  -2.988965e+47   3.273251e+36   3.287862e+47   0.000000e+00   0.000000e+00   0.000000e+00   0.000000e+00   0.000000e+00   0.000000e+00   0.000000e+00   0.000000e+00   0.000000e+00   0.000000e+00   0.000000e+00   0.000000e+00   0.000000e+00
            103   1.555200e+06      1.0000000      0.0000000   3.996000e+30   0.000000e+00   3.996000e+30   0.000000e+00   0.000000e+00   0.000000e+00   0.000000e+00   0.000000e+00   0.000000e+00            inf   0.000000e+00  -3.520370e+38   0.000000e+00   0.000000e+00   7.853888e+12   7.420647e+12   7.479894e+12   4.638403e+23   3.996000e+34   0.000000e+00  -2.988966e+47   3.469473e+36   3.287862e+47   0.000000e+00   0.000000e+00   0.000000e+00   0.000000e+00   0.000000e+00   0.000000e+00   0.000000e+00   0.000000e+00   0.000000e+00   0.000000e+00   0.000000e+00   0.000000e+00   0.000000e+00
            109   1.641600e+06      1.0000000      0.0000000   3.996000e+30   0.000000e+00   3.996000e+30   0.000000e+00   0.000000e+00   0.000000e+00   0.000000e+00   0.000000e+00   0.000000e+00            inf   0.000000e+00  -3.521984e+38   0.000000e+00   0.000000e+00   7.853888e+12   7.421511e+12   7.479894e+12   4.901244e+23   3.996000e+34   0.000000e+00  -2.988966e+47   3.666084e+36   3.287862e+47   0.000000e+00   0.000000e+00   0.000000e+00   0.000000e+00   0.000000e+00   0.000000e+00   0.000000e+00   0.000000e+00   0.000000e+00   0.000000e+00   0.000000e+00   0.000000e+00   0.000000e+00
            115   1.728000e+06      1.0000000      0.0000000   3.996000e+30   0.000000e+00   3.996000e+30   0.000000e+00   0.000000e+00   0.000000e+00   0.000000e+00   0.000000e+00   0.000000e+00            inf   0.000000e+00  -3.523596e+38   0.000000e+00   0.000000e+00   7.853888e+12   7.422375e+12   7.479894e+12   5.164639e+23   3.996000e+34   0.000000e+00  -2.988966e+47   3.863079e+36   3.287862e+47   0.000000e+00   0.000000e+00   0.000000e+00   0.000000e+00   0.000000e+00   0.000000e+00   0.000000e+00   0.000000e+00   0.000000e+00   0.000000e+00   0.000000e+00   0.000000e+00   0.000000e+00
            120   1.814400e+06      1.0000000      0.0000000   3.996000e+30   0.000000e+00   3.996000e+30   0.000000e+00   0.000000e+00   0.000000e+00   0.000000e+00   0.000000e+00   0.000000e+00            inf   0.000000e+00  -3.525209e+38   0.000000e+00   0.000000e+00   7.853888e+12   7.423239e+12   7.479894e+12   5.428525e+23   3.996000e+34   0.000000e+00  -2.988965e+47   4.060483e+36   3.287862e+47   0.000000e+00   0.000000e+00   0.000000e+00   0.000000e+00   0.000000e+00   0.000000e+00   0.000000e+00   0.000000e+00   0.000000e+00   0.000000e+00   0.000000e+00   0.000000e+00   0.000000e+00
            126   1.900800e+06      1.0000000      0.0000000   3.996000e+30   0.000000e+00   3.996000e+30   0.000000e+00   0.000000e+00   0.000000e+00   0.000000e+00   0.000000e+00   0.000000e+00            inf   0.000000e+00  -3.526819e+38   0.000000e+00   0.000000e+00   7.853888e+12   7.424103e+12   7.479894e+12   5.692965e+23   3.996000e+34   0.000000e+00  -2.988965e+47   4.258274e+36   3.287862e+47   0.000000e+00   0.000000e+00   0.000000e+00   0.000000e+00   0.000000e+00   0.000000e+00   0.000000e+00   0.000000e+00   0.000000e+00   0.000000e+00   0.000000e+00   0.000000e+00   0.000000e+00
            132   1.987200e+06      1.0000000      0.0000000   3.996000e+30   0.000000e+00   3.996000e+30   0.000000e+00   0.000000e+00   0.000000e+00   0.000000e+00   0.000000e+00   0.000000e+00            inf   0.000000e+00  -3.528431e+38   0.000000e+00   0.000000e+00   7.853888e+12   7.424967e+12   7.479894e+12   5.957961e+23   3.996000e+34   0.000000e+00  -2.988965e+47   4.456490e+36   3.287862e+47   0.000000e+00   0.000000e+00   0.000000e+00   0.000000e+00   0.000000e+00   0.000000e+00   0.000000e+00   0.000000e+00   0.000000e+00   0.000000e+00   0.000000e+00   0.000000e+00   0.000000e+00
            138   2.073600e+06      1.0000000      0.0000000   3.996000e+30   0.000000e+00   3.996000e+30   0.000000e+00   0.000000e+00   0.000000e+00   0.000000e+00   0.000000e+00   0.000000e+00            inf   0.000000e+00  -3.530045e+38   0.000000e+00   0.000000e+00   7.853888e+12   7.425831e+12   7.479894e+12   6.223481e+23   3.996000e+34   0.000000e+00  -2.988966e+47   4.655095e+36   3.287862e+47   0.000000e+00   0.000000e+00   0.000000e+00   0.000000e+00   0.000000e+00   0.000000e+00   0.000000e+00   0.000000e+00   0.000000e+00   0.000000e+00   0.000000e+00   0.000000e+00   0.000000e+00
            143   2.160000e+06      1.0000000      0.0000000   3.996000e+30   0.000000e+00   3.996000e+30   0.000000e+00   0.000000e+00   0.000000e+00   0.000000e+00   0.000000e+00   0.000000e+00            inf   0.000000e+00  -3.531118e+38   0.000000e+00   0.000000e+00   7.853888e+12   7.426695e+12   7.479894e+12   6.489571e+23   3.996001e+34   0.000000e+00  -2.988966e+47   4.854114e+36   3.287862e+47   0.000000e+00   0.000000e+00   0.000000e+00   0.000000e+00   0.000000e+00   0.000000e+00   0.000000e+00   0.000000e+00   0.000000e+00   0.000000e+00   0.000000e+00   0.000000e+00   0.000000e+00
            149   2.246400e+06      1.0000000      0.0000000   3.996000e+30   0.000000e+00   3.996000e+30   0.000000e+00   0.000000e+00   0.000000e+00   0.000000e+00   0.000000e+00   0.000000e+00            inf   0.000000e+00  -3.532725e+38   0.000000e+00   0.000000e+00   7.853888e+12   7.427559e+12   7.479894e+12   6.756210e+23   3.996001e+34   0.000000e+00  -2.988966e+47   5.053579e+36   3.287862e+47   0.000000e+00   0.000000e+00   0.000000e+00   0.000000e+00   0.000000e+00   0.000000e+00   0.000000e+00   0.000000e+00   0.000000e+00   0.000000e+00   0.000000e+00   0.000000e+00   0.000000e+00
            155   2.332800e+06      1.0000000      0.0000000   3.996000e+30   0.000000e+00   3.996000e+30   0.000000e+00   0.000000e+00   0.000000e+00   0.000000e+00   0.000000e+00   0.000000e+00            inf   0.000000e+00  -3.534334e+38   0.000000e+00   0.000000e+00   7.853888e+12   7.428423e+12   7.479894e+12   7.023448e+23   3.996001e+34   0.000000e+00  -2.988966e+47   5.253453e+36   3.287863e+47   0.000000e+00   0.000000e+00   0.000000e+00   0.000000e+00   0.000000e+00   0.000000e+00   0.000000e+00   0.000000e+00   0.000000e+00   0.000000e+00   0.000000e+00   0.000000e+00   0.000000e+00
            161   2.419200e+06      1.0000000      0.0000000   3.996000e+30   0.000000e+00   3.996000e+30   0.000000e+00   0.000000e+00   0.000000e+00   0.000000e+00   0.000000e+00   0.000000e+00            inf   0.000000e+00  -3.535944e+38   0.000000e+00   0.000000e+00   7.853888e+12   7.429287e+12   7.479894e+12   7.291261e+23   3.996001e+34   0.000000e+00  -2.988966e+47   5.453770e+36   3.287863e+47   0.000000e+00   0.000000e+00   0.000000e+00   0.000000e+00   0.000000e+00   0.000000e+00   0.000000e+00   0.000000e+00   0.000000e+00   0.000000e+00   0.000000e+00   0.000000e+00   0.000000e+00
            166   2.505600e+06      1.0000000      0.0000000   3.996000e+30   0.000000e+00   3.996000e+30   0.000000e+00   0.000000e+00   0.000000e+00   0.000000e+00   0.000000e+00   0.000000e+00            inf   0.000000e+00  -3.537554e+38   0.000000e+00   0.000000e+00   7.853888e+12   7.430151e+12   7.479894e+12   7.559630e+23   3.996001e+34   0.000000e+00  -2.988966e+47   5.654518e+36   3.287863e+47   0.000000e+00   0.000000e+00   0.000000e+00   0.000000e+00   0.000000e+00   0.000000e+00   0.000000e+00   0.000000e+00   0.000000e+00   0.000000e+00   0.000000e+00   0.000000e+00   0.000000e+00
            172   2.592000e+06      1.0000000      0.0000000   3.996000e+30   0.000000e+00   3.996000e+30   0.000000e+00   0.000000e+00   0.000000e+00   0.000000e+00   0.000000e+00   0.000000e+00            inf   0.000000e+00  -3.539160e+38   0.000000e+00   0.000000e+00   7.853888e+12   7.431015e+12   7.479894e+12   7.828605e+23   3.996001e+34   0.000000e+00  -2.988966e+47   5.855712e+36   3.287863e+47   0.000000e+00   0.000000e+00   0.000000e+00   0.000000e+00   0.000000e+00   0.000000e+00   0.000000e+00   0.000000e+00   0.000000e+00   0.000000e+00   0.000000e+00   0.000000e+00   0.000000e+00
            178   2.678400e+06      1.0000000      0.0000000   3.996000e+30   0.000000e+00   3.996000e+30   0.000000e+00   0.000000e+00   0.000000e+00   0.000000e+00   0.000000e+00   0.000000e+00            inf   0.000000e+00  -3.540768e+38   0.000000e+00   0.000000e+00   7.853888e+12   7.431879e+12   7.479894e+12   8.098175e+23   3.996000e+34   0.000000e+00  -2.988966e+47   6.057360e+36   3.287862e+47   0.000000e+00   0.000000e+00   0.000000e+00   0.000000e+00   0.000000e+00   0.000000e+00   0.000000e+00   0.000000e+00   0.000000e+00   0.000000e+00   0.000000e+00   0.000000e+00   0.000000e+00
            184   2.764800e+06      1.0000000      0.0000000   3.996000e+30   0.000000e+00   3.996000e+30   0.000000e+00   0.000000e+00   0.000000e+00   0.000000e+00   0.000000e+00   0.000000e+00            inf   0.000000e+00  -3.542374e+38   0.000000e+00   0.000000e+00   7.853888e+12   7.432743e+12   7.479894e+12   8.368343e+23   3.996001e+34   0.000000e+00  -2.988966e+47   6.259452e+36   3.287863e+47   0.000000e+00   0.000000e+00   0.000000e+00   0.000000e+00   0.000000e+00   0.000000e+00   0.000000e+00   0.000000e+00   0.000000e+00   0.000000e+00   0.000000e+00   0.000000e+00   0.000000e+00
            189   2.851200e+06      1.0000000      0.0000000   3.996000e+30   0.000000e+00   3.996000e+30   0.000000e+00   0.000000e+00   0.000000e+00   0.000000e+00   0.000000e+00   0.000000e+00            inf   0.000000e+00  -3.543447e+38   0.000000e+00   0.000000e+00   7.853888e+12   7.433607e+12   7.479894e+12   8.639142e+23   3.996000e+34   0.000000e+00  -2.988966e+47   6.461987e+36   3.287862e+47   0.000000e+00   0.000000e+00   0.000000e+00   0.000000e+00   0.000000e+00   0.000000e+00   0.000000e+00   0.000000e+00   0.000000e+00   0.000000e+00   0.000000e+00   0.000000e+00   0.000000e+00
            195   2.937600e+06      1.0000000      0.0000000   3.996000e+30   0.000000e+00   3.996000e+30   0.000000e+00   0.000000e+00   0.000000e+00   0.000000e+00   0.000000e+00   0.000000e+00            inf   0.000000e+00  -3.545051e+38   0.000000e+00   0.000000e+00   7.853888e+12   7.434471e+12   7.479894e+12   8.910576e+23   3.996001e+34   0.000000e+00  -2.988966e+47   6.664995e+36   3.287863e+47   0.000000e+00   0.000000e+00   0.000000e+00   0.000000e+00   0.000000e+00   0.000000e+00   0.000000e+00   0.000000e+00   0.000000e+00   0.000000e+00   0.000000e+00   0.000000e+00   0.000000e+00
            201   3.024000e+06      1.0000000      0.0000000   3.996000e+30   0.000000e+00   3.996000e+30   0.000000e+00   0.000000e+00   0.000000e+00   0.000000e+00   0.000000e+00   0.000000e+00            inf   0.000000e+00  -3.546656e+38   0.000000e+00   0.000000e+00   7.853888e+12   7.435335e+12   7.479894e+12   9.182599e+23   3.996001e+34   0.000000e+00  -2.988966e+47   6.868491e+36   3.287863e+47   0.000000e+00   0.000000e+00   0.000000e+00   0.000000e+00   0.000000e+00   0.000000e+00   0.000000e+00   0.000000e+00   0.000000e+00   0.000000e+00   0.000000e+00   0.000000e+00   0.000000e+00
            207   3.110400e+06      1.0000000      0.0000000   3.996000e+30   0.000000e+00   3.996000e+30   0.000000e+00   0.000000e+00   0.000000e+00   0.000000e+00   0.000000e+00   0.000000e+00            inf   0.000000e+00  -3.548259e+38   0.000000e+00   0.000000e+00   7.853888e+12   7.436199e+12   7.479894e+12   9.455257e+23   3.996001e+34   0.000000e+00  -2.988966e+47   7.072456e+36   3.287863e+47   0.000000e+00   0.000000e+00   0.000000e+00   0.000000e+00   0.000000e+00   0.000000e+00   0.000000e+00   0.000000e+00   0.000000e+00   0.000000e+00   0.000000e+00   0.000000e+00   0.000000e+00
            212   3.196800e+06      1.0000000      0.0000000   3.996000e+30   0.000000e+00   3.996000e+30   0.000000e+00   0.000000e+00   0.000000e+00   0.000000e+00   0.000000e+00   0.000000e+00            inf   0.000000e+00  -3.549864e+38   0.000000e+00   0.000000e+00   7.853888e+12   7.437063e+12   7.479894e+12   9.728604e+23   3.996000e+34   0.000000e+00  -2.988966e+47   7.276897e+36   3.287862e+47   0.000000e+00   0.000000e+00   0.000000e+00   0.000000e+00   0.000000e+00   0.000000e+00   0.000000e+00   0.000000e+00   0.000000e+00   0.000000e+00   0.000000e+00   0.000000e+00   0.000000e+00
            218   3.283200e+06      1.0000000      0.0000000   3.996000e+30   0.000000e+00   3.996000e+30   0.000000e+00   0.000000e+00   0.000000e+00   0.000000e+00   0.000000e+00   0.000000e+00            inf   0.000000e+00  -3.551465e+38   0.000000e+00   0.000000e+00   7.853888e+12   7.437927e+12   7.479894e+12   1.000258e+24   3.996000e+34   0.000000e+00  -2.988966e+47   7.481806e+36   3.287862e+47   0.000000e+00   0.000000e+00   0.000000e+00   0.000000e+00   0.000000e+00   0.000000e+00   0.000000e+00   0.000000e+00   0.000000e+00   0.000000e+00   0.000000e+00   0.000000e+00   0.000000e+00
            224   3.369600e+06      1.0000000      0.0000000   3.996000e+30   0.000000e+00   3.996000e+30   0.000000e+00   0.000000e+00   0.000000e+00   0.000000e+00   0.000000e+00   0.000000e+00            inf   0.000000e+00  -3.553069e+38   0.000000e+00   0.000000e+00   7.853888e+12   7.438791e+12   7.479894e+12   1.027724e+24   3.996001e+34   0.000000e+00  -2.988966e+47   7.687250e+36   3.287863e+47   0.000000e+00   0.000000e+00   0.000000e+00   0.000000e+00   0.000000e+00   0.000000e+00   0.000000e+00   0.000000e+00   0.000000e+00   0.000000e+00   0.000000e+00   0.000000e+00   0.000000e+00
            230   3.456000e+06      1.0000000      0.0000000   3.996000e+30   0.000000e+00   3.996000e+30   0.000000e+00   0.000000e+00   0.000000e+00   0.000000e+00   0.000000e+00   0.000000e+00            inf   0.000000e+00  -3.554671e+38   0.000000e+00   0.000000e+00   7.853888e+12   7.439655e+12   7.479894e+12   1.055250e+24   3.996001e+34   0.000000e+00  -2.988966e+47   7.893183e+36   3.287863e+47   0.000000e+00   0.000000e+00   0.000000e+00   0.000000e+00   0.000000e+00   0.000000e+00   0.000000e+00   0.000000e+00   0.000000e+00   0.000000e+00   0.000000e+00   0.000000e+00   0.000000e+00
            235   3.542400e+06      1.0000000      0.0000000   3.996000e+30   0.000000e+00   3.996000e+30   0.000000e+00   0.000000e+00   0.000000e+00   0.000000e+00   0.000000e+00   0.000000e+00            inf   0.000000e+00  -3.555738e+38   0.000000e+00   0.000000e+00   7.853888e+12   7.440519e+12   7.479894e+12   1.082851e+24   3.996001e+34   0.000000e+00  -2.988966e+47   8.099616e+36   3.287863e+47   0.000000e+00   0.000000e+00   0.000000e+00   0.000000e+00   0.000000e+00   0.000000e+00   0.000000e+00   0.000000e+00   0.000000e+00   0.000000e+00   0.000000e+00   0.000000e+00   0.000000e+00
            241   3.628800e+06      1.0000000      0.0000000   3.996000e+30   0.000000e+00   3.996000e+30   0.000000e+00   0.000000e+00   0.000000e+00   0.000000e+00   0.000000e+00   0.000000e+00            inf   0.000000e+00  -3.557337e+38   0.000000e+00   0.000000e+00   7.853888e+12   7.441383e+12   7.479894e+12   1.110514e+24   3.996001e+34   0.000000e+00  -2.988966e+47   8.306543e+36   3.287863e+47   0.000000e+00   0.000000e+00   0.000000e+00   0.000000e+00   0.000000e+00   0.000000e+00   0.000000e+00   0.000000e+00   0.000000e+00   0.000000e+00   0.000000e+00   0.000000e+00   0.000000e+00
            247   3.715200e+06      1.0000000      0.0000000   3.996000e+30   0.000000e+00   3.996000e+30   0.000000e+00   0.000000e+00   0.000000e+00   0.000000e+00   0.000000e+00   0.000000e+00            inf   0.000000e+00  -3.558937e+38   0.000000e+00   0.000000e+00   7.853888e+12   7.442247e+12   7.479894e+12   1.138253e+24   3.996002e+34   0.000000e+00  -2.988967e+47   8.514021e+36   3.287863e+47   0.000000e+00   0.000000e+00   0.000000e+00   0.000000e+00   0.000000e+00   0.000000e+00   0.000000e+00   0.000000e+00   0.000000e+00   0.000000e+00   0.000000e+00   0.000000e+00   0.000000e+00
            253   3.801600e+06      1.0000000      0.0000000   3.996000e+30   0.000000e+00   3.996000e+30   0.000000e+00   0.000000e+00   0.000000e+00   0.000000e+00   0.000000e+00   0.000000e+00            inf   0.000000e+00  -3.560538e+38   0.000000e+00   0.000000e+00   7.853888e+12   7.443111e+12   7.479894e+12   1.166057e+24   3.996002e+34   0.000000e+00  -2.988967e+47   8.721988e+36   3.287863e+47   0.000000e+00   0.000000e+00   0.000000e+00   0.000000e+00   0.000000e+00   0.000000e+00   0.000000e+00   0.000000e+00   0.000000e+00   0.000000e+00   0.000000e+00   0.000000e+00   0.000000e+00
            258   3.888000e+06      1.0000000      0.0000000   3.996000e+30   0.000000e+00   3.996000e+30   0.000000e+00   0.000000e+00   0.000000e+00   0.000000e+00   0.000000e+00   0.000000e+00            inf   0.000000e+00  -3.562134e+38   0.000000e+00   0.000000e+00   7.853888e+12   7.443975e+12   7.479894e+12   1.193937e+24   3.996002e+34   0.000000e+00  -2.988967e+47   8.930513e+36   3.287863e+47   0.000000e+00   0.000000e+00   0.000000e+00   0.000000e+00   0.000000e+00   0.000000e+00   0.000000e+00   0.000000e+00   0.000000e+00   0.000000e+00   0.000000e+00   0.000000e+00   0.000000e+00
            264   3.974400e+06      1.0000000      0.0000000   3.996000e+30   0.000000e+00   3.996000e+30   0.000000e+00   0.000000e+00   0.000000e+00   0.000000e+00   0.000000e+00   0.000000e+00            inf   0.000000e+00  -3.563732e+38   0.000000e+00   0.000000e+00   7.853888e+12   7.444839e+12   7.479894e+12   1.221886e+24   3.996001e+34   0.000000e+00  -2.988966e+47   9.139595e+36   3.287863e+47   0.000000e+00   0.000000e+00   0.000000e+00   0.000000e+00   0.000000e+00   0.000000e+00   0.000000e+00   0.000000e+00   0.000000e+00   0.000000e+00   0.000000e+00   0.000000e+00   0.000000e+00
            270   4.060800e+06      1.0000000      0.0000000   3.996000e+30   0.000000e+00   3.996000e+30   0.000000e+00   0.000000e+00   0.000000e+00   0.000000e+00   0.000000e+00   0.000000e+00            inf   0.000000e+00  -3.565326e+38   0.000000e+00   0.000000e+00   7.853888e+12   7.445703e+12   7.479894e+12   1.249910e+24   3.996002e+34   0.000000e+00  -2.988967e+47   9.349217e+36   3.287863e+47   0.000000e+00   0.000000e+00   0.000000e+00   0.000000e+00   0.000000e+00   0.000000e+00   0.000000e+00   0.000000e+00   0.000000e+00   0.000000e+00   0.000000e+00   0.000000e+00   0.000000e+00
            276   4.147200e+06      1.0000000      0.0000000   3.996000e+30   0.000000e+00   3.996000e+30   0.000000e+00   0.000000e+00   0.000000e+00   0.000000e+00   0.000000e+00   0.000000e+00            inf   0.000000e+00  -3.566922e+38   0.000000e+00   0.000000e+00   7.853888e+12   7.446567e+12   7.479894e+12   1.278006e+24   3.996002e+34   0.000000e+00  -2.988967e+47   9.559334e+36   3.287863e+47   0.000000e+00   0.000000e+00   0.000000e+00   0.000000e+00   0.000000e+00   0.000000e+00   0.000000e+00   0.000000e+00   0.000000e+00   0.000000e+00   0.000000e+00   0.000000e+00   0.000000e+00
            281   4.233600e+06      1.0000000      0.0000000   3.996000e+30   0.000000e+00   3.996000e+30   0.000000e+00   0.000000e+00   0.000000e+00   0.000000e+00   0.000000e+00   0.000000e+00            inf   0.000000e+00  -3.567984e+38   0.000000e+00   0.000000e+00   7.853888e+12   7.447431e+12   7.479894e+12   1.306179e+24   3.996002e+34   0.000000e+00  -2.988967e+47   9.770071e+36   3.287864e+47   0.000000e+00   0.000000e+00   0.000000e+00   0.000000e+00   0.000000e+00   0.000000e+00   0.000000e+00   0.000000e+00   0.000000e+00   0.000000e+00   0.000000e+00   0.000000e+00   0.000000e+00
            287   4.320000e+06      1.0000000      0.0000000   3.996000e+30   0.000000e+00   3.996000e+30   0.000000e+00   0.000000e+00   0.000000e+00   0.000000e+00   0.000000e+00   0.000000e+00            inf   0.000000e+00  -3.569580e+38   0.000000e+00   0.000000e+00   7.853888e+12   7.448295e+12   7.479894e+12   1.334427e+24   3.996002e+34   0.000000e+00  -2.988967e+47   9.981373e+36   3.287864e+47   0.000000e+00   0.000000e+00   0.000000e+00   0.000000e+00   0.000000e+00   0.000000e+00   0.000000e+00   0.000000e+00   0.000000e+00   0.000000e+00   0.000000e+00   0.000000e+00   0.000000e+00
            293   4.406400e+06      1.0000000      0.0000000   3.996000e+30   0.000000e+00   3.996000e+30   0.000000e+00   0.000000e+00   0.000000e+00   0.000000e+00   0.000000e+00   0.000000e+00            inf   0.000000e+00  -3.571173e+38   0.000000e+00   0.000000e+00   7.853888e+12   7.449159e+12   7.479894e+12   1.362751e+24   3.996002e+34   0.000000e+00  -2.988967e+47   1.019325e+37   3.287863e+47   0.000000e+00   0.000000e+00   0.000000e+00   0.000000e+00   0.000000e+00   0.000000e+00   0.000000e+00   0.000000e+00   0.000000e+00   0.000000e+00   0.000000e+00   0.000000e+00   0.000000e+00
            299   4.492800e+06      1.0000000      0.0000000   3.996000e+30   0.000000e+00   3.996000e+30   0.000000e+00   0.000000e+00   0.000000e+00   0.000000e+00   0.000000e+00   0.000000e+00            inf   0.000000e+00  -3.572766e+38   0.000000e+00   0.000000e+00   7.853888e+12   7.450023e+12   7.479894e+12   1.391155e+24   3.996002e+34   0.000000e+00  -2.988967e+47   1.040569e+37   3.287864e+47   0.000000e+00   0.000000e+00   0.000000e+00   0.000000e+00   0.000000e+00   0.000000e+00   0.000000e+00   0.000000e+00   0.000000e+00   0.000000e+00   0.000000e+00   0.000000e+00   0.000000e+00
            304   4.579200e+06      1.0000000      0.0000000   3.996000e+30   0.000000e+00   3.996000e+30   0.000000e+00   0.000000e+00   0.000000e+00   0.000000e+00   0.000000e+00   0.000000e+00            inf   0.000000e+00  -3.574354e+38   0.000000e+00   0.000000e+00   7.853888e+12   7.450887e+12   7.479894e+12   1.419637e+24   3.996002e+34   0.000000e+00  -2.988967e+47   1.061875e+37   3.287863e+47   0.000000e+00   0.000000e+00   0.000000e+00   0.000000e+00   0.000000e+00   0.000000e+00   0.000000e+00   0.000000e+00   0.000000e+00   0.000000e+00   0.000000e+00   0.000000e+00   0.000000e+00
            310   4.665600e+06      1.0000000      0.0000000   3.996000e+30   0.000000e+00   3.996000e+30   0.000000e+00   0.000000e+00   0.000000e+00   0.000000e+00   0.000000e+00   0.000000e+00            inf   0.000000e+00  -3.575943e+38   0.000000e+00   0.000000e+00   7.853888e+12   7.451751e+12   7.479894e+12   1.448202e+24   3.996001e+34   0.000000e+00  -2.988966e+47   1.083236e+37   3.287863e+47   0.000000e+00   0.000000e+00   0.000000e+00   0.000000e+00   0.000000e+00   0.000000e+00   0.000000e+00   0.000000e+00   0.000000e+00   0.000000e+00   0.000000e+00   0.000000e+00   0.000000e+00
            316   4.752000e+06      1.0000000      0.0000000   3.996000e+30   0.000000e+00   3.996000e+30   0.000000e+00   0.000000e+00   0.000000e+00   0.000000e+00   0.000000e+00   0.000000e+00            inf   0.000000e+00  -3.577533e+38   0.000000e+00   0.000000e+00   7.853888e+12   7.452615e+12   7.479894e+12   1.476844e+24   3.996002e+34   0.000000e+00  -2.988967e+47   1.104663e+37   3.287863e+47   0.000000e+00   0.000000e+00   0.000000e+00   0.000000e+00   0.000000e+00   0.000000e+00   0.000000e+00   0.000000e+00   0.000000e+00   0.000000e+00   0.000000e+00   0.000000e+00   0.000000e+00
            322   4.838400e+06      1.0000000      0.0000000   3.996000e+30   0.000000e+00   3.996000e+30   0.000000e+00   0.000000e+00   0.000000e+00   0.000000e+00   0.000000e+00   0.000000e+00            inf   0.000000e+00  -3.579123e+38   0.000000e+00   0.000000e+00   7.853888e+12   7.453479e+12   7.479894e+12   1.505568e+24   3.996001e+34   0.000000e+00  -2.988967e+47   1.126149e+37   3.287863e+47   0.000000e+00   0.000000e+00   0.000000e+00   0.000000e+00   0.000000e+00   0.000000e+00   0.000000e+00   0.000000e+00   0.000000e+00   0.000000e+00   0.000000e+00   0.000000e+00   0.000000e+00
            327   4.924800e+06      1.0000000      0.0000000   3.996000e+30   0.000000e+00   3.996000e+30   0.000000e+00   0.000000e+00   0.000000e+00   0.000000e+00   0.000000e+00   0.000000e+00            inf   0.000000e+00  -3.580183e+38   0.000000e+00   0.000000e+00   7.853888e+12   7.454343e+12   7.479894e+12   1.534377e+24   3.996001e+34   0.000000e+00  -2.988966e+47   1.147698e+37   3.287863e+47   0.000000e+00   0.000000e+00   0.000000e+00   0.000000e+00   0.000000e+00   0.000000e+00   0.000000e+00   0.000000e+00   0.000000e+00   0.000000e+00   0.000000e+00   0.000000e+00   0.000000e+00
            333   5.011200e+06      1.0000000      0.0000000   3.996000e+30   0.000000e+00   3.996000e+30   0.000000e+00   0.000000e+00   0.000000e+00   0.000000e+00   0.000000e+00   0.000000e+00            inf   0.000000e+00  -3.581770e+38   0.000000e+00   0.000000e+00   7.853888e+12   7.455207e+12   7.479894e+12   1.563272e+24   3.996001e+34   0.000000e+00  -2.988966e+47   1.169312e+37   3.287863e+47   0.000000e+00   0.000000e+00   0.000000e+00   0.000000e+00   0.000000e+00   0.000000e+00   0.000000e+00   0.000000e+00   0.000000e+00   0.000000e+00   0.000000e+00   0.000000e+00   0.000000e+00
            339   5.097600e+06      1.0000000      0.0000000   3.996000e+30   0.000000e+00   3.996000e+30   0.000000e+00   0.000000e+00   0.000000e+00   0.000000e+00   0.000000e+00   0.000000e+00            inf   0.000000e+00  -3.583353e+38   0.000000e+00   0.000000e+00   7.853888e+12   7.456071e+12   7.479894e+12   1.592251e+24   3.996002e+34   0.000000e+00  -2.988967e+47   1.190986e+37   3.287863e+47   0.000000e+00   0.000000e+00   0.000000e+00   0.000000e+00   0.000000e+00   0.000000e+00   0.000000e+00   0.000000e+00   0.000000e+00   0.000000e+00   0.000000e+00   0.000000e+00   0.000000e+00
            345   5.184000e+06      1.0000000      0.0000000   3.996000e+30   0.000000e+00   3.996000e+30   0.000000e+00   0.000000e+00   0.000000e+00   0.000000e+00   0.000000e+00   0.000000e+00            inf   0.000000e+00  -3.584938e+38   0.000000e+00   0.000000e+00   7.853888e+12   7.456935e+12   7.479894e+12   1.621318e+24   3.996002e+34   0.000000e+00  -2.988967e+47   1.212728e+37   3.287863e+47   0.000000e+00   0.000000e+00   0.000000e+00   0.000000e+00   0.000000e+00   0.000000e+00   0.000000e+00   0.000000e+00   0.000000e+00   0.000000e+00   0.000000e+00   0.000000e+00   0.000000e+00
            350   5.270400e+06      1.0000000      0.0000000   3.996000e+30   0.000000e+00   3.996000e+30   0.000000e+00   0.000000e+00   0.000000e+00   0.000000e+00   0.000000e+00   0.000000e+00            inf   0.000000e+00  -3.586522e+38   0.000000e+00   0.000000e+00   7.853888e+12   7.457799e+12   7.479894e+12   1.650473e+24   3.996002e+34   0.000000e+00  -2.988967e+47   1.234536e+37   3.287864e+47   0.000000e+00   0.000000e+00   0.000000e+00   0.000000e+00   0.000000e+00   0.000000e+00   0.000000e+00   0.000000e+00   0.000000e+00   0.000000e+00   0.000000e+00   0.000000e+00   0.000000e+00
            356   5.356800e+06      1.0000000      0.0000000   3.996000e+30   0.000000e+00   3.996000e+30   0.000000e+00   0.000000e+00   0.000000e+00   0.000000e+00   0.000000e+00   0.000000e+00            inf   0.000000e+00  -3.588103e+38   0.000000e+00   0.000000e+00   7.853888e+12   7.458663e+12   7.479894e+12   1.679720e+24   3.996001e+34   0.000000e+00  -2.988967e+47   1.256410e+37   3.287863e+47   0.000000e+00   0.000000e+00   0.000000e+00   0.000000e+00   0.000000e+00   0.000000e+00   0.000000e+00   0.000000e+00   0.000000e+00   0.000000e+00   0.000000e+00   0.000000e+00   0.000000e+00
            362   5.443200e+06      1.0000000      0.0000000   3.996000e+30   0.000000e+00   3.996000e+30   0.000000e+00   0.000000e+00   0.000000e+00   0.000000e+00   0.000000e+00   0.000000e+00            inf   0.000000e+00  -3.589687e+38   0.000000e+00   0.000000e+00   7.853888e+12   7.459527e+12   7.479894e+12   1.709053e+24   3.996002e+34   0.000000e+00  -2.988967e+47   1.278354e+37   3.287864e+47   0.000000e+00   0.000000e+00   0.000000e+00   0.000000e+00   0.000000e+00   0.000000e+00   0.000000e+00   0.000000e+00   0.000000e+00   0.000000e+00   0.000000e+00   0.000000e+00   0.000000e+00
            368   5.529600e+06      1.0000000      0.0000000   3.996000e+30   0.000000e+00   3.996000e+30   0.000000e+00   0.000000e+00   0.000000e+00   0.000000e+00   0.000000e+00   0.000000e+00            inf   0.000000e+00  -3.591266e+38   0.000000e+00   0.000000e+00   7.853888e+12   7.460391e+12   7.479894e+12   1.738480e+24   3.996001e+34   0.000000e+00  -2.988966e+47   1.300365e+37   3.287863e+47   0.000000e+00   0.000000e+00   0.000000e+00   0.000000e+00   0.000000e+00   0.000000e+00   0.000000e+00   0.000000e+00   0.000000e+00   0.000000e+00   0.000000e+00   0.000000e+00   0.000000e+00
            379   5.616000e+06      1.0000000      0.0000000   3.996000e+30   0.000000e+00   3.996000e+30   0.000000e+00   0.000000e+00   0.000000e+00   0.000000e+00   0.000000e+00   0.000000e+00            inf   0.000000e+00  -3.592319e+38   0.000000e+00   0.000000e+00   7.853888e+12   7.461255e+12   7.479894e+12   1.767999e+24   3.996001e+34   0.000000e+00  -2.988966e+47   1.322447e+37   3.287863e+47   0.000000e+00   0.000000e+00   0.000000e+00   0.000000e+00   0.000000e+00   0.000000e+00   0.000000e+00   0.000000e+00   0.000000e+00   0.000000e+00   0.000000e+00   0.000000e+00   0.000000e+00
            391   5.702400e+06      1.0000000      0.0000000   3.996000e+30   0.000000e+00   3.996000e+30   0.000000e+00   0.000000e+00   0.000000e+00   0.000000e+00   0.000000e+00   0.000000e+00            inf   0.000000e+00  -3.593898e+38   0.000000e+00   0.000000e+00   7.853888e+12   7.462119e+12   7.479894e+12   1.797621e+24   3.996001e+34   0.000000e+00  -2.988966e+47   1.344597e+37   3.287863e+47   0.000000e+00   0.000000e+00   0.000000e+00   0.000000e+00   0.000000e+00   0.000000e+00   0.000000e+00   0.000000e+00   0.000000e+00   0.000000e+00   0.000000e+00   0.000000e+00   0.000000e+00
            402   5.788800e+06      1.0000000      0.0000000   3.996000e+30   0.000000e+00   3.996000e+30   0.000000e+00   0.000000e+00   0.000000e+00   0.000000e+00   0.000000e+00   0.000000e+00            inf   0.000000e+00  -3.595477e+38   0.000000e+00   0.000000e+00   7.853888e+12   7.462983e+12   7.479894e+12   1.827335e+24   3.996001e+34   0.000000e+00  -2.988966e+47   1.366822e+37   3.287862e+47   0.000000e+00   0.000000e+00   0.000000e+00   0.000000e+00   0.000000e+00   0.000000e+00   0.000000e+00   0.000000e+00   0.000000e+00   0.000000e+00   0.000000e+00   0.000000e+00   0.000000e+00
            414   5.875200e+06      1.0000000      0.0000000   3.996000e+30   0.000000e+00   3.996000e+30   0.000000e+00   0.000000e+00   0.000000e+00   0.000000e+00   0.000000e+00   0.000000e+00            inf   0.000000e+00  -3.597052e+38   0.000000e+00   0.000000e+00   7.853888e+12   7.463847e+12   7.479894e+12   1.857138e+24   3.996000e+34   0.000000e+00  -2.988966e+47   1.389120e+37   3.287862e+47   0.000000e+00   0.000000e+00   0.000000e+00   0.000000e+00   0.000000e+00   0.000000e+00   0.000000e+00   0.000000e+00   0.000000e+00   0.000000e+00   0.000000e+00   0.000000e+00   0.000000e+00
            425   5.961600e+06      1.0000000      0.0000000   3.996000e+30   0.000000e+00   3.996000e+30   0.000000e+00   0.000000e+00   0.000000e+00   0.000000e+00   0.000000e+00   0.000000e+00            inf   0.000000e+00  -3.598629e+38   0.000000e+00   0.000000e+00   7.853888e+12   7.464711e+12   7.479894e+12   1.887043e+24   3.996000e+34   0.000000e+00  -2.988965e+47   1.411490e+37   3.287862e+47   0.000000e+00   0.000000e+00   0.000000e+00   0.000000e+00   0.000000e+00   0.000000e+00   0.000000e+00   0.000000e+00   0.000000e+00   0.000000e+00   0.000000e+00   0.000000e+00   0.000000e+00
            437   6.048000e+06      1.0000000      0.0000000   3.996000e+30   0.000000e+00   3.996000e+30   0.000000e+00   0.000000e+00   0.000000e+00   0.000000e+00   0.000000e+00   0.000000e+00            inf   0.000000e+00  -3.600200e+38   0.000000e+00   0.000000e+00   7.853888e+12   7.465575e+12   7.479894e+12   1.917052e+24   3.996000e+34   0.000000e+00  -2.988965e+47   1.433939e+37   3.287862e+47   0.000000e+00   0.000000e+00   0.000000e+00   0.000000e+00   0.000000e+00   0.000000e+00   0.000000e+00   0.000000e+00   0.000000e+00   0.000000e+00   0.000000e+00   0.000000e+00   0.000000e+00
            448   6.134400e+06      1.0000000      0.0000000   3.996000e+30   0.000000e+00   3.996000e+30   0.000000e+00   0.000000e+00   0.000000e+00   0.000000e+00   0.000000e+00   0.000000e+00            inf   0.000000e+00  -3.601773e+38   0.000000e+00   0.000000e+00   7.853888e+12   7.466439e+12   7.479894e+12   1.947172e+24   3.996000e+34   0.000000e+00  -2.988965e+47   1.456465e+37   3.287862e+47   0.000000e+00   0.000000e+00   0.000000e+00   0.000000e+00   0.000000e+00   0.000000e+00   0.000000e+00   0.000000e+00   0.000000e+00   0.000000e+00   0.000000e+00   0.000000e+00   0.000000e+00
            460   6.220800e+06      1.0000000      0.0000000   3.996000e+30   0.000000e+00   3.996000e+30   0.000000e+00   0.000000e+00   0.000000e+00   0.000000e+00   0.000000e+00   0.000000e+00            inf   0.000000e+00  -3.603347e+38   0.000000e+00   0.000000e+00   7.853888e+12   7.467303e+12   7.479894e+12   1.977384e+24   3.996000e+34   0.000000e+00  -2.988965e+47   1.479063e+37   3.287862e+47   0.000000e+00   0.000000e+00   0.000000e+00   0.000000e+00   0.000000e+00   0.000000e+00   0.000000e+00   0.000000e+00   0.000000e+00   0.000000e+00   0.000000e+00   0.000000e+00   0.000000e+00
            471   6.307200e+06      1.0000000      0.0000000   3.996000e+30   0.000000e+00   3.996000e+30   0.000000e+00   0.000000e+00   0.000000e+00   0.000000e+00   0.000000e+00   0.000000e+00            inf   0.000000e+00  -3.604392e+38   0.000000e+00   0.000000e+00   7.853888e+12   7.468167e+12   7.479894e+12   2.007697e+24   3.996000e+34   0.000000e+00  -2.988965e+47   1.501739e+37   3.287862e+47   0.000000e+00   0.000000e+00   0.000000e+00   0.000000e+00   0.000000e+00   0.000000e+00   0.000000e+00   0.000000e+00   0.000000e+00   0.000000e+00   0.000000e+00   0.000000e+00   0.000000e+00
            483   6.393600e+06      1.0000000      0.0000000   3.996000e+30   0.000000e+00   3.996000e+30   0.000000e+00   0.000000e+00   0.000000e+00   0.000000e+00   0.000000e+00   0.000000e+00            inf   0.000000e+00  -3.605961e+38   0.000000e+00   0.000000e+00   7.853888e+12   7.469031e+12   7.479894e+12   2.038131e+24   3.996001e+34   0.000000e+00  -2.988966e+47   1.524502e+37   3.287862e+47   0.000000e+00   0.000000e+00   0.000000e+00   0.000000e+00   0.000000e+00   0.000000e+00   0.000000e+00   0.000000e+00   0.000000e+00   0.000000e+00   0.000000e+00   0.000000e+00   0.000000e+00
            494   6.480000e+06      1.0000000      0.0000000   3.996000e+30   0.000000e+00   3.996000e+30   0.000000e+00   0.000000e+00   0.000000e+00   0.000000e+00   0.000000e+00   0.000000e+00            inf   0.000000e+00  -3.607527e+38   0.000000e+00   0.000000e+00   7.853888e+12   7.469895e+12   7.479894e+12   2.068676e+24   3.996000e+34   0.000000e+00  -2.988966e+47   1.547342e+37   3.287862e+47   0.000000e+00   0.000000e+00   0.000000e+00   0.000000e+00   0.000000e+00   0.000000e+00   0.000000e+00   0.000000e+00   0.000000e+00   0.000000e+00   0.000000e+00   0.000000e+00   0.000000e+00
            506   6.566400e+06      1.0000000      0.0000000   3.996000e+30   0.000000e+00   3.996000e+30   0.000000e+00   0.000000e+00   0.000000e+00   0.000000e+00   0.000000e+00   0.000000e+00            inf   0.000000e+00  -3.609094e+38   0.000000e+00   0.000000e+00   7.853888e+12   7.470759e+12   7.479894e+12   2.099319e+24   3.996000e+34   0.000000e+00  -2.988966e+47   1.570264e+37   3.287862e+47   0.000000e+00   0.000000e+00   0.000000e+00   0.000000e+00   0.000000e+00   0.000000e+00   0.000000e+00   0.000000e+00   0.000000e+00   0.000000e+00   0.000000e+00   0.000000e+00   0.000000e+00
            517   6.652800e+06      1.0000000      0.0000000   3.996000e+30   0.000000e+00   3.996000e+30   0.000000e+00   0.000000e+00   0.000000e+00   0.000000e+00   0.000000e+00   0.000000e+00            inf   0.000000e+00  -3.610661e+38   0.000000e+00   0.000000e+00   7.853888e+12   7.471623e+12   7.479894e+12   2.130083e+24   3.996000e+34   0.000000e+00  -2.988965e+47   1.593274e+37   3.287862e+47   0.000000e+00   0.000000e+00   0.000000e+00   0.000000e+00   0.000000e+00   0.000000e+00   0.000000e+00   0.000000e+00   0.000000e+00   0.000000e+00   0.000000e+00   0.000000e+00   0.000000e+00
            529   6.739200e+06      1.0000000      0.0000000   3.996000e+30   0.000000e+00   3.996000e+30   0.000000e+00   0.000000e+00   0.000000e+00   0.000000e+00   0.000000e+00   0.000000e+00            inf   0.000000e+00  -3.612227e+38   0.000000e+00   0.000000e+00   7.853888e+12   7.472487e+12   7.479894e+12   2.160952e+24   3.996000e+34   0.000000e+00  -2.988966e+47   1.616371e+37   3.287862e+47   0.000000e+00   0.000000e+00   0.000000e+00   0.000000e+00   0.000000e+00   0.000000e+00   0.000000e+00   0.000000e+00   0.000000e+00   0.000000e+00   0.000000e+00   0.000000e+00   0.000000e+00
            540   6.825600e+06      1.0000000      0.0000000   3.996000e+30   0.000000e+00   3.996000e+30   0.000000e+00   0.000000e+00   0.000000e+00   0.000000e+00   0.000000e+00   0.000000e+00            inf   0.000000e+00  -3.613788e+38   0.000000e+00   0.000000e+00   7.853888e+12   7.473351e+12   7.479894e+12   2.191943e+24   3.996000e+34   0.000000e+00  -2.988966e+47   1.639552e+37   3.287862e+47   0.000000e+00   0.000000e+00   0.000000e+00   0.000000e+00   0.000000e+00   0.000000e+00   0.000000e+00   0.000000e+00   0.000000e+00   0.000000e+00   0.000000e+00   0.000000e+00   0.000000e+00
            552   6.912000e+06      1.0000000      0.0000000   3.996000e+30   0.000000e+00   3.996000e+30   0.000000e+00   0.000000e+00   0.000000e+00   0.000000e+00   0.000000e+00   0.000000e+00            inf   0.000000e+00  -3.615349e+38   0.000000e+00   0.000000e+00   7.853888e+12   7.474215e+12   7.479894e+12   2.223054e+24   3.996000e+34   0.000000e+00  -2.988965e+47   1.662819e+37   3.287862e+47   0.000000e+00   0.000000e+00   0.000000e+00   0.000000e+00   0.000000e+00   0.000000e+00   0.000000e+00   0.000000e+00   0.000000e+00   0.000000e+00   0.000000e+00   0.000000e+00   0.000000e+00
            563   6.998400e+06      1.0000000      0.0000000   3.996000e+30   0.000000e+00   3.996000e+30   0.000000e+00   0.000000e+00   0.000000e+00   0.000000e+00   0.000000e+00   0.000000e+00            inf   0.000000e+00  -3.616392e+38   0.000000e+00   0.000000e+00   7.853888e+12   7.475079e+12   7.479894e+12   2.254280e+24   3.996000e+34   0.000000e+00  -2.988965e+47   1.686173e+37   3.287862e+47   0.000000e+00   0.000000e+00   0.000000e+00   0.000000e+00   0.000000e+00   0.000000e+00   0.000000e+00   0.000000e+00   0.000000e+00   0.000000e+00   0.000000e+00   0.000000e+00   0.000000e+00
            575   7.084800e+06      1.0000000      0.0000000   3.996000e+30   0.000000e+00   3.996000e+30   0.000000e+00   0.000000e+00   0.000000e+00   0.000000e+00   0.000000e+00   0.000000e+00            inf   0.000000e+00  -3.617948e+38   0.000000e+00   0.000000e+00   7.853888e+12   7.475943e+12   7.479894e+12   2.285631e+24   3.996000e+34   0.000000e+00  -2.988965e+47   1.709624e+37   3.287862e+47   0.000000e+00   0.000000e+00   0.000000e+00   0.000000e+00   0.000000e+00   0.000000e+00   0.000000e+00   0.000000e+00   0.000000e+00   0.000000e+00   0.000000e+00   0.000000e+00   0.000000e+00
            586   7.171200e+06      1.0000000      0.0000000   3.996000e+30   0.000000e+00   3.996000e+30   0.000000e+00   0.000000e+00   0.000000e+00   0.000000e+00   0.000000e+00   0.000000e+00            inf   0.000000e+00  -3.619507e+38   0.000000e+00   0.000000e+00   7.853888e+12   7.476807e+12   7.479894e+12   2.317116e+24   3.996000e+34   0.000000e+00  -2.988965e+47   1.733181e+37   3.287862e+47   0.000000e+00   0.000000e+00   0.000000e+00   0.000000e+00   0.000000e+00   0.000000e+00   0.000000e+00   0.000000e+00   0.000000e+00   0.000000e+00   0.000000e+00   0.000000e+00   0.000000e+00
            598   7.257600e+06      1.0000000      0.0000000   3.996000e+30   0.000000e+00   3.996000e+30   0.000000e+00   0.000000e+00   0.000000e+00   0.000000e+00   0.000000e+00   0.000000e+00            inf   0.000000e+00  -3.621066e+38   0.000000e+00   0.000000e+00   7.853888e+12   7.477671e+12   7.479894e+12   2.348714e+24   3.996000e+34   0.000000e+00  -2.988965e+47   1.756817e+37   3.287862e+47   0.000000e+00   0.000000e+00   0.000000e+00   0.000000e+00   0.000000e+00   0.000000e+00   0.000000e+00   0.000000e+00   0.000000e+00   0.000000e+00   0.000000e+00   0.000000e+00   0.000000e+00
            609   7.344000e+06      1.0000000      0.0000000   3.996000e+30   0.000000e+00   3.996000e+30   0.000000e+00   0.000000e+00   0.000000e+00   0.000000e+00   0.000000e+00   0.000000e+00            inf   0.000000e+00  -3.622621e+38   0.000000e+00   0.000000e+00   7.853888e+12   7.478535e+12   7.479894e+12   2.380456e+24   3.996000e+34   0.000000e+00  -2.988965e+47   1.780552e+37   3.287862e+47   0.000000e+00   0.000000e+00   0.000000e+00   0.000000e+00   0.000000e+00   0.000000e+00   0.000000e+00   0.000000e+00   0.000000e+00   0.000000e+00   0.000000e+00   0.000000e+00   0.000000e+00
            621   7.430400e+06      1.0000000      0.0000000   3.996000e+30   0.000000e+00   3.996000e+30   0.000000e+00   0.000000e+00   0.000000e+00   0.000000e+00   0.000000e+00   0.000000e+00            inf   0.000000e+00  -3.624170e+38   0.000000e+00   0.000000e+00   7.853888e+12   7.479399e+12   7.479894e+12   2.412311e+24   3.996001e+34   0.000000e+00  -2.988966e+47   1.804388e+37   3.287862e+47   0.000000e+00   0.000000e+00   0.000000e+00   0.000000e+00   0.000000e+00   0.000000e+00   0.000000e+00   0.000000e+00   0.000000e+00   0.000000e+00   0.000000e+00   0.000000e+00   0.000000e+00
            632   7.516800e+06      1.0000000      0.0000000   3.996000e+30   0.000000e+00   3.996000e+30   0.000000e+00   0.000000e+00   0.000000e+00   0.000000e+00   0.000000e+00   0.000000e+00            inf   0.000000e+00  -3.625725e+38   0.000000e+00   0.000000e+00   7.853888e+12   7.480263e+12   7.479894e+12   2.444315e+24   3.996000e+34   0.000000e+00  -2.988965e+47   1.828324e+37   3.287862e+47   0.000000e+00   0.000000e+00   0.000000e+00   0.000000e+00   0.000000e+00   0.000000e+00   0.000000e+00   0.000000e+00   0.000000e+00   0.000000e+00   0.000000e+00   0.000000e+00   0.000000e+00
            644   7.603200e+06      1.0000000      0.0000000   3.996000e+30   0.000000e+00   3.996000e+30   0.000000e+00   0.000000e+00   0.000000e+00   0.000000e+00   0.000000e+00   0.000000e+00            inf   0.000000e+00  -3.627273e+38   0.000000e+00   0.000000e+00   7.853888e+12   7.481127e+12   7.479894e+12   2.476455e+24   3.996000e+34   0.000000e+00  -2.988965e+47   1.852358e+37   3.287862e+47   0.000000e+00   0.000000e+00   0.000000e+00   0.000000e+00   0.000000e+00   0.000000e+00   0.000000e+00   0.000000e+00   0.000000e+00   0.000000e+00   0.000000e+00   0.000000e+00   0.000000e+00
            655   7.689600e+06      1.0000000      0.0000000   3.996000e+30   0.000000e+00   3.996000e+30   0.000000e+00   0.000000e+00   0.000000e+00   0.000000e+00   0.000000e+00   0.000000e+00            inf   0.000000e+00  -3.628306e+38   0.000000e+00   0.000000e+00   7.853888e+12   7.481991e+12   7.479894e+12   2.508729e+24   3.996000e+34   0.000000e+00  -2.988966e+47   1.876500e+37   3.287862e+47   0.000000e+00   0.000000e+00   0.000000e+00   0.000000e+00   0.000000e+00   0.000000e+00   0.000000e+00   0.000000e+00   0.000000e+00   0.000000e+00   0.000000e+00   0.000000e+00   0.000000e+00
            667   7.776000e+06      1.0000000      0.0000000   3.996000e+30   0.000000e+00   3.996000e+30   0.000000e+00   0.000000e+00   0.000000e+00   0.000000e+00   0.000000e+00   0.000000e+00            inf   0.000000e+00  -3.629855e+38   0.000000e+00   0.000000e+00   7.853888e+12   7.482855e+12   7.479894e+12   2.541145e+24   3.996000e+34   0.000000e+00  -2.988966e+47   1.900749e+37   3.287862e+47   0.000000e+00   0.000000e+00   0.000000e+00   0.000000e+00   0.000000e+00   0.000000e+00   0.000000e+00   0.000000e+00   0.000000e+00   0.000000e+00   0.000000e+00   0.000000e+00   0.000000e+00
            678   7.862400e+06      1.0000000      0.0000000   3.996000e+30   0.000000e+00   3.996000e+30   0.000000e+00   0.000000e+00   0.000000e+00   0.000000e+00   0.000000e+00   0.000000e+00            inf   0.000000e+00  -3.631404e+38   0.000000e+00   0.000000e+00   7.853888e+12   7.483719e+12   7.479894e+12   2.573709e+24   3.996000e+34   0.000000e+00  -2.988966e+47   1.925109e+37   3.287862e+47   0.000000e+00   0.000000e+00   0.000000e+00   0.000000e+00   0.000000e+00   0.000000e+00   0.000000e+00   0.000000e+00   0.000000e+00   0.000000e+00   0.000000e+00   0.000000e+00   0.000000e+00
            690   7.948800e+06      1.0000000      0.0000000   3.996000e+30   0.000000e+00   3.996000e+30   0.000000e+00   0.000000e+00   0.000000e+00   0.000000e+00   0.000000e+00   0.000000e+00            inf   0.000000e+00  -3.632947e+38   0.000000e+00   0.000000e+00   7.853888e+12   7.484583e+12   7.479894e+12   2.606421e+24   3.996000e+34   0.000000e+00  -2.988966e+47   1.949575e+37   3.287862e+47   0.000000e+00   0.000000e+00   0.000000e+00   0.000000e+00   0.000000e+00   0.000000e+00   0.000000e+00   0.000000e+00   0.000000e+00   0.000000e+00   0.000000e+00   0.000000e+00   0.000000e+00
            701   8.035200e+06      1.0000000      0.0000000   3.996000e+30   0.000000e+00   3.996000e+30   0.000000e+00   0.000000e+00   0.000000e+00   0.000000e+00   0.000000e+00   0.000000e+00            inf   0.000000e+00  -3.634493e+38   0.000000e+00   0.000000e+00   7.853888e+12   7.485447e+12   7.479894e+12   2.639284e+24   3.996000e+34   0.000000e+00  -2.988966e+47   1.974155e+37   3.287862e+47   0.000000e+00   0.000000e+00   0.000000e+00   0.000000e+00   0.000000e+00   0.000000e+00   0.000000e+00   0.000000e+00   0.000000e+00   0.000000e+00   0.000000e+00   0.000000e+00   0.000000e+00
            713   8.121600e+06      1.0000000      0.0000000   3.996000e+30   0.000000e+00   3.996000e+30   0.000000e+00   0.000000e+00   0.000000e+00   0.000000e+00   0.000000e+00   0.000000e+00            inf   0.000000e+00  -3.636034e+38   0.000000e+00   0.000000e+00   7.853888e+12   7.486311e+12   7.479894e+12   2.672303e+24   3.996000e+34   0.000000e+00  -2.988966e+47   1.998852e+37   3.287862e+47   0.000000e+00   0.000000e+00   0.000000e+00   0.000000e+00   0.000000e+00   0.000000e+00   0.000000e+00   0.000000e+00   0.000000e+00   0.000000e+00   0.000000e+00   0.000000e+00   0.000000e+00
            724   8.208000e+06      1.0000000      0.0000000   3.996000e+30   0.000000e+00   3.996000e+30   0.000000e+00   0.000000e+00   0.000000e+00   0.000000e+00   0.000000e+00   0.000000e+00            inf   0.000000e+00  -3.637575e+38   0.000000e+00   0.000000e+00   7.853888e+12   7.487175e+12   7.479894e+12   2.705475e+24   3.996000e+34   0.000000e+00  -2.988966e+47   2.023669e+37   3.287862e+47   0.000000e+00   0.000000e+00   0.000000e+00   0.000000e+00   0.000000e+00   0.000000e+00   0.000000e+00   0.000000e+00   0.000000e+00   0.000000e+00   0.000000e+00   0.000000e+00   0.000000e+00
            736   8.294400e+06      1.0000000      0.0000000   3.996000e+30   0.000000e+00   3.996000e+30   0.000000e+00   0.000000e+00   0.000000e+00   0.000000e+00   0.000000e+00   0.000000e+00            inf   0.000000e+00  -3.639114e+38   0.000000e+00   0.000000e+00   7.853888e+12   7.488039e+12   7.479894e+12   2.738810e+24   3.996001e+34   0.000000e+00  -2.988966e+47   2.048603e+37   3.287863e+47   0.000000e+00   0.000000e+00   0.000000e+00   0.000000e+00   0.000000e+00   0.000000e+00   0.000000e+00   0.000000e+00   0.000000e+00   0.000000e+00   0.000000e+00   0.000000e+00   0.000000e+00
            747   8.380800e+06      1.0000000      0.0000000   3.996000e+30   0.000000e+00   3.996000e+30   0.000000e+00   0.000000e+00   0.000000e+00   0.000000e+00   0.000000e+00   0.000000e+00            inf   0.000000e+00  -3.640135e+38   0.000000e+00   0.000000e+00   7.853888e+12   7.488903e+12   7.479894e+12   2.772309e+24   3.996001e+34   0.000000e+00  -2.988966e+47   2.073662e+37   3.287863e+47   0.000000e+00   0.000000e+00   0.000000e+00   0.000000e+00   0.000000e+00   0.000000e+00   0.000000e+00   0.000000e+00   0.000000e+00   0.000000e+00   0.000000e+00   0.000000e+00   0.000000e+00
            759   8.467200e+06      1.0000000      0.0000000   3.996000e+30   0.000000e+00   3.996000e+30   0.000000e+00   0.000000e+00   0.000000e+00   0.000000e+00   0.000000e+00   0.000000e+00            inf   0.000000e+00  -3.641675e+38   0.000000e+00   0.000000e+00   7.853888e+12   7.489767e+12   7.479894e+12   2.805983e+24   3.996001e+34   0.000000e+00  -2.988966e+47   2.098845e+37   3.287863e+47   0.000000e+00   0.000000e+00   0.000000e+00   0.000000e+00   0.000000e+00   0.000000e+00   0.000000e+00   0.000000e+00   0.000000e+00   0.000000e+00   0.000000e+00   0.000000e+00   0.000000e+00
            770   8.553600e+06      1.0000000      0.0000000   3.996000e+30   0.000000e+00   3.996000e+30   0.000000e+00   0.000000e+00   0.000000e+00   0.000000e+00   0.000000e+00   0.000000e+00            inf   0.000000e+00  -3.643208e+38   0.000000e+00   0.000000e+00   7.853888e+12   7.490631e+12   7.479894e+12   2.839828e+24   3.996001e+34   0.000000e+00  -2.988966e+47   2.124159e+37   3.287863e+47   0.000000e+00   0.000000e+00   0.000000e+00   0.000000e+00   0.000000e+00   0.000000e+00   0.000000e+00   0.000000e+00   0.000000e+00   0.000000e+00   0.000000e+00   0.000000e+00   0.000000e+00
            782   8.640000e+06      1.0000000      0.0000000   3.996000e+30   0.000000e+00   3.996000e+30   0.000000e+00   0.000000e+00   0.000000e+00   0.000000e+00   0.000000e+00   0.000000e+00            inf   0.000000e+00  -3.644741e+38   0.000000e+00   0.000000e+00   7.853888e+12   7.491495e+12   7.479894e+12   2.873850e+24   3.996001e+34   0.000000e+00  -2.988966e+47   2.149611e+37   3.287862e+47   0.000000e+00   0.000000e+00   0.000000e+00   0.000000e+00   0.000000e+00   0.000000e+00   0.000000e+00   0.000000e+00   0.000000e+00   0.000000e+00   0.000000e+00   0.000000e+00   0.000000e+00
            793   8.726400e+06      1.0000000      0.0000000   3.996000e+30   0.000000e+00   3.996000e+30   0.000000e+00   0.000000e+00   0.000000e+00   0.000000e+00   0.000000e+00   0.000000e+00            inf   0.000000e+00  -3.646272e+38   0.000000e+00   0.000000e+00   7.853888e+12   7.492359e+12   7.479894e+12   2.908044e+24   3.996001e+34   0.000000e+00  -2.988966e+47   2.175189e+37   3.287863e+47   0.000000e+00   0.000000e+00   0.000000e+00   0.000000e+00   0.000000e+00   0.000000e+00   0.000000e+00   0.000000e+00   0.000000e+00   0.000000e+00   0.000000e+00   0.000000e+00   0.000000e+00
            805   8.812800e+06      1.0000000      0.0000000   3.996000e+30   0.000000e+00   3.996000e+30   0.000000e+00   0.000000e+00   0.000000e+00   0.000000e+00   0.000000e+00   0.000000e+00            inf   0.000000e+00  -3.647800e+38   0.000000e+00   0.000000e+00   7.853888e+12   7.493223e+12   7.479894e+12   2.942435e+24   3.996002e+34   0.000000e+00  -2.988967e+47   2.200904e+37   3.287863e+47   0.000000e+00   0.000000e+00   0.000000e+00   0.000000e+00   0.000000e+00   0.000000e+00   0.000000e+00   0.000000e+00   0.000000e+00   0.000000e+00   0.000000e+00   0.000000e+00   0.000000e+00
            816   8.899200e+06      1.0000000      0.0000000   3.996000e+30   0.000000e+00   3.996000e+30   0.000000e+00   0.000000e+00   0.000000e+00   0.000000e+00   0.000000e+00   0.000000e+00            inf   0.000000e+00  -3.649327e+38   0.000000e+00   0.000000e+00   7.853888e+12   7.494087e+12   7.479894e+12   2.977010e+24   3.996001e+34   0.000000e+00  -2.988967e+47   2.226769e+37   3.287863e+47   0.000000e+00   0.000000e+00   0.000000e+00   0.000000e+00   0.000000e+00   0.000000e+00   0.000000e+00   0.000000e+00   0.000000e+00   0.000000e+00   0.000000e+00   0.000000e+00   0.000000e+00
            828   8.985600e+06      1.0000000      0.0000000   3.996000e+30   0.000000e+00   3.996000e+30   0.000000e+00   0.000000e+00   0.000000e+00   0.000000e+00   0.000000e+00   0.000000e+00            inf   0.000000e+00  -3.650855e+38   0.000000e+00   0.000000e+00   7.853888e+12   7.494951e+12   7.479894e+12   3.011785e+24   3.996001e+34   0.000000e+00  -2.988966e+47   2.252785e+37   3.287863e+47   0.000000e+00   0.000000e+00   0.000000e+00   0.000000e+00   0.000000e+00   0.000000e+00   0.000000e+00   0.000000e+00   0.000000e+00   0.000000e+00   0.000000e+00   0.000000e+00   0.000000e+00
            839   9.072000e+06      1.0000000      0.0000000   3.996000e+30   0.000000e+00   3.996000e+30   0.000000e+00   0.000000e+00   0.000000e+00   0.000000e+00   0.000000e+00   0.000000e+00            inf   0.000000e+00  -3.651870e+38   0.000000e+00   0.000000e+00   7.853888e+12   7.495815e+12   7.479894e+12   3.046758e+24   3.996001e+34   0.000000e+00  -2.988966e+47   2.278942e+37   3.287863e+47   0.000000e+00   0.000000e+00   0.000000e+00   0.000000e+00   0.000000e+00   0.000000e+00   0.000000e+00   0.000000e+00   0.000000e+00   0.000000e+00   0.000000e+00   0.000000e+00   0.000000e+00
            851   9.158400e+06      1.0000000      0.0000000   3.996000e+30   0.000000e+00   3.996000e+30   0.000000e+00   0.000000e+00   0.000000e+00   0.000000e+00   0.000000e+00   0.000000e+00            inf   0.000000e+00  -3.653392e+38   0.000000e+00   0.000000e+00   7.853888e+12   7.496679e+12   7.479894e+12   3.081936e+24   3.996001e+34   0.000000e+00  -2.988966e+47   2.305255e+37   3.287863e+47   0.000000e+00   0.000000e+00   0.000000e+00   0.000000e+00   0.000000e+00   0.000000e+00   0.000000e+00   0.000000e+00   0.000000e+00   0.000000e+00   0.000000e+00   0.000000e+00   0.000000e+00
            862   9.244800e+06      1.0000000      0.0000000   3.996000e+30   0.000000e+00   3.996000e+30   0.000000e+00   0.000000e+00   0.000000e+00   0.000000e+00   0.000000e+00   0.000000e+00            inf   0.000000e+00  -3.654914e+38   0.000000e+00   0.000000e+00   7.853888e+12   7.497543e+12   7.479894e+12   3.117327e+24   3.996001e+34   0.000000e+00  -2.988966e+47   2.331730e+37   3.287863e+47   0.000000e+00   0.000000e+00   0.000000e+00   0.000000e+00   0.000000e+00   0.000000e+00   0.000000e+00   0.000000e+00   0.000000e+00   0.000000e+00   0.000000e+00   0.000000e+00   0.000000e+00
            874   9.331200e+06      1.0000000      0.0000000   3.996000e+30   0.000000e+00   3.996000e+30   0.000000e+00   0.000000e+00   0.000000e+00   0.000000e+00   0.000000e+00   0.000000e+00            inf   0.000000e+00  -3.656432e+38   0.000000e+00   0.000000e+00   7.853888e+12   7.498407e+12   7.479894e+12   3.152938e+24   3.996002e+34   0.000000e+00  -2.988967e+47   2.358365e+37   3.287863e+47   0.000000e+00   0.000000e+00   0.000000e+00   0.000000e+00   0.000000e+00   0.000000e+00   0.000000e+00   0.000000e+00   0.000000e+00   0.000000e+00   0.000000e+00   0.000000e+00   0.000000e+00
            885   9.417600e+06      1.0000000      0.0000000   3.996000e+30   0.000000e+00   3.996000e+30   0.000000e+00   0.000000e+00   0.000000e+00   0.000000e+00   0.000000e+00   0.000000e+00            inf   0.000000e+00  -3.657949e+38   0.000000e+00   0.000000e+00   7.853888e+12   7.499271e+12   7.479894e+12   3.188772e+24   3.996002e+34   0.000000e+00  -2.988967e+47   2.385168e+37   3.287863e+47   0.000000e+00   0.000000e+00   0.000000e+00   0.000000e+00   0.000000e+00   0.000000e+00   0.000000e+00   0.000000e+00   0.000000e+00   0.000000e+00   0.000000e+00   0.000000e+00   0.000000e+00
            897   9.504000e+06      1.0000000      0.0000000   3.996000e+30   0.000000e+00   3.996000e+30   0.000000e+00   0.000000e+00   0.000000e+00   0.000000e+00   0.000000e+00   0.000000e+00            inf   0.000000e+00  -3.659467e+38   0.000000e+00   0.000000e+00   7.853888e+12   7.500135e+12   7.479894e+12   3.224842e+24   3.996002e+34   0.000000e+00  -2.988967e+47   2.412145e+37   3.287864e+47   0.000000e+00   0.000000e+00   0.000000e+00   0.000000e+00   0.000000e+00   0.000000e+00   0.000000e+00   0.000000e+00   0.000000e+00   0.000000e+00   0.000000e+00   0.000000e+00   0.000000e+00
            908   9.590400e+06      1.0000000      0.0000000   3.996000e+30   0.000000e+00   3.996000e+30   0.000000e+00   0.000000e+00   0.000000e+00   0.000000e+00   0.000000e+00   0.000000e+00            inf   0.000000e+00  -3.660979e+38   0.000000e+00   0.000000e+00   7.853888e+12   7.500999e+12   7.479894e+12   3.261139e+24   3.996003e+34   0.000000e+00  -2.988967e+47   2.439303e+37   3.287864e+47   0.000000e+00   0.000000e+00   0.000000e+00   0.000000e+00   0.000000e+00   0.000000e+00   0.000000e+00   0.000000e+00   0.000000e+00   0.000000e+00   0.000000e+00   0.000000e+00   0.000000e+00
            920   9.676800e+06      1.0000000      0.0000000   3.996000e+30   0.000000e+00   3.996000e+30   0.000000e+00   0.000000e+00   0.000000e+00   0.000000e+00   0.000000e+00   0.000000e+00            inf   0.000000e+00  -3.662489e+38   0.000000e+00   0.000000e+00   7.853888e+12   7.501863e+12   7.479894e+12   3.297696e+24   3.996002e+34   0.000000e+00  -2.988967e+47   2.466642e+37   3.287864e+47   0.000000e+00   0.000000e+00   0.000000e+00   0.000000e+00   0.000000e+00   0.000000e+00   0.000000e+00   0.000000e+00   0.000000e+00   0.000000e+00   0.000000e+00   0.000000e+00   0.000000e+00
            931   9.763200e+06      1.0000000      0.0000000   3.996000e+30   0.000000e+00   3.996000e+30   0.000000e+00   0.000000e+00   0.000000e+00   0.000000e+00   0.000000e+00   0.000000e+00            inf   0.000000e+00  -3.663498e+38   0.000000e+00   0.000000e+00   7.853888e+12   7.502727e+12   7.479894e+12   3.334504e+24   3.996002e+34   0.000000e+00  -2.988967e+47   2.494173e+37   3.287864e+47   0.000000e+00   0.000000e+00   0.000000e+00   0.000000e+00   0.000000e+00   0.000000e+00   0.000000e+00   0.000000e+00   0.000000e+00   0.000000e+00   0.000000e+00   0.000000e+00   0.000000e+00
            943   9.849600e+06      1.0000000      0.0000000   3.996000e+30   0.000000e+00   3.996000e+30   0.000000e+00   0.000000e+00   0.000000e+00   0.000000e+00   0.000000e+00   0.000000e+00            inf   0.000000e+00  -3.665003e+38   0.000000e+00   0.000000e+00   7.853888e+12   7.503591e+12   7.479894e+12   3.371575e+24   3.996002e+34   0.000000e+00  -2.988967e+47   2.521901e+37   3.287864e+47   0.000000e+00   0.000000e+00   0.000000e+00   0.000000e+00   0.000000e+00   0.000000e+00   0.000000e+00   0.000000e+00   0.000000e+00   0.000000e+00   0.000000e+00   0.000000e+00   0.000000e+00
            954   9.936000e+06      1.0000000      0.0000000   3.996000e+30   0.000000e+00   3.996000e+30   0.000000e+00   0.000000e+00   0.000000e+00   0.000000e+00   0.000000e+00   0.000000e+00            inf   0.000000e+00  -3.666511e+38   0.000000e+00   0.000000e+00   7.853888e+12   7.504455e+12   7.479894e+12   3.408921e+24   3.996002e+34   0.000000e+00  -2.988967e+47   2.549835e+37   3.287863e+47   0.000000e+00   0.000000e+00   0.000000e+00   0.000000e+00   0.000000e+00   0.000000e+00   0.000000e+00   0.000000e+00   0.000000e+00   0.000000e+00   0.000000e+00   0.000000e+00   0.000000e+00
            966   1.002240e+07      1.0000000      0.0000000   3.996000e+30   0.000000e+00   3.996000e+30   0.000000e+00   0.000000e+00   0.000000e+00   0.000000e+00   0.000000e+00   0.000000e+00            inf   0.000000e+00  -3.668018e+38   0.000000e+00   0.000000e+00   7.853888e+12   7.505319e+12   7.479894e+12   3.446547e+24   3.996001e+34   0.000000e+00  -2.988967e+47   2.577983e+37   3.287863e+47   0.000000e+00   0.000000e+00   0.000000e+00   0.000000e+00   0.000000e+00   0.000000e+00   0.000000e+00   0.000000e+00   0.000000e+00   0.000000e+00   0.000000e+00   0.000000e+00   0.000000e+00
            977   1.010880e+07      1.0000000      0.0000000   3.996000e+30   0.000000e+00   3.996000e+30   0.000000e+00   0.000000e+00   0.000000e+00   0.000000e+00   0.000000e+00   0.000000e+00            inf   0.000000e+00  -3.669518e+38   0.000000e+00   0.000000e+00   7.853888e+12   7.506183e+12   7.479894e+12   3.484471e+24   3.996002e+34   0.000000e+00  -2.988967e+47   2.606347e+37   3.287863e+47   0.000000e+00   0.000000e+00   0.000000e+00   0.000000e+00   0.000000e+00   0.000000e+00   0.000000e+00   0.000000e+00   0.000000e+00   0.000000e+00   0.000000e+00   0.000000e+00   0.000000e+00
            992   1.019520e+07      1.0000000      0.0000000   3.996000e+30   0.000000e+00   3.996000e+30   0.000000e+00   0.000000e+00   0.000000e+00   0.000000e+00   0.000000e+00   0.000000e+00            inf   0.000000e+00  -3.671020e+38   0.000000e+00   0.000000e+00   7.853888e+12   7.507047e+12   7.479894e+12   3.522699e+24   3.996002e+34   0.000000e+00  -2.988967e+47   2.634946e+37   3.287864e+47   0.000000e+00   0.000000e+00   0.000000e+00   0.000000e+00   0.000000e+00   0.000000e+00   0.000000e+00   0.000000e+00   0.000000e+00   0.000000e+00   0.000000e+00   0.000000e+00   0.000000e+00
           1015   1.028160e+07      1.0000000      0.0000000   3.996000e+30   0.000000e+00   3.996000e+30   0.000000e+00   0.000000e+00   0.000000e+00   0.000000e+00   0.000000e+00   0.000000e+00            inf   0.000000e+00  -3.672518e+38   0.000000e+00   0.000000e+00   7.853888e+12   7.507911e+12   7.479894e+12   3.561250e+24   3.996002e+34   0.000000e+00  -2.988967e+47   2.663782e+37   3.287864e+47   0.000000e+00   0.000000e+00   0.000000e+00   0.000000e+00   0.000000e+00   0.000000e+00   0.000000e+00   0.000000e+00   0.000000e+00   0.000000e+00   0.000000e+00   0.000000e+00   0.000000e+00
           1038   1.036800e+07      1.0000000      0.0000000   3.996000e+30   0.000000e+00   3.996000e+30   0.000000e+00   0.000000e+00   0.000000e+00   0.000000e+00   0.000000e+00   0.000000e+00            inf   0.000000e+00  -3.674014e+38   0.000000e+00   0.000000e+00   7.853888e+12   7.508775e+12   7.479894e+12   3.600136e+24   3.996002e+34   0.000000e+00  -2.988967e+47   2.692863e+37   3.287864e+47   0.000000e+00   0.000000e+00   0.000000e+00   0.000000e+00   0.000000e+00   0.000000e+00   0.000000e+00   0.000000e+00   0.000000e+00   0.000000e+00   0.000000e+00   0.000000e+00   0.000000e+00
           1061   1.045440e+07      1.0000000      0.0000000   3.996000e+30   0.000000e+00   3.996000e+30   0.000000e+00   0.000000e+00   0.000000e+00   0.000000e+00   0.000000e+00   0.000000e+00            inf   0.000000e+00  -3.675008e+38   0.000000e+00   0.000000e+00   7.853888e+12   7.509639e+12   7.479894e+12   3.639357e+24   3.996002e+34   0.000000e+00  -2.988967e+47   2.722205e+37   3.287864e+47   0.000000e+00   0.000000e+00   0.000000e+00   0.000000e+00   0.000000e+00   0.000000e+00   0.000000e+00   0.000000e+00   0.000000e+00   0.000000e+00   0.000000e+00   0.000000e+00   0.000000e+00
           1084   1.054080e+07      1.0000000      0.0000000   3.996000e+30   0.000000e+00   3.996000e+30   0.000000e+00   0.000000e+00   0.000000e+00   0.000000e+00   0.000000e+00   0.000000e+00            inf   0.000000e+00  -3.676503e+38   0.000000e+00   0.000000e+00   7.853888e+12   7.510503e+12   7.479894e+12   3.678959e+24   3.996002e+34   0.000000e+00  -2.988967e+47   2.751824e+37   3.287863e+47   0.000000e+00   0.000000e+00   0.000000e+00   0.000000e+00   0.000000e+00   0.000000e+00   0.000000e+00   0.000000e+00   0.000000e+00   0.000000e+00   0.000000e+00   0.000000e+00   0.000000e+00
           1107   1.062720e+07      1.0000000      0.0000000   3.996000e+30   0.000000e+00   3.996000e+30   0.000000e+00   0.000000e+00   0.000000e+00   0.000000e+00   0.000000e+00   0.000000e+00            inf   0.000000e+00  -3.677995e+38   0.000000e+00   0.000000e+00   7.853888e+12   7.511367e+12   7.479894e+12   3.718939e+24   3.996002e+34   0.000000e+00  -2.988967e+47   2.781725e+37   3.287864e+47   0.000000e+00   0.000000e+00   0.000000e+00   0.000000e+00   0.000000e+00   0.000000e+00   0.000000e+00   0.000000e+00   0.000000e+00   0.000000e+00   0.000000e+00   0.000000e+00   0.000000e+00
           1130   1.071360e+07      1.0000000      0.0000000   3.996000e+30   0.000000e+00   3.996000e+30   0.000000e+00   0.000000e+00   0.000000e+00   0.000000e+00   0.000000e+00   0.000000e+00            inf   0.000000e+00  -3.679481e+38   0.000000e+00   0.000000e+00   7.853888e+12   7.512231e+12   7.479894e+12   3.759324e+24   3.996001e+34   0.000000e+00  -2.988967e+47   2.811933e+37   3.287863e+47   0.000000e+00   0.000000e+00   0.000000e+00   0.000000e+00   0.000000e+00   0.000000e+00   0.000000e+00   0.000000e+00   0.000000e+00   0.000000e+00   0.000000e+00   0.000000e+00   0.000000e+00
           1153   1.080000e+07      1.0000000      0.0000000   3.996000e+30   0.000000e+00   3.996000e+30   0.000000e+00   0.000000e+00   0.000000e+00   0.000000e+00   0.000000e+00   0.000000e+00            inf   0.000000e+00  -3.680971e+38   0.000000e+00   0.000000e+00   7.853888e+12   7.513095e+12   7.479894e+12   3.800124e+24   3.996002e+34   0.000000e+00  -2.988967e+47   2.842454e+37   3.287863e+47   0.000000e+00   0.000000e+00   0.000000e+00   0.000000e+00   0.000000e+00   0.000000e+00   0.000000e+00   0.000000e+00   0.000000e+00   0.000000e+00   0.000000e+00   0.000000e+00   0.000000e+00
           1176   1.088640e+07      1.0000000      0.0000000   3.996000e+30   0.000000e+00   3.996000e+30   0.000000e+00   0.000000e+00   0.000000e+00   0.000000e+00   0.000000e+00   0.000000e+00            inf   0.000000e+00  -3.682453e+38   0.000000e+00   0.000000e+00   7.853888e+12   7.513959e+12   7.479894e+12   3.841383e+24   3.996001e+34   0.000000e+00  -2.988966e+47   2.873321e+37   3.287863e+47   0.000000e+00   0.000000e+00   0.000000e+00   0.000000e+00   0.000000e+00   0.000000e+00   0.000000e+00   0.000000e+00   0.000000e+00   0.000000e+00   0.000000e+00   0.000000e+00   0.000000e+00
           1199   1.097280e+07      1.0000000      0.0000000   3.996000e+30   0.000000e+00   3.996000e+30   0.000000e+00   0.000000e+00   0.000000e+00   0.000000e+00   0.000000e+00   0.000000e+00            inf   0.000000e+00  -3.683939e+38   0.000000e+00   0.000000e+00   7.853888e+12   7.514823e+12   7.479894e+12   3.883130e+24   3.996001e+34   0.000000e+00  -2.988966e+47   2.904537e+37   3.287863e+47   0.000000e+00   0.000000e+00   0.000000e+00   0.000000e+00   0.000000e+00   0.000000e+00   0.000000e+00   0.000000e+00   0.000000e+00   0.000000e+00   0.000000e+00   0.000000e+00   0.000000e+00
           1222   1.105920e+07      1.0000000      0.0000000   3.996000e+30   0.000000e+00   3.996000e+30   0.000000e+00   0.000000e+00   0.000000e+00   0.000000e+00   0.000000e+00   0.000000e+00            inf   0.000000e+00  -3.685416e+38   0.000000e+00   0.000000e+00   7.853888e+12   7.515687e+12   7.479894e+12   3.925378e+24   3.996002e+34   0.000000e+00  -2.988967e+47   2.936138e+37   3.287863e+47   0.000000e+00   0.000000e+00   0.000000e+00   0.000000e+00   0.000000e+00   0.000000e+00   0.000000e+00   0.000000e+00   0.000000e+00   0.000000e+00   0.000000e+00   0.000000e+00   0.000000e+00
           1245   1.114560e+07      1.0000000      0.0000000   3.996000e+30   0.000000e+00   3.996000e+30   0.000000e+00   0.000000e+00   0.000000e+00   0.000000e+00   0.000000e+00   0.000000e+00            inf   0.000000e+00  -3.686401e+38   0.000000e+00   0.000000e+00   7.853888e+12   7.516551e+12   7.479894e+12   3.968175e+24   3.996002e+34   0.000000e+00  -2.988967e+47   2.968152e+37   3.287863e+47   0.000000e+00   0.000000e+00   0.000000e+00   0.000000e+00   0.000000e+00   0.000000e+00   0.000000e+00   0.000000e+00   0.000000e+00   0.000000e+00   0.000000e+00   0.000000e+00   0.000000e+00
           1268   1.123200e+07      1.0000000      0.0000000   3.996000e+30   0.000000e+00   3.996000e+30   0.000000e+00   0.000000e+00   0.000000e+00   0.000000e+00   0.000000e+00   0.000000e+00            inf   0.000000e+00  -3.687878e+38   0.000000e+00   0.000000e+00   7.853888e+12   7.517415e+12   7.479894e+12   4.011571e+24   3.996002e+34   0.000000e+00  -2.988967e+47   3.000609e+37   3.287863e+47   0.000000e+00   0.000000e+00   0.000000e+00   0.000000e+00   0.000000e+00   0.000000e+00   0.000000e+00   0.000000e+00   0.000000e+00   0.000000e+00   0.000000e+00   0.000000e+00   0.000000e+00
           1291   1.131840e+07      1.0000000      0.0000000   3.996000e+30   0.000000e+00   3.996000e+30   0.000000e+00   0.000000e+00   0.000000e+00   0.000000e+00   0.000000e+00   0.000000e+00            inf   0.000000e+00  -3.689353e+38   0.000000e+00   0.000000e+00   7.853888e+12   7.518279e+12   7.479894e+12   4.055601e+24   3.996002e+34   0.000000e+00  -2.988967e+47   3.033547e+37   3.287863e+47   0.000000e+00   0.000000e+00   0.000000e+00   0.000000e+00   0.000000e+00   0.000000e+00   0.000000e+00   0.000000e+00   0.000000e+00   0.000000e+00   0.000000e+00   0.000000e+00   0.000000e+00
           1314   1.140480e+07      1.0000000      0.0000000   3.996000e+30   0.000000e+00   3.996000e+30   0.000000e+00   0.000000e+00   0.000000e+00   0.000000e+00   0.000000e+00   0.000000e+00            inf   0.000000e+00  -3.690827e+38   0.000000e+00   0.000000e+00   7.853888e+12   7.519143e+12   7.479894e+12   4.100341e+24   3.996001e+34   0.000000e+00  -2.988967e+47   3.067007e+37   3.287863e+47   0.000000e+00   0.000000e+00   0.000000e+00   0.000000e+00   0.000000e+00   0.000000e+00   0.000000e+00   0.000000e+00   0.000000e+00   0.000000e+00   0.000000e+00   0.000000e+00   0.000000e+00
           1337   1.149120e+07      1.0000000      0.0000000   3.996000e+30   0.000000e+00   3.996000e+30   0.000000e+00   0.000000e+00   0.000000e+00   0.000000e+00   0.000000e+00   0.000000e+00            inf   0.000000e+00  -3.692295e+38   0.000000e+00   0.000000e+00   7.853888e+12   7.520007e+12   7.479894e+12   4.145839e+24   3.996001e+34   0.000000e+00  -2.988967e+47   3.101046e+37   3.287863e+47   0.000000e+00   0.000000e+00   0.000000e+00   0.000000e+00   0.000000e+00   0.000000e+00   0.000000e+00   0.000000e+00   0.000000e+00   0.000000e+00   0.000000e+00   0.000000e+00   0.000000e+00
           1364   1.157760e+07      1.0000000      0.0000000   3.996000e+30   0.000000e+00   3.996000e+30   0.000000e+00   0.000000e+00   0.000000e+00   0.000000e+00   0.000000e+00   0.000000e+00            inf   0.000000e+00  -3.693761e+38   0.000000e+00   0.000000e+00   7.853888e+12   7.520871e+12   7.479894e+12   4.192219e+24   3.996001e+34   0.000000e+00  -2.988966e+47   3.135735e+37   3.287863e+47   0.000000e+00   0.000000e+00   0.000000e+00   0.000000e+00   0.000000e+00   0.000000e+00   0.000000e+00   0.000000e+00   0.000000e+00   0.000000e+00   0.000000e+00   0.000000e+00   0.000000e+00
           1410   1.166400e+07      1.0000000      0.0000000   3.996000e+30   0.000000e+00   3.996000e+30   0.000000e+00   0.000000e+00   0.000000e+00   0.000000e+00   0.000000e+00   0.000000e+00            inf   0.000000e+00  -3.695229e+38   0.000000e+00   0.000000e+00   7.853888e+12   7.521735e+12   7.479894e+12   4.239574e+24   3.996001e+34   0.000000e+00  -2.988966e+47   3.171152e+37   3.287863e+47   0.000000e+00   0.000000e+00   0.000000e+00   0.000000e+00   0.000000e+00   0.000000e+00   0.000000e+00   0.000000e+00   0.000000e+00   0.000000e+00   0.000000e+00   0.000000e+00   0.000000e+00
           1456   1.175040e+07      1.0000000      0.0000000   3.996000e+30   0.000000e+00   3.996000e+30   0.000000e+00   0.000000e+00   0.000000e+00   0.000000e+00   0.000000e+00   0.000000e+00            inf   0.000000e+00  -3.696689e+38   0.000000e+00   0.000000e+00   7.853888e+12   7.522599e+12   7.479894e+12   4.288049e+24   3.996001e+34   0.000000e+00  -2.988967e+47   3.207415e+37   3.287863e+47   0.000000e+00   0.000000e+00   0.000000e+00   0.000000e+00   0.000000e+00   0.000000e+00   0.000000e+00   0.000000e+00   0.000000e+00   0.000000e+00   0.000000e+00   0.000000e+00   0.000000e+00
           1502   1.183680e+07      1.0000000      0.0000000   3.996000e+30   0.000000e+00   3.996000e+30   0.000000e+00   0.000000e+00   0.000000e+00   0.000000e+00   0.000000e+00   0.000000e+00            inf   0.000000e+00  -3.697665e+38   0.000000e+00   0.000000e+00   7.853888e+12   7.523463e+12   7.479894e+12   4.337854e+24   3.996001e+34   0.000000e+00  -2.988966e+47   3.244677e+37   3.287863e+47   0.000000e+00   0.000000e+00   0.000000e+00   0.000000e+00   0.000000e+00   0.000000e+00   0.000000e+00   0.000000e+00   0.000000e+00   0.000000e+00   0.000000e+00   0.000000e+00   0.000000e+00
           1548   1.192320e+07      1.0000000      0.0000000   3.996000e+30   0.000000e+00   3.996000e+30   0.000000e+00   0.000000e+00   0.000000e+00   0.000000e+00   0.000000e+00   0.000000e+00            inf   0.000000e+00  -3.699124e+38   0.000000e+00   0.000000e+00   7.853888e+12   7.524327e+12   7.479894e+12   4.389331e+24   3.996001e+34   0.000000e+00  -2.988966e+47   3.283179e+37   3.287863e+47   0.000000e+00   0.000000e+00   0.000000e+00   0.000000e+00   0.000000e+00   0.000000e+00   0.000000e+00   0.000000e+00   0.000000e+00   0.000000e+00   0.000000e+00   0.000000e+00   0.000000e+00
           1594   1.200960e+07      1.0000000      0.0000000   3.996000e+30   0.000000e+00   3.996000e+30   0.000000e+00   0.000000e+00   0.000000e+00   0.000000e+00   0.000000e+00   0.000000e+00            inf   0.000000e+00  -3.700580e+38   0.000000e+00   0.000000e+00   7.853888e+12   7.525191e+12   7.479894e+12   4.442927e+24   3.996002e+34   0.000000e+00  -2.988967e+47   3.323257e+37   3.287863e+47   0.000000e+00   0.000000e+00   0.000000e+00   0.000000e+00   0.000000e+00   0.000000e+00   0.000000e+00   0.000000e+00   0.000000e+00   0.000000e+00   0.000000e+00   0.000000e+00   0.000000e+00
           1679   1.209600e+07      1.0000000      0.0000000   3.996000e+30   0.000000e+00   3.996000e+30   0.000000e+00   0.000000e+00   0.000000e+00   0.000000e+00   0.000000e+00   0.000000e+00            inf   0.000000e+00  -3.702034e+38   0.000000e+00   0.000000e+00   7.853888e+12   7.526055e+12   7.479894e+12   4.499539e+24   3.996001e+34   0.000000e+00  -2.988966e+47   3.365602e+37   3.287863e+47   0.000000e+00   0.000000e+00   0.000000e+00   0.000000e+00   0.000000e+00   0.000000e+00   0.000000e+00   0.000000e+00   0.000000e+00   0.000000e+00   0.000000e+00   0.000000e+00   0.000000e+00
           1771   1.218240e+07      1.0000000      0.0000000   3.996000e+30   0.000000e+00   3.996000e+30   0.000000e+00   0.000000e+00   0.000000e+00   0.000000e+00   0.000000e+00   0.000000e+00            inf   0.000000e+00  -3.703486e+38   0.000000e+00   0.000000e+00   7.853888e+12   7.526919e+12   7.479894e+12   4.561210e+24   3.996001e+34   0.000000e+00  -2.988966e+47   3.411730e+37   3.287863e+47   0.000000e+00   0.000000e+00   0.000000e+00   0.000000e+00   0.000000e+00   0.000000e+00   0.000000e+00   0.000000e+00   0.000000e+00   0.000000e+00   0.000000e+00   0.000000e+00   0.000000e+00
           2010   1.226880e+07      1.0000000      0.0000000   3.996000e+30   0.000000e+00   3.996000e+30   0.000000e+00   0.000000e+00   0.000000e+00   0.000000e+00   0.000000e+00   0.000000e+00            inf   0.000000e+00  -3.704935e+38   0.000000e+00   0.000000e+00   7.853888e+12   7.527783e+12   7.479894e+12   4.631525e+24   3.996001e+34   0.000000e+00  -2.988966e+47   3.464330e+37   3.287863e+47   0.000000e+00   0.000000e+00   0.000000e+00   0.000000e+00   0.000000e+00   0.000000e+00   0.000000e+00   0.000000e+00   0.000000e+00   0.000000e+00   0.000000e+00   0.000000e+00   0.000000e+00
           2623   1.235520e+07      1.0000000      0.0000000   3.996000e+30   0.000000e+00   3.996000e+30   0.000000e+00   0.000000e+00   0.000000e+00   0.000000e+00   0.000000e+00   0.000000e+00            inf   0.000000e+00  -3.706380e+38   0.000000e+00   0.000000e+00   7.853888e+12   7.528647e+12   7.479894e+12   4.636587e+24   3.996001e+34   0.000000e+00  -2.988966e+47   3.468124e+37   3.287863e+47   0.000000e+00   0.000000e+00   0.000000e+00   0.000000e+00   0.000000e+00   0.000000e+00   0.000000e+00   0.000000e+00   0.000000e+00   0.000000e+00   0.000000e+00   0.000000e+00   0.000000e+00
           3105   1.244160e+07      1.0000000      0.0000000   3.996000e+30   0.000000e+00   3.996000e+30   0.000000e+00   0.000000e+00   0.000000e+00   0.000000e+00   0.000000e+00   0.000000e+00            inf   0.000000e+00  -3.707823e+38   0.000000e+00   0.000000e+00   7.853888e+12   7.529511e+12   7.479894e+12   4.639893e+24   3.996001e+34   0.000000e+00  -2.988966e+47   3.470588e+37   3.287863e+47   0.000000e+00   0.000000e+00   0.000000e+00   0.000000e+00   0.000000e+00   0.000000e+00   0.000000e+00   0.000000e+00   0.000000e+00   0.000000e+00   0.000000e+00   0.000000e+00   0.000000e+00
           3538   1.252800e+07      1.0000000      0.0000000   3.996000e+30   0.000000e+00   3.996000e+30   0.000000e+00   0.000000e+00   0.000000e+00   0.000000e+00   0.000000e+00   0.000000e+00            inf   0.000000e+00  -3.708786e+38   0.000000e+00   0.000000e+00   7.853888e+12   7.530375e+12   7.479894e+12   4.664510e+24   3.996001e+34   0.000000e+00  -2.988966e+47   3.489003e+37   3.287863e+47   0.000000e+00   0.000000e+00   0.000000e+00   0.000000e+00   0.000000e+00   0.000000e+00   0.000000e+00   0.000000e+00   0.000000e+00   0.000000e+00   0.000000e+00   0.000000e+00   0.000000e+00
           4032   1.261440e+07      1.0000000      0.0000000   3.996000e+30   0.000000e+00   3.996000e+30   0.000000e+00   0.000000e+00   0.000000e+00   0.000000e+00   0.000000e+00   0.000000e+00            inf   0.000000e+00  -3.710225e+38   0.000000e+00   0.000000e+00   7.853888e+12   7.531239e+12   7.479894e+12   4.667418e+24   3.996001e+34   0.000000e+00  -2.988966e+47   3.491178e+37   3.287863e+47   0.000000e+00   0.000000e+00   0.000000e+00   0.000000e+00   0.000000e+00   0.000000e+00   0.000000e+00   0.000000e+00   0.000000e+00   0.000000e+00   0.000000e+00   0.000000e+00   0.000000e+00
           4495   1.270080e+07      1.0000000      0.0000000   3.996000e+30   0.000000e+00   3.996000e+30   0.000000e+00   0.000000e+00   0.000000e+00   0.000000e+00   0.000000e+00   0.000000e+00            inf   0.000000e+00  -3.711664e+38   0.000000e+00   0.000000e+00   7.853888e+12   7.532103e+12   7.479894e+12   4.713014e+24   3.996001e+34   0.000000e+00  -2.988966e+47   3.525287e+37   3.287863e+47   0.000000e+00   0.000000e+00   0.000000e+00   0.000000e+00   0.000000e+00   0.000000e+00   0.000000e+00   0.000000e+00   0.000000e+00   0.000000e+00   0.000000e+00   0.000000e+00   0.000000e+00
           4738   1.278720e+07      1.0000000      0.0000000   3.996000e+30   0.000000e+00   3.996000e+30   0.000000e+00   0.000000e+00   0.000000e+00   0.000000e+00   0.000000e+00   0.000000e+00            inf   0.000000e+00  -3.713097e+38   0.000000e+00   0.000000e+00   7.853888e+12   7.532967e+12   7.479894e+12   4.801482e+24   3.996001e+34   0.000000e+00  -2.988966e+47   3.591452e+37   3.287863e+47   0.000000e+00   0.000000e+00   0.000000e+00   0.000000e+00   0.000000e+00   0.000000e+00   0.000000e+00   0.000000e+00   0.000000e+00   0.000000e+00   0.000000e+00   0.000000e+00   0.000000e+00
           5205   1.287360e+07      1.0000000      0.0000000   3.996000e+30   0.000000e+00   3.996000e+30   0.000000e+00   0.000000e+00   0.000000e+00   0.000000e+00   0.000000e+00   0.000000e+00            inf   0.000000e+00  -3.714529e+38   0.000000e+00   0.000000e+00   7.853888e+12   7.533831e+12   7.479894e+12   4.854086e+24   3.996001e+34   0.000000e+00  -2.988966e+47   3.630801e+37   3.287863e+47   0.000000e+00   0.000000e+00   0.000000e+00   0.000000e+00   0.000000e+00   0.000000e+00   0.000000e+00   0.000000e+00   0.000000e+00   0.000000e+00   0.000000e+00   0.000000e+00   0.000000e+00
           5827   1.296000e+07      1.0000000      0.0000000   3.996000e+30   0.000000e+00   3.996000e+30   0.000000e+00   0.000000e+00   0.000000e+00   0.000000e+00   0.000000e+00   0.000000e+00            inf   0.000000e+00  -3.715961e+38   0.000000e+00   0.000000e+00   7.853888e+12   7.534695e+12   7.479894e+12   4.851912e+24   3.996001e+34   0.000000e+00  -2.988966e+47   3.629175e+37   3.287863e+47   0.000000e+00   0.000000e+00   0.000000e+00   0.000000e+00   0.000000e+00   0.000000e+00   0.000000e+00   0.000000e+00   0.000000e+00   0.000000e+00   0.000000e+00   0.000000e+00   0.000000e+00
           6279   1.304640e+07      1.0000000      0.0000000   3.996000e+30   0.000000e+00   3.996000e+30   0.000000e+00   0.000000e+00   0.000000e+00   0.000000e+00   0.000000e+00   0.000000e+00            inf   0.000000e+00  -3.717386e+38   0.000000e+00   0.000000e+00   7.853888e+12   7.535559e+12   7.479894e+12   4.887395e+24   3.996001e+34   0.000000e+00  -2.988966e+47   3.655727e+37   3.287863e+47   0.000000e+00   0.000000e+00   0.000000e+00   0.000000e+00   0.000000e+00   0.000000e+00   0.000000e+00   0.000000e+00   0.000000e+00   0.000000e+00   0.000000e+00   0.000000e+00   0.000000e+00
           6930   1.313280e+07      1.0000000      0.0000000   3.996000e+30   0.000000e+00   3.996000e+30   0.000000e+00   0.000000e+00   0.000000e+00   0.000000e+00   0.000000e+00   0.000000e+00            inf   0.000000e+00  -3.718809e+38   0.000000e+00   0.000000e+00   7.853888e+12   7.536423e+12   7.479894e+12   4.835732e+24   3.996001e+34   0.000000e+00  -2.988966e+47   3.617067e+37   3.287863e+47   0.000000e+00   0.000000e+00   0.000000e+00   0.000000e+00   0.000000e+00   0.000000e+00   0.000000e+00   0.000000e+00   0.000000e+00   0.000000e+00   0.000000e+00   0.000000e+00   0.000000e+00
           7583   1.321920e+07      1.0000000      0.0000000   3.996000e+30   0.000000e+00   3.996000e+30   0.000000e+00   0.000000e+00   0.000000e+00   0.000000e+00   0.000000e+00   0.000000e+00            inf   0.000000e+00  -3.719757e+38   0.000000e+00   0.000000e+00   7.853888e+12   7.537287e+12   7.479894e+12   4.749809e+24   3.996001e+34   0.000000e+00  -2.988966e+47   3.552809e+37   3.287863e+47   0.000000e+00   0.000000e+00   0.000000e+00   0.000000e+00   0.000000e+00   0.000000e+00   0.000000e+00   0.000000e+00   0.000000e+00   0.000000e+00   0.000000e+00   0.000000e+00   0.000000e+00
           8047   1.330560e+07      1.0000000      0.0000000   3.996000e+30   0.000000e+00   3.996000e+30   0.000000e+00   0.000000e+00   0.000000e+00   0.000000e+00   0.000000e+00   0.000000e+00            inf   0.000000e+00  -3.721178e+38   0.000000e+00   0.000000e+00   7.853888e+12   7.538151e+12   7.479894e+12   4.820207e+24   3.996001e+34   0.000000e+00  -2.988966e+47   3.605463e+37   3.287863e+47   0.000000e+00   0.000000e+00   0.000000e+00   0.000000e+00   0.000000e+00   0.000000e+00   0.000000e+00   0.000000e+00   0.000000e+00   0.000000e+00   0.000000e+00   0.000000e+00   0.000000e+00
           8605   1.339200e+07      1.0000000      0.0000000   3.996000e+30   0.000000e+00   3.996000e+30   0.000000e+00   0.000000e+00   0.000000e+00   0.000000e+00   0.000000e+00   0.000000e+00            inf   0.000000e+00  -3.722596e+38   0.000000e+00   0.000000e+00   7.853888e+12   7.539015e+12   7.479894e+12   4.814513e+24   3.996001e+34   0.000000e+00  -2.988966e+47   3.601204e+37   3.287863e+47   0.000000e+00   0.000000e+00   0.000000e+00   0.000000e+00   0.000000e+00   0.000000e+00   0.000000e+00   0.000000e+00   0.000000e+00   0.000000e+00   0.000000e+00   0.000000e+00   0.000000e+00
           9029   1.347840e+07      1.0000000      0.0000000   3.996000e+30   0.000000e+00   3.996000e+30   0.000000e+00   0.000000e+00   0.000000e+00   0.000000e+00   0.000000e+00   0.000000e+00            inf   0.000000e+00  -3.724011e+38   0.000000e+00   0.000000e+00   7.853888e+12   7.539879e+12   7.479894e+12   4.846553e+24   3.996001e+34   0.000000e+00  -2.988966e+47   3.625173e+37   3.287863e+47   0.000000e+00   0.000000e+00   0.000000e+00   0.000000e+00   0.000000e+00   0.000000e+00   0.000000e+00   0.000000e+00   0.000000e+00   0.000000e+00   0.000000e+00   0.000000e+00   0.000000e+00
           9493   1.356480e+07      1.0000000      0.0000000   3.996000e+30   0.000000e+00   3.996000e+30   0.000000e+00   0.000000e+00   0.000000e+00   0.000000e+00   0.000000e+00   0.000000e+00            inf   0.000000e+00  -3.725424e+38   0.000000e+00   0.000000e+00   7.853888e+12   7.540743e+12   7.479894e+12   4.903819e+24   3.996000e+34   0.000000e+00  -2.988966e+47   3.668007e+37   3.287862e+47   0.000000e+00   0.000000e+00   0.000000e+00   0.000000e+00   0.000000e+00   0.000000e+00   0.000000e+00   0.000000e+00   0.000000e+00   0.000000e+00   0.000000e+00   0.000000e+00   0.000000e+00
           9957   1.365120e+07      1.0000000      0.0000000   3.996000e+30   0.000000e+00   3.996000e+30   0.000000e+00   0.000000e+00   0.000000e+00   0.000000e+00   0.000000e+00   0.000000e+00            inf   0.000000e+00  -3.726829e+38   0.000000e+00   0.000000e+00   7.853888e+12   7.541607e+12   7.479894e+12   4.934656e+24   3.996001e+34   0.000000e+00  -2.988966e+47   3.691073e+37   3.287863e+47   0.000000e+00   0.000000e+00   0.000000e+00   0.000000e+00   0.000000e+00   0.000000e+00   0.000000e+00   0.000000e+00   0.000000e+00   0.000000e+00   0.000000e+00   0.000000e+00   0.000000e+00
          10325   1.373760e+07      1.0000000      0.0000000   3.996000e+30   0.000000e+00   3.996000e+30   0.000000e+00   0.000000e+00   0.000000e+00   0.000000e+00   0.000000e+00   0.000000e+00            inf   0.000000e+00  -3.728237e+38   0.000000e+00   0.000000e+00   7.853888e+12   7.542471e+12   7.479894e+12   4.910839e+24   3.996000e+34   0.000000e+00  -2.988966e+47   3.673246e+37   3.287862e+47   0.000000e+00   0.000000e+00   0.000000e+00   0.000000e+00   0.000000e+00   0.000000e+00   0.000000e+00   0.000000e+00   0.000000e+00   0.000000e+00   0.000000e+00   0.000000e+00   0.000000e+00
          10805   1.382400e+07      1.0000000      0.0000000   3.996000e+30   0.000000e+00   3.996000e+30   0.000000e+00   0.000000e+00   0.000000e+00   0.000000e+00   0.000000e+00   0.000000e+00            inf   0.000000e+00  -3.729642e+38   0.000000e+00   0.000000e+00   7.853888e+12   7.543335e+12   7.479894e+12   4.948973e+24   3.996001e+34   0.000000e+00  -2.988966e+47   3.701784e+37   3.287863e+47   0.000000e+00   0.000000e+00   0.000000e+00   0.000000e+00   0.000000e+00   0.000000e+00   0.000000e+00   0.000000e+00   0.000000e+00   0.000000e+00   0.000000e+00   0.000000e+00   0.000000e+00
          11336   1.391040e+07      1.0000000      0.0000000   3.996000e+30   0.000000e+00   3.996000e+30   0.000000e+00   0.000000e+00   0.000000e+00   0.000000e+00   0.000000e+00   0.000000e+00            inf   0.000000e+00  -3.730574e+38   0.000000e+00   0.000000e+00   7.853888e+12   7.544199e+12   7.479894e+12   4.964719e+24   3.996001e+34   0.000000e+00  -2.988966e+47   3.713561e+37   3.287863e+47   0.000000e+00   0.000000e+00   0.000000e+00   0.000000e+00   0.000000e+00   0.000000e+00   0.000000e+00   0.000000e+00   0.000000e+00   0.000000e+00   0.000000e+00   0.000000e+00   0.000000e+00
          11790   1.399680e+07      1.0000000      0.0000000   3.996000e+30   0.000000e+00   3.996000e+30   0.000000e+00   0.000000e+00   0.000000e+00   0.000000e+00   0.000000e+00   0.000000e+00            inf   0.000000e+00  -3.731977e+38   0.000000e+00   0.000000e+00   7.853888e+12   7.545063e+12   7.479894e+12   5.012638e+24   3.996001e+34   0.000000e+00  -2.988966e+47   3.749406e+37   3.287863e+47   0.000000e+00   0.000000e+00   0.000000e+00   0.000000e+00   0.000000e+00   0.000000e+00   0.000000e+00   0.000000e+00   0.000000e+00   0.000000e+00   0.000000e+00   0.000000e+00   0.000000e+00
          12204   1.408320e+07      1.0000000      0.0000000   3.996000e+30   0.000000e+00   3.996000e+30   0.000000e+00   0.000000e+00   0.000000e+00   0.000000e+00   0.000000e+00   0.000000e+00            inf   0.000000e+00  -3.733371e+38   0.000000e+00   0.000000e+00   7.853888e+12   7.545927e+12   7.479894e+12   5.089936e+24   3.996001e+34   0.000000e+00  -2.988966e+47   3.807216e+37   3.287863e+47   0.000000e+00   0.000000e+00   0.000000e+00   0.000000e+00   0.000000e+00   0.000000e+00   0.000000e+00   0.000000e+00   0.000000e+00   0.000000e+00   0.000000e+00   0.000000e+00   0.000000e+00
          12900   1.416960e+07      1.0000000      0.0000000   3.996000e+30   0.000000e+00   3.996000e+30   0.000000e+00   0.000000e+00   0.000000e+00   0.000000e+00   0.000000e+00   0.000000e+00            inf   0.000000e+00  -3.734762e+38   0.000000e+00   0.000000e+00   7.853888e+12   7.546791e+12   7.479894e+12   5.067759e+24   3.996001e+34   0.000000e+00  -2.988967e+47   3.790632e+37   3.287863e+47   0.000000e+00   0.000000e+00   0.000000e+00   0.000000e+00   0.000000e+00   0.000000e+00   0.000000e+00   0.000000e+00   0.000000e+00   0.000000e+00   0.000000e+00   0.000000e+00   0.000000e+00
          13455   1.425600e+07      1.0000000      0.0000000   3.996000e+30   0.000000e+00   3.996000e+30   0.000000e+00   0.000000e+00   0.000000e+00   0.000000e+00   0.000000e+00   0.000000e+00            inf   0.000000e+00  -3.736156e+38   0.000000e+00   0.000000e+00   7.853888e+12   7.547655e+12   7.479894e+12   5.061205e+24   3.996001e+34   0.000000e+00  -2.988966e+47   3.785741e+37   3.287863e+47   0.000000e+00   0.000000e+00   0.000000e+00   0.000000e+00   0.000000e+00   0.000000e+00   0.000000e+00   0.000000e+00   0.000000e+00   0.000000e+00   0.000000e+00   0.000000e+00   0.000000e+00
          13928   1.434240e+07      1.0000000      0.0000000   3.996000e+30   0.000000e+00   3.996000e+30   0.000000e+00   0.000000e+00   0.000000e+00   0.000000e+00   0.000000e+00   0.000000e+00            inf   0.000000e+00  -3.737541e+38   0.000000e+00   0.000000e+00   7.853888e+12   7.548519e+12   7.479894e+12   5.065056e+24   3.996001e+34   0.000000e+00  -2.988966e+47   3.788612e+37   3.287863e+47   0.000000e+00   0.000000e+00   0.000000e+00   0.000000e+00   0.000000e+00   0.000000e+00   0.000000e+00   0.000000e+00   0.000000e+00   0.000000e+00   0.000000e+00   0.000000e+00   0.000000e+00
          14430   1.442880e+07      1.0000000      0.0000000   3.996000e+30   0.000000e+00   3.996000e+30   0.000000e+00   0.000000e+00   0.000000e+00   0.000000e+00   0.000000e+00   0.000000e+00            inf   0.000000e+00  -3.738924e+38   0.000000e+00   0.000000e+00   7.853888e+12   7.549383e+12   7.479894e+12   4.979969e+24   3.996001e+34   0.000000e+00  -2.988966e+47   3.724978e+37   3.287863e+47   0.000000e+00   0.000000e+00   0.000000e+00   0.000000e+00   0.000000e+00   0.000000e+00   0.000000e+00   0.000000e+00   0.000000e+00   0.000000e+00   0.000000e+00   0.000000e+00   0.000000e+00
          14798   1.451520e+07      1.0000000      0.0000000   3.996000e+30   0.000000e+00   3.996000e+30   0.000000e+00   0.000000e+00   0.000000e+00   0.000000e+00   0.000000e+00   0.000000e+00            inf   0.000000e+00  -3.740303e+38   0.000000e+00   0.000000e+00   7.853888e+12   7.550247e+12   7.479894e+12   5.022640e+24   3.996001e+34   0.000000e+00  -2.988966e+47   3.756882e+37   3.287863e+47   0.000000e+00   0.000000e+00   0.000000e+00   0.000000e+00   0.000000e+00   0.000000e+00   0.000000e+00   0.000000e+00   0.000000e+00   0.000000e+00   0.000000e+00   0.000000e+00   0.000000e+00
          15211   1.460160e+07      1.0000000      0.0000000   3.996000e+30   0.000000e+00   3.996000e+30   0.000000e+00   0.000000e+00   0.000000e+00   0.000000e+00   0.000000e+00   0.000000e+00            inf   0.000000e+00  -3.741225e+38   0.000000e+00   0.000000e+00   7.853888e+12   7.551111e+12   7.479894e+12   5.097068e+24   3.996002e+34   0.000000e+00  -2.988967e+47   3.812571e+37   3.287863e+47   0.000000e+00   0.000000e+00   0.000000e+00   0.000000e+00   0.000000e+00   0.000000e+00   0.000000e+00   0.000000e+00   0.000000e+00   0.000000e+00   0.000000e+00   0.000000e+00   0.000000e+00
          15767   1.468800e+07      1.0000000      0.0000000   3.996000e+30   0.000000e+00   3.996000e+30   0.000000e+00   0.000000e+00   0.000000e+00   0.000000e+00   0.000000e+00   0.000000e+00            inf   0.000000e+00  -3.742601e+38   0.000000e+00   0.000000e+00   7.853888e+12   7.551975e+12   7.479894e+12   5.098611e+24   3.996001e+34   0.000000e+00  -2.988966e+47   3.813712e+37   3.287863e+47   0.000000e+00   0.000000e+00   0.000000e+00   0.000000e+00   0.000000e+00   0.000000e+00   0.000000e+00   0.000000e+00   0.000000e+00   0.000000e+00   0.000000e+00   0.000000e+00   0.000000e+00
          16320   1.477440e+07      1.0000000      0.0000000   3.996000e+30   0.000000e+00   3.996000e+30   0.000000e+00   0.000000e+00   0.000000e+00   0.000000e+00   0.000000e+00   0.000000e+00            inf   0.000000e+00  -3.743975e+38   0.000000e+00   0.000000e+00   7.853888e+12   7.552839e+12   7.479894e+12   5.071268e+24   3.996002e+34   0.000000e+00  -2.988967e+47   3.793248e+37   3.287863e+47   0.000000e+00   0.000000e+00   0.000000e+00   0.000000e+00   0.000000e+00   0.000000e+00   0.000000e+00   0.000000e+00   0.000000e+00   0.000000e+00   0.000000e+00   0.000000e+00   0.000000e+00
          16844   1.486080e+07      1.0000000      0.0000000   3.996000e+30   0.000000e+00   3.996000e+30   0.000000e+00   0.000000e+00   0.000000e+00   0.000000e+00   0.000000e+00   0.000000e+00            inf   0.000000e+00  -3.745346e+38   0.000000e+00   0.000000e+00   7.853888e+12   7.553703e+12   7.479894e+12   5.062686e+24   3.996002e+34   0.000000e+00  -2.988967e+47   3.786832e+37   3.287863e+47   0.000000e+00   0.000000e+00   0.000000e+00   0.000000e+00   0.000000e+00   0.000000e+00   0.000000e+00   0.000000e+00   0.000000e+00   0.000000e+00   0.000000e+00   0.000000e+00   0.000000e+00
          17471   1.494720e+07      1.0000000      0.0000000   3.996000e+30   0.000000e+00   3.996000e+30   0.000000e+00   0.000000e+00   0.000000e+00   0.000000e+00   0.000000e+00   0.000000e+00            inf   0.000000e+00  -3.746714e+38   0.000000e+00   0.000000e+00   7.853888e+12   7.554567e+12   7.479894e+12   5.048790e+24   3.996001e+34   0.000000e+00  -2.988966e+47   3.776436e+37   3.287863e+47   0.000000e+00   0.000000e+00   0.000000e+00   0.000000e+00   0.000000e+00   0.000000e+00   0.000000e+00   0.000000e+00   0.000000e+00   0.000000e+00   0.000000e+00   0.000000e+00   0.000000e+00
          18117   1.503360e+07      1.0000000      0.0000000   3.996000e+30   0.000000e+00   3.996000e+30   0.000000e+00   0.000000e+00   0.000000e+00   0.000000e+00   0.000000e+00   0.000000e+00            inf   0.000000e+00  -3.748079e+38   0.000000e+00   0.000000e+00   7.853888e+12   7.555431e+12   7.479894e+12   5.055724e+24   3.996002e+34   0.000000e+00  -2.988967e+47   3.781629e+37   3.287863e+47   0.000000e+00   0.000000e+00   0.000000e+00   0.000000e+00   0.000000e+00   0.000000e+00   0.000000e+00   0.000000e+00   0.000000e+00   0.000000e+00   0.000000e+00   0.000000e+00   0.000000e+00
          18591   1.512000e+07      1.0000000      0.0000000   3.996000e+30   0.000000e+00   3.996000e+30   0.000000e+00   0.000000e+00   0.000000e+00   0.000000e+00   0.000000e+00   0.000000e+00            inf   0.000000e+00  -3.749441e+38   0.000000e+00   0.000000e+00   7.853888e+12   7.556295e+12   7.479894e+12   5.112882e+24   3.996001e+34   0.000000e+00  -2.988966e+47   3.824368e+37   3.287863e+47   0.000000e+00   0.000000e+00   0.000000e+00   0.000000e+00   0.000000e+00   0.000000e+00   0.000000e+00   0.000000e+00   0.000000e+00   0.000000e+00   0.000000e+00   0.000000e+00   0.000000e+00
          19144   1.520640e+07      1.0000000      0.0000000   3.996000e+30   0.000000e+00   3.996000e+30   0.000000e+00   0.000000e+00   0.000000e+00   0.000000e+00   0.000000e+00   0.000000e+00            inf   0.000000e+00  -3.750795e+38   0.000000e+00   0.000000e+00   7.853888e+12   7.557159e+12   7.479894e+12   5.109583e+24   3.996002e+34   0.000000e+00  -2.988967e+47   3.821921e+37   3.287864e+47   0.000000e+00   0.000000e+00   0.000000e+00   0.000000e+00   0.000000e+00   0.000000e+00   0.000000e+00   0.000000e+00   0.000000e+00   0.000000e+00   0.000000e+00   0.000000e+00   0.000000e+00
          19621   1.529280e+07      1.0000000      0.0000000   3.996000e+30   0.000000e+00   3.996000e+30   0.000000e+00   0.000000e+00   0.000000e+00   0.000000e+00   0.000000e+00   0.000000e+00            inf   0.000000e+00  -3.751702e+38   0.000000e+00   0.000000e+00   7.853888e+12   7.558023e+12   7.479894e+12   5.163140e+24   3.996002e+34   0.000000e+00  -2.988967e+47   3.861970e+37   3.287864e+47   0.000000e+00   0.000000e+00   0.000000e+00   0.000000e+00   0.000000e+00   0.000000e+00   0.000000e+00   0.000000e+00   0.000000e+00   0.000000e+00   0.000000e+00   0.000000e+00   0.000000e+00
          20197   1.537920e+07      1.0000000      0.0000000   3.996000e+30   0.000000e+00   3.996000e+30   0.000000e+00   0.000000e+00   0.000000e+00   0.000000e+00   0.000000e+00   0.000000e+00            inf   0.000000e+00  -3.753052e+38   0.000000e+00   0.000000e+00   7.853888e+12   7.558887e+12   7.479894e+12   5.185201e+24   3.996002e+34   0.000000e+00  -2.988967e+47   3.878476e+37   3.287863e+47   0.000000e+00   0.000000e+00   0.000000e+00   0.000000e+00   0.000000e+00   0.000000e+00   0.000000e+00   0.000000e+00   0.000000e+00   0.000000e+00   0.000000e+00   0.000000e+00   0.000000e+00
          20659   1.546560e+07      1.0000000      0.0000000   3.996000e+30   0.000000e+00   3.996000e+30   0.000000e+00   0.000000e+00   0.000000e+00   0.000000e+00   0.000000e+00   0.000000e+00            inf   0.000000e+00  -3.754405e+38   0.000000e+00   0.000000e+00   7.853888e+12   7.559751e+12   7.479894e+12   5.230987e+24   3.996002e+34   0.000000e+00  -2.988967e+47   3.912718e+37   3.287863e+47   0.000000e+00   0.000000e+00   0.000000e+00   0.000000e+00   0.000000e+00   0.000000e+00   0.000000e+00   0.000000e+00   0.000000e+00   0.000000e+00   0.000000e+00   0.000000e+00   0.000000e+00
          21166   1.555200e+07      1.0000000      0.0000000   3.996000e+30   0.000000e+00   3.996000e+30   0.000000e+00   0.000000e+00   0.000000e+00   0.000000e+00   0.000000e+00   0.000000e+00            inf   0.000000e+00  -3.755748e+38   0.000000e+00   0.000000e+00   7.853888e+12   7.560615e+12   7.479894e+12   5.250935e+24   3.996002e+34   0.000000e+00  -2.988967e+47   3.927644e+37   3.287864e+47   0.000000e+00   0.000000e+00   0.000000e+00   0.000000e+00   0.000000e+00   0.000000e+00   0.000000e+00   0.000000e+00   0.000000e+00   0.000000e+00   0.000000e+00   0.000000e+00   0.000000e+00
          21745   1.563840e+07      1.0000000      0.0000000   3.996000e+30   0.000000e+00   3.996000e+30   0.000000e+00   0.000000e+00   0.000000e+00   0.000000e+00   0.000000e+00   0.000000e+00            inf   0.000000e+00  -3.757093e+38   0.000000e+00   0.000000e+00   7.853888e+12   7.561479e+12   7.479894e+12   5.253093e+24   3.996002e+34   0.000000e+00  -2.988967e+47   3.929253e+37   3.287863e+47   0.000000e+00   0.000000e+00   0.000000e+00   0.000000e+00   0.000000e+00   0.000000e+00   0.000000e+00   0.000000e+00   0.000000e+00   0.000000e+00   0.000000e+00   0.000000e+00   0.000000e+00
          22351   1.572480e+07      1.0000000      0.0000000   3.996000e+30   0.000000e+00   3.996000e+30   0.000000e+00   0.000000e+00   0.000000e+00   0.000000e+00   0.000000e+00   0.000000e+00            inf   0.000000e+00  -3.758432e+38   0.000000e+00   0.000000e+00   7.853888e+12   7.562343e+12   7.479894e+12   5.158522e+24   3.996001e+34   0.000000e+00  -2.988967e+47   3.858507e+37   3.287863e+47   0.000000e+00   0.000000e+00   0.000000e+00   0.000000e+00   0.000000e+00   0.000000e+00   0.000000e+00   0.000000e+00   0.000000e+00   0.000000e+00   0.000000e+00   0.000000e+00   0.000000e+00
          22855   1.581120e+07      1.0000000      0.0000000   3.996000e+30   0.000000e+00   3.996000e+30   0.000000e+00   0.000000e+00   0.000000e+00   0.000000e+00   0.000000e+00   0.000000e+00            inf   0.000000e+00  -3.759771e+38   0.000000e+00   0.000000e+00   7.853888e+12   7.563207e+12   7.479894e+12   5.098635e+24   3.996002e+34   0.000000e+00  -2.988967e+47   3.813716e+37   3.287864e+47   0.000000e+00   0.000000e+00   0.000000e+00   0.000000e+00   0.000000e+00   0.000000e+00   0.000000e+00   0.000000e+00   0.000000e+00   0.000000e+00   0.000000e+00   0.000000e+00   0.000000e+00
          23497   1.589760e+07      1.0000000      0.0000000   3.996000e+30   0.000000e+00   3.996000e+30   0.000000e+00   0.000000e+00   0.000000e+00   0.000000e+00   0.000000e+00   0.000000e+00            inf   0.000000e+00  -3.761102e+38   0.000000e+00   0.000000e+00   7.853888e+12   7.564071e+12   7.479894e+12   4.996597e+24   3.996001e+34   0.000000e+00  -2.988967e+47   3.737408e+37   3.287863e+47   0.000000e+00   0.000000e+00   0.000000e+00   0.000000e+00   0.000000e+00   0.000000e+00   0.000000e+00   0.000000e+00   0.000000e+00   0.000000e+00   0.000000e+00   0.000000e+00   0.000000e+00
          23921   1.598400e+07      1.0000000      0.0000000   3.996000e+30   0.000000e+00   3.996000e+30   0.000000e+00   0.000000e+00   0.000000e+00   0.000000e+00   0.000000e+00   0.000000e+00            inf   0.000000e+00  -3.761991e+38   0.000000e+00   0.000000e+00   7.853888e+12   7.564935e+12   7.479894e+12   5.073089e+24   3.996002e+34   0.000000e+00  -2.988967e+47   3.794617e+37   3.287864e+47   0.000000e+00   0.000000e+00   0.000000e+00   0.000000e+00   0.000000e+00   0.000000e+00   0.000000e+00   0.000000e+00   0.000000e+00   0.000000e+00   0.000000e+00   0.000000e+00   0.000000e+00
          24485   1.607040e+07      1.0000000      0.0000000   3.996000e+30   0.000000e+00   3.996000e+30   0.000000e+00   0.000000e+00   0.000000e+00   0.000000e+00   0.000000e+00   0.000000e+00            inf   0.000000e+00  -3.763318e+38   0.000000e+00   0.000000e+00   7.853888e+12   7.565799e+12   7.479894e+12   5.107172e+24   3.996002e+34   0.000000e+00  -2.988967e+47   3.820111e+37   3.287864e+47   0.000000e+00   0.000000e+00   0.000000e+00   0.000000e+00   0.000000e+00   0.000000e+00   0.000000e+00   0.000000e+00   0.000000e+00   0.000000e+00   0.000000e+00   0.000000e+00   0.000000e+00
          24940   1.615680e+07      1.0000000      0.0000000   3.996000e+30   0.000000e+00   3.996000e+30   0.000000e+00   0.000000e+00   0.000000e+00   0.000000e+00   0.000000e+00   0.000000e+00            inf   0.000000e+00  -3.764642e+38   0.000000e+00   0.000000e+00   7.853888e+12   7.566663e+12   7.479894e+12   5.107667e+24   3.996002e+34   0.000000e+00  -2.988967e+47   3.820475e+37   3.287864e+47   0.000000e+00   0.000000e+00   0.000000e+00   0.000000e+00   0.000000e+00   0.000000e+00   0.000000e+00   0.000000e+00   0.000000e+00   0.000000e+00   0.000000e+00   0.000000e+00   0.000000e+00
          25439   1.624320e+07      1.0000000      0.0000000   3.996000e+30   0.000000e+00   3.996000e+30   0.000000e+00   0.000000e+00   0.000000e+00   0.000000e+00   0.000000e+00   0.000000e+00            inf   0.000000e+00  -3.765962e+38   0.000000e+00   0.000000e+00   7.853888e+12   7.567527e+12   7.479894e+12   5.038171e+24   3.996002e+34   0.000000e+00  -2.988967e+47   3.768495e+37   3.287863e+47   0.000000e+00   0.000000e+00   0.000000e+00   0.000000e+00   0.000000e+00   0.000000e+00   0.000000e+00   0.000000e+00   0.000000e+00   0.000000e+00   0.000000e+00   0.000000e+00   0.000000e+00
          25807   1.632960e+07      1.0000000      0.0000000   3.996000e+30   0.000000e+00   3.996000e+30   0.000000e+00   0.000000e+00   0.000000e+00   0.000000e+00   0.000000e+00   0.000000e+00            inf   0.000000e+00  -3.767280e+38   0.000000e+00   0.000000e+00   7.853888e+12   7.568391e+12   7.479894e+12   5.113805e+24   3.996002e+34   0.000000e+00  -2.988967e+47   3.825079e+37   3.287864e+47   0.000000e+00   0.000000e+00   0.000000e+00   0.000000e+00   0.000000e+00   0.000000e+00   0.000000e+00   0.000000e+00   0.000000e+00   0.000000e+00   0.000000e+00   0.000000e+00   0.000000e+00
          26279   1.641600e+07      1.0000000      0.0000000   3.996000e+30   0.000000e+00   3.996000e+30   0.000000e+00   0.000000e+00   0.000000e+00   0.000000e+00   0.000000e+00   0.000000e+00            inf   0.000000e+00  -3.768596e+38   0.000000e+00   0.000000e+00   7.853888e+12   7.569255e+12   7.479894e+12   5.179836e+24   3.996002e+34   0.000000e+00  -2.988967e+47   3.874459e+37   3.287864e+47   0.000000e+00   0.000000e+00   0.000000e+00   0.000000e+00   0.000000e+00   0.000000e+00   0.000000e+00   0.000000e+00   0.000000e+00   0.000000e+00   0.000000e+00   0.000000e+00   0.000000e+00
          26799   1.650240e+07      1.0000000      0.0000000   3.996000e+30   0.000000e+00   3.996000e+30   0.000000e+00   0.000000e+00   0.000000e+00   0.000000e+00   0.000000e+00   0.000000e+00            inf   0.000000e+00  -3.769910e+38   0.000000e+00   0.000000e+00   7.853888e+12   7.570119e+12   7.479894e+12   5.204042e+24   3.996002e+34   0.000000e+00  -2.988967e+47   3.892566e+37   3.287864e+47   0.000000e+00   0.000000e+00   0.000000e+00   0.000000e+00   0.000000e+00   0.000000e+00   0.000000e+00   0.000000e+00   0.000000e+00   0.000000e+00   0.000000e+00   0.000000e+00   0.000000e+00
          27501   1.658880e+07      1.0000000      0.0000000   3.996000e+30   0.000000e+00   3.996000e+30   0.000000e+00   0.000000e+00   0.000000e+00   0.000000e+00   0.000000e+00   0.000000e+00            inf   0.000000e+00  -3.771217e+38   0.000000e+00   0.000000e+00   7.853888e+12   7.570983e+12   7.479894e+12   5.092285e+24   3.996002e+34   0.000000e+00  -2.988967e+47   3.808979e+37   3.287864e+47   0.000000e+00   0.000000e+00   0.000000e+00   0.000000e+00   0.000000e+00   0.000000e+00   0.000000e+00   0.000000e+00   0.000000e+00   0.000000e+00   0.000000e+00   0.000000e+00   0.000000e+00
          28182   1.667520e+07      1.0000000      0.0000000   3.996000e+30   0.000000e+00   3.996000e+30   0.000000e+00   0.000000e+00   0.000000e+00   0.000000e+00   0.000000e+00   0.000000e+00            inf   0.000000e+00  -3.772086e+38   0.000000e+00   0.000000e+00   7.853888e+12   7.571847e+12   7.479894e+12   5.051876e+24   3.996002e+34   0.000000e+00  -2.988967e+47   3.778746e+37   3.287864e+47   0.000000e+00   0.000000e+00   0.000000e+00   0.000000e+00   0.000000e+00   0.000000e+00   0.000000e+00   0.000000e+00   0.000000e+00   0.000000e+00   0.000000e+00   0.000000e+00   0.000000e+00
          28817   1.676160e+07      1.0000000      0.0000000   3.996000e+30   0.000000e+00   3.996000e+30   0.000000e+00   0.000000e+00   0.000000e+00   0.000000e+00   0.000000e+00   0.000000e+00            inf   0.000000e+00  -3.773388e+38   0.000000e+00   0.000000e+00   7.853888e+12   7.572711e+12   7.479894e+12   4.992261e+24   3.996002e+34   0.000000e+00  -2.988967e+47   3.734156e+37   3.287864e+47   0.000000e+00   0.000000e+00   0.000000e+00   0.000000e+00   0.000000e+00   0.000000e+00   0.000000e+00   0.000000e+00   0.000000e+00   0.000000e+00   0.000000e+00   0.000000e+00   0.000000e+00
          29429   1.684800e+07      1.0000000      0.0000000   3.996000e+30   0.000000e+00   3.996000e+30   0.000000e+00   0.000000e+00   0.000000e+00   0.000000e+00   0.000000e+00   0.000000e+00            inf   0.000000e+00  -3.774684e+38   0.000000e+00   0.000000e+00   7.853888e+12   7.573575e+12   7.479894e+12   5.002531e+24   3.996002e+34   0.000000e+00  -2.988967e+47   3.741841e+37   3.287864e+47   0.000000e+00   0.000000e+00   0.000000e+00   0.000000e+00   0.000000e+00   0.000000e+00   0.000000e+00   0.000000e+00   0.000000e+00   0.000000e+00   0.000000e+00   0.000000e+00   0.000000e+00
          30001   1.693440e+07      1.0000000      0.0000000   3.996000e+30   0.000000e+00   3.996000e+30   0.000000e+00   0.000000e+00   0.000000e+00   0.000000e+00   0.000000e+00   0.000000e+00            inf   0.000000e+00  -3.775981e+38   0.000000e+00   0.000000e+00   7.853888e+12   7.574439e+12   7.479894e+12   5.065923e+24   3.996002e+34   0.000000e+00  -2.988967e+47   3.789252e+37   3.287864e+47   0.000000e+00   0.000000e+00   0.000000e+00   0.000000e+00   0.000000e+00   0.000000e+00   0.000000e+00   0.000000e+00   0.000000e+00   0.000000e+00   0.000000e+00   0.000000e+00   0.000000e+00
          30465   1.702080e+07      1.0000000      0.0000000   3.996000e+30   0.000000e+00   3.996000e+30   0.000000e+00   0.000000e+00   0.000000e+00   0.000000e+00   0.000000e+00   0.000000e+00            inf   0.000000e+00  -3.777274e+38   0.000000e+00   0.000000e+00   7.853888e+12   7.575303e+12   7.479894e+12   5.091270e+24   3.996003e+34   0.000000e+00  -2.988967e+47   3.808216e+37   3.287864e+47   0.000000e+00   0.000000e+00   0.000000e+00   0.000000e+00   0.000000e+00   0.000000e+00   0.000000e+00   0.000000e+00   0.000000e+00   0.000000e+00   0.000000e+00   0.000000e+00   0.000000e+00
          30957   1.710720e+07      1.0000000      0.0000000   3.996000e+30   0.000000e+00   3.996000e+30   0.000000e+00   0.000000e+00   0.000000e+00   0.000000e+00   0.000000e+00   0.000000e+00            inf   0.000000e+00  -3.778563e+38   0.000000e+00   0.000000e+00   7.853888e+12   7.576167e+12   7.479894e+12   5.136158e+24   3.996003e+34   0.000000e+00  -2.988968e+47   3.841801e+37   3.287864e+47   0.000000e+00   0.000000e+00   0.000000e+00   0.000000e+00   0.000000e+00   0.000000e+00   0.000000e+00   0.000000e+00   0.000000e+00   0.000000e+00   0.000000e+00   0.000000e+00   0.000000e+00
          31443   1.719360e+07      1.0000000      0.0000000   3.996000e+30   0.000000e+00   3.996000e+30   0.000000e+00   0.000000e+00   0.000000e+00   0.000000e+00   0.000000e+00   0.000000e+00            inf   0.000000e+00  -3.779843e+38   0.000000e+00   0.000000e+00   7.853888e+12   7.577031e+12   7.479894e+12   5.160122e+24   3.996002e+34   0.000000e+00  -2.988967e+47   3.859720e+37   3.287864e+47   0.000000e+00   0.000000e+00   0.000000e+00   0.000000e+00   0.000000e+00   0.000000e+00   0.000000e+00   0.000000e+00   0.000000e+00   0.000000e+00   0.000000e+00   0.000000e+00   0.000000e+00
          31872   1.728000e+07      1.0000000      0.0000000   3.996000e+30   0.000000e+00   3.996000e+30   0.000000e+00   0.000000e+00   0.000000e+00   0.000000e+00   0.000000e+00   0.000000e+00            inf   0.000000e+00  -3.781125e+38   0.000000e+00   0.000000e+00   7.853888e+12   7.577895e+12   7.479894e+12   5.158904e+24   3.996002e+34   0.000000e+00  -2.988967e+47   3.858796e+37   3.287863e+47   0.000000e+00   0.000000e+00   0.000000e+00   0.000000e+00   0.000000e+00   0.000000e+00   0.000000e+00   0.000000e+00   0.000000e+00   0.000000e+00   0.000000e+00   0.000000e+00   0.000000e+00
          32345   1.736640e+07      1.0000000      0.0000000   3.996000e+30   0.000000e+00   3.996000e+30   0.000000e+00   0.000000e+00   0.000000e+00   0.000000e+00   0.000000e+00   0.000000e+00            inf   0.000000e+00  -3.781977e+38   0.000000e+00   0.000000e+00   7.853888e+12   7.578759e+12   7.479894e+12   5.168676e+24   3.996002e+34   0.000000e+00  -2.988967e+47   3.866115e+37   3.287864e+47   0.000000e+00   0.000000e+00   0.000000e+00   0.000000e+00   0.000000e+00   0.000000e+00   0.000000e+00   0.000000e+00   0.000000e+00   0.000000e+00   0.000000e+00   0.000000e+00   0.000000e+00
          33032   1.745280e+07      1.0000000      0.0000000   3.996000e+30   0.000000e+00   3.996000e+30   0.000000e+00   0.000000e+00   0.000000e+00   0.000000e+00   0.000000e+00   0.000000e+00            inf   0.000000e+00  -3.783253e+38   0.000000e+00   0.000000e+00   7.853888e+12   7.579623e+12   7.479894e+12   5.076599e+24   3.996003e+34   0.000000e+00  -2.988968e+47   3.797245e+37   3.287865e+47   0.000000e+00   0.000000e+00   0.000000e+00   0.000000e+00   0.000000e+00   0.000000e+00   0.000000e+00   0.000000e+00   0.000000e+00   0.000000e+00   0.000000e+00   0.000000e+00   0.000000e+00
          33671   1.753920e+07      1.0000000      0.0000000   3.996000e+30   0.000000e+00   3.996000e+30   0.000000e+00   0.000000e+00   0.000000e+00   0.000000e+00   0.000000e+00   0.000000e+00            inf   0.000000e+00  -3.784522e+38   0.000000e+00   0.000000e+00   7.853888e+12   7.580487e+12   7.479894e+12   5.017639e+24   3.996003e+34   0.000000e+00  -2.988968e+47   3.753130e+37   3.287864e+47   0.000000e+00   0.000000e+00   0.000000e+00   0.000000e+00   0.000000e+00   0.000000e+00   0.000000e+00   0.000000e+00   0.000000e+00   0.000000e+00   0.000000e+00   0.000000e+00   0.000000e+00
          34124   1.762560e+07      1.0000000      0.0000000   3.996000e+30   0.000000e+00   3.996000e+30   0.000000e+00   0.000000e+00   0.000000e+00   0.000000e+00   0.000000e+00   0.000000e+00            inf   0.000000e+00  -3.785793e+38   0.000000e+00   0.000000e+00   7.853888e+12   7.581351e+12   7.479894e+12   5.049697e+24   3.996003e+34   0.000000e+00  -2.988967e+47   3.777114e+37   3.287864e+47   0.000000e+00   0.000000e+00   0.000000e+00   0.000000e+00   0.000000e+00   0.000000e+00   0.000000e+00   0.000000e+00   0.000000e+00   0.000000e+00   0.000000e+00   0.000000e+00   0.000000e+00
          34715   1.771200e+07      1.0000000      0.0000000   3.996000e+30   0.000000e+00   3.996000e+30   0.000000e+00   0.000000e+00   0.000000e+00   0.000000e+00   0.000000e+00   0.000000e+00            inf   0.000000e+00  -3.787054e+38   0.000000e+00   0.000000e+00   7.853888e+12   7.582215e+12   7.479894e+12   4.986970e+24   3.996002e+34   0.000000e+00  -2.988967e+47   3.730197e+37   3.287864e+47   0.000000e+00   0.000000e+00   0.000000e+00   0.000000e+00   0.000000e+00   0.000000e+00   0.000000e+00   0.000000e+00   0.000000e+00   0.000000e+00   0.000000e+00   0.000000e+00   0.000000e+00
          35189   1.779840e+07      1.0000000      0.0000000   3.996000e+30   0.000000e+00   3.996000e+30   0.000000e+00   0.000000e+00   0.000000e+00   0.000000e+00   0.000000e+00   0.000000e+00            inf   0.000000e+00  -3.788316e+38   0.000000e+00   0.000000e+00   7.853888e+12   7.583079e+12   7.479894e+12   5.033960e+24   3.996002e+34   0.000000e+00  -2.988967e+47   3.765350e+37   3.287864e+47   0.000000e+00   0.000000e+00   0.000000e+00   0.000000e+00   0.000000e+00   0.000000e+00   0.000000e+00   0.000000e+00   0.000000e+00   0.000000e+00   0.000000e+00   0.000000e+00   0.000000e+00
          35669   1.788480e+07      1.0000000      0.0000000   3.996000e+30   0.000000e+00   3.996000e+30   0.000000e+00   0.000000e+00   0.000000e+00   0.000000e+00   0.000000e+00   0.000000e+00            inf   0.000000e+00  -3.789572e+38   0.000000e+00   0.000000e+00   7.853888e+12   7.583943e+12   7.479894e+12   5.014685e+24   3.996003e+34   0.000000e+00  -2.988968e+47   3.750935e+37   3.287864e+47   0.000000e+00   0.000000e+00   0.000000e+00   0.000000e+00   0.000000e+00   0.000000e+00   0.000000e+00   0.000000e+00   0.000000e+00   0.000000e+00   0.000000e+00   0.000000e+00   0.000000e+00
          36226   1.797120e+07      1.0000000      0.0000000   3.996000e+30   0.000000e+00   3.996000e+30   0.000000e+00   0.000000e+00   0.000000e+00   0.000000e+00   0.000000e+00   0.000000e+00            inf   0.000000e+00  -3.790823e+38   0.000000e+00   0.000000e+00   7.853888e+12   7.584807e+12   7.479894e+12   4.979469e+24   3.996003e+34   0.000000e+00  -2.988968e+47   3.724587e+37   3.287864e+47   0.000000e+00   0.000000e+00   0.000000e+00   0.000000e+00   0.000000e+00   0.000000e+00   0.000000e+00   0.000000e+00   0.000000e+00   0.000000e+00   0.000000e+00   0.000000e+00   0.000000e+00
          36623   1.805760e+07      1.0000000      0.0000000   3.996000e+30   0.000000e+00   3.996000e+30   0.000000e+00   0.000000e+00   0.000000e+00   0.000000e+00   0.000000e+00   0.000000e+00            inf   0.000000e+00  -3.791657e+38   0.000000e+00   0.000000e+00   7.853888e+12   7.585671e+12   7.479894e+12   4.980100e+24   3.996003e+34   0.000000e+00  -2.988968e+47   3.725068e+37   3.287864e+47   0.000000e+00   0.000000e+00   0.000000e+00   0.000000e+00   0.000000e+00   0.000000e+00   0.000000e+00   0.000000e+00   0.000000e+00   0.000000e+00   0.000000e+00   0.000000e+00   0.000000e+00
          36991   1.814400e+07      1.0000000      0.0000000   3.996000e+30   0.000000e+00   3.996000e+30   0.000000e+00   0.000000e+00   0.000000e+00   0.000000e+00   0.000000e+00   0.000000e+00            inf   0.000000e+00  -3.792903e+38   0.000000e+00   0.000000e+00   7.853888e+12   7.586535e+12   7.479894e+12   5.031447e+24   3.996002e+34   0.000000e+00  -2.988967e+47   3.763475e+37   3.287864e+47   0.000000e+00   0.000000e+00   0.000000e+00   0.000000e+00   0.000000e+00   0.000000e+00   0.000000e+00   0.000000e+00   0.000000e+00   0.000000e+00   0.000000e+00   0.000000e+00   0.000000e+00
          37629   1.823040e+07      1.0000000      0.0000000   3.996000e+30   0.000000e+00   3.996000e+30   0.000000e+00   0.000000e+00   0.000000e+00   0.000000e+00   0.000000e+00   0.000000e+00            inf   0.000000e+00  -3.794146e+38   0.000000e+00   0.000000e+00   7.853888e+12   7.587399e+12   7.479894e+12   4.971731e+24   3.996001e+34   0.000000e+00  -2.988966e+47   3.718808e+37   3.287863e+47   0.000000e+00   0.000000e+00   0.000000e+00   0.000000e+00   0.000000e+00   0.000000e+00   0.000000e+00   0.000000e+00   0.000000e+00   0.000000e+00   0.000000e+00   0.000000e+00   0.000000e+00
          38168   1.831680e+07      1.0000000      0.0000000   3.996000e+30   0.000000e+00   3.996000e+30   0.000000e+00   0.000000e+00   0.000000e+00   0.000000e+00   0.000000e+00   0.000000e+00            inf   0.000000e+00  -3.795386e+38   0.000000e+00   0.000000e+00   7.853888e+12   7.588263e+12   7.479894e+12   4.969342e+24   3.996002e+34   0.000000e+00  -2.988967e+47   3.717013e+37   3.287864e+47   0.000000e+00   0.000000e+00   0.000000e+00   0.000000e+00   0.000000e+00   0.000000e+00   0.000000e+00   0.000000e+00   0.000000e+00   0.000000e+00   0.000000e+00   0.000000e+00   0.000000e+00
          38758   1.840320e+07      1.0000000      0.0000000   3.996000e+30   0.000000e+00   3.996000e+30   0.000000e+00   0.000000e+00   0.000000e+00   0.000000e+00   0.000000e+00   0.000000e+00            inf   0.000000e+00  -3.796621e+38   0.000000e+00   0.000000e+00   7.853888e+12   7.589127e+12   7.479894e+12   4.983737e+24   3.996003e+34   0.000000e+00  -2.988968e+47   3.727793e+37   3.287864e+47   0.000000e+00   0.000000e+00   0.000000e+00   0.000000e+00   0.000000e+00   0.000000e+00   0.000000e+00   0.000000e+00   0.000000e+00   0.000000e+00   0.000000e+00   0.000000e+00   0.000000e+00
          39358   1.848960e+07      1.0000000      0.0000000   3.996000e+30   0.000000e+00   3.996000e+30   0.000000e+00   0.000000e+00   0.000000e+00   0.000000e+00   0.000000e+00   0.000000e+00            inf   0.000000e+00  -3.797852e+38   0.000000e+00   0.000000e+00   7.853888e+12   7.589991e+12   7.479894e+12   4.935680e+24   3.996003e+34   0.000000e+00  -2.988968e+47   3.691835e+37   3.287865e+47   0.000000e+00   0.000000e+00   0.000000e+00   0.000000e+00   0.000000e+00   0.000000e+00   0.000000e+00   0.000000e+00   0.000000e+00   0.000000e+00   0.000000e+00   0.000000e+00   0.000000e+00
          39726   1.857600e+07      1.0000000      0.0000000   3.996000e+30   0.000000e+00   3.996000e+30   0.000000e+00   0.000000e+00   0.000000e+00   0.000000e+00   0.000000e+00   0.000000e+00            inf   0.000000e+00  -3.799079e+38   0.000000e+00   0.000000e+00   7.853888e+12   7.590855e+12   7.479894e+12   5.008195e+24   3.996003e+34   0.000000e+00  -2.988968e+47   3.746081e+37   3.287864e+47   0.000000e+00   0.000000e+00   0.000000e+00   0.000000e+00   0.000000e+00   0.000000e+00   0.000000e+00   0.000000e+00   0.000000e+00   0.000000e+00   0.000000e+00   0.000000e+00   0.000000e+00
          40275   1.866240e+07      1.0000000      0.0000000   3.996000e+30   0.000000e+00   3.996000e+30   0.000000e+00   0.000000e+00   0.000000e+00   0.000000e+00   0.000000e+00   0.000000e+00            inf   0.000000e+00  -3.800303e+38   0.000000e+00   0.000000e+00   7.853888e+12   7.591719e+12   7.479894e+12   5.010176e+24   3.996003e+34   0.000000e+00  -2.988967e+47   3.747551e+37   3.287864e+47   0.000000e+00   0.000000e+00   0.000000e+00   0.000000e+00   0.000000e+00   0.000000e+00   0.000000e+00   0.000000e+00   0.000000e+00   0.000000e+00   0.000000e+00   0.000000e+00   0.000000e+00
          40750   1.874880e+07      1.0000000      0.0000000   3.996000e+30   0.000000e+00   3.996000e+30   0.000000e+00   0.000000e+00   0.000000e+00   0.000000e+00   0.000000e+00   0.000000e+00            inf   0.000000e+00  -3.801116e+38   0.000000e+00   0.000000e+00   7.853888e+12   7.592583e+12   7.479894e+12   5.050100e+24   3.996002e+34   0.000000e+00  -2.988967e+47   3.777419e+37   3.287864e+47   0.000000e+00   0.000000e+00   0.000000e+00   0.000000e+00   0.000000e+00   0.000000e+00   0.000000e+00   0.000000e+00   0.000000e+00   0.000000e+00   0.000000e+00   0.000000e+00   0.000000e+00
          41276   1.883520e+07      1.0000000      0.0000000   3.996000e+30   0.000000e+00   3.996000e+30   0.000000e+00   0.000000e+00   0.000000e+00   0.000000e+00   0.000000e+00   0.000000e+00            inf   0.000000e+00  -3.802331e+38   0.000000e+00   0.000000e+00   7.853888e+12   7.593447e+12   7.479894e+12   5.076731e+24   3.996001e+34   0.000000e+00  -2.988966e+47   3.797334e+37   3.287863e+47   0.000000e+00   0.000000e+00   0.000000e+00   0.000000e+00   0.000000e+00   0.000000e+00   0.000000e+00   0.000000e+00   0.000000e+00   0.000000e+00   0.000000e+00   0.000000e+00   0.000000e+00
          41953   1.892160e+07      1.0000000      0.0000000   3.996000e+30   0.000000e+00   3.996000e+30   0.000000e+00   0.000000e+00   0.000000e+00   0.000000e+00   0.000000e+00   0.000000e+00            inf   0.000000e+00  -3.803545e+38   0.000000e+00   0.000000e+00   7.853888e+12   7.594311e+12   7.479894e+12   5.030657e+24   3.996002e+34   0.000000e+00  -2.988967e+47   3.762871e+37   3.287864e+47   0.000000e+00   0.000000e+00   0.000000e+00   0.000000e+00   0.000000e+00   0.000000e+00   0.000000e+00   0.000000e+00   0.000000e+00   0.000000e+00   0.000000e+00   0.000000e+00   0.000000e+00
          42568   1.900800e+07      1.0000000      0.0000000   3.996000e+30   0.000000e+00   3.996000e+30   0.000000e+00   0.000000e+00   0.000000e+00   0.000000e+00   0.000000e+00   0.000000e+00            inf   0.000000e+00  -3.804753e+38   0.000000e+00   0.000000e+00   7.853888e+12   7.595175e+12   7.479894e+12   4.984585e+24   3.996002e+34   0.000000e+00  -2.988967e+47   3.728409e+37   3.287864e+47   0.000000e+00   0.000000e+00   0.000000e+00   0.000000e+00   0.000000e+00   0.000000e+00   0.000000e+00   0.000000e+00   0.000000e+00   0.000000e+00   0.000000e+00   0.000000e+00   0.000000e+00
          43116   1.909440e+07      1.0000000      0.0000000   3.996000e+30   0.000000e+00   3.996000e+30   0.000000e+00   0.000000e+00   0.000000e+00   0.000000e+00   0.000000e+00   0.000000e+00            inf   0.000000e+00  -3.805958e+38   0.000000e+00   0.000000e+00   7.853888e+12   7.596039e+12   7.479894e+12   5.014160e+24   3.996003e+34   0.000000e+00  -2.988968e+47   3.750540e+37   3.287864e+47   0.000000e+00   0.000000e+00   0.000000e+00   0.000000e+00   0.000000e+00   0.000000e+00   0.000000e+00   0.000000e+00   0.000000e+00   0.000000e+00   0.000000e+00   0.000000e+00   0.000000e+00
          43674   1.918080e+07      1.0000000      0.0000000   3.996000e+30   0.000000e+00   3.996000e+30   0.000000e+00   0.000000e+00   0.000000e+00   0.000000e+00   0.000000e+00   0.000000e+00            inf   0.000000e+00  -3.807158e+38   0.000000e+00   0.000000e+00   7.853888e+12   7.596903e+12   7.479894e+12   5.083540e+24   3.996003e+34   0.000000e+00  -2.988968e+47   3.802441e+37   3.287864e+47   0.000000e+00   0.000000e+00   0.000000e+00   0.000000e+00   0.000000e+00   0.000000e+00   0.000000e+00   0.000000e+00   0.000000e+00   0.000000e+00   0.000000e+00   0.000000e+00   0.000000e+00
          44299   1.926720e+07      1.0000000      0.0000000   3.996000e+30   0.000000e+00   3.996000e+30   0.000000e+00   0.000000e+00   0.000000e+00   0.000000e+00   0.000000e+00   0.000000e+00            inf   0.000000e+00  -3.808356e+38   0.000000e+00   0.000000e+00   7.853888e+12   7.597767e+12   7.479894e+12   5.131775e+24   3.996002e+34   0.000000e+00  -2.988967e+47   3.838515e+37   3.287864e+47   0.000000e+00   0.000000e+00   0.000000e+00   0.000000e+00   0.000000e+00   0.000000e+00   0.000000e+00   0.000000e+00   0.000000e+00   0.000000e+00   0.000000e+00   0.000000e+00   0.000000e+00
          44872   1.935360e+07      1.0000000      0.0000000   3.996000e+30   0.000000e+00   3.996000e+30   0.000000e+00   0.000000e+00   0.000000e+00   0.000000e+00   0.000000e+00   0.000000e+00            inf   0.000000e+00  -3.809548e+38   0.000000e+00   0.000000e+00   7.853888e+12   7.598631e+12   7.479894e+12   5.146803e+24   3.996002e+34   0.000000e+00  -2.988967e+47   3.849758e+37   3.287864e+47   0.000000e+00   0.000000e+00   0.000000e+00   0.000000e+00   0.000000e+00   0.000000e+00   0.000000e+00   0.000000e+00   0.000000e+00   0.000000e+00   0.000000e+00   0.000000e+00   0.000000e+00
          45301   1.944000e+07      1.0000000      0.0000000   3.996000e+30   0.000000e+00   3.996000e+30   0.000000e+00   0.000000e+00   0.000000e+00   0.000000e+00   0.000000e+00   0.000000e+00            inf   0.000000e+00  -3.810343e+38   0.000000e+00   0.000000e+00   7.853888e+12   7.599495e+12   7.479894e+12   5.211092e+24   3.996001e+34   0.000000e+00  -2.988967e+47   3.897841e+37   3.287863e+47   0.000000e+00   0.000000e+00   0.000000e+00   0.000000e+00   0.000000e+00   0.000000e+00   0.000000e+00   0.000000e+00   0.000000e+00   0.000000e+00   0.000000e+00   0.000000e+00   0.000000e+00
          45846   1.952640e+07      1.0000000      0.0000000   3.996000e+30   0.000000e+00   3.996000e+30   0.000000e+00   0.000000e+00   0.000000e+00   0.000000e+00   0.000000e+00   0.000000e+00            inf   0.000000e+00  -3.811529e+38   0.000000e+00   0.000000e+00   7.853888e+12   7.600359e+12   7.479894e+12   5.231312e+24   3.996000e+34   0.000000e+00  -2.988966e+47   3.912963e+37   3.287862e+47   0.000000e+00   0.000000e+00   0.000000e+00   0.000000e+00   0.000000e+00   0.000000e+00   0.000000e+00   0.000000e+00   0.000000e+00   0.000000e+00   0.000000e+00   0.000000e+00   0.000000e+00
          46492   1.961280e+07      1.0000000      0.0000000   3.996000e+30   0.000000e+00   3.996000e+30   0.000000e+00   0.000000e+00   0.000000e+00   0.000000e+00   0.000000e+00   0.000000e+00            inf   0.000000e+00  -3.812712e+38   0.000000e+00   0.000000e+00   7.853888e+12   7.601223e+12   7.479894e+12   5.192326e+24   3.996002e+34   0.000000e+00  -2.988967e+47   3.883811e+37   3.287863e+47   0.000000e+00   0.000000e+00   0.000000e+00   0.000000e+00   0.000000e+00   0.000000e+00   0.000000e+00   0.000000e+00   0.000000e+00   0.000000e+00   0.000000e+00   0.000000e+00   0.000000e+00
          47050   1.969920e+07      1.0000000      0.0000000   3.996000e+30   0.000000e+00   3.996000e+30   0.000000e+00   0.000000e+00   0.000000e+00   0.000000e+00   0.000000e+00   0.000000e+00            inf   0.000000e+00  -3.813889e+38   0.000000e+00   0.000000e+00   7.853888e+12   7.602087e+12   7.479894e+12   5.193451e+24   3.996002e+34   0.000000e+00  -2.988967e+47   3.884651e+37   3.287864e+47   0.000000e+00   0.000000e+00   0.000000e+00   0.000000e+00   0.000000e+00   0.000000e+00   0.000000e+00   0.000000e+00   0.000000e+00   0.000000e+00   0.000000e+00   0.000000e+00   0.000000e+00
          47352   1.978560e+07      1.0000000      0.0000000   3.996000e+30   0.000000e+00   3.996000e+30   0.000000e+00   0.000000e+00   0.000000e+00   0.000000e+00   0.000000e+00   0.000000e+00            inf   0.000000e+00  -3.815064e+38   0.000000e+00   0.000000e+00   7.853888e+12   7.602951e+12   7.479894e+12   5.277018e+24   3.996003e+34   0.000000e+00  -2.988968e+47   3.947153e+37   3.287864e+47   0.000000e+00   0.000000e+00   0.000000e+00   0.000000e+00   0.000000e+00   0.000000e+00   0.000000e+00   0.000000e+00   0.000000e+00   0.000000e+00   0.000000e+00   0.000000e+00   0.000000e+00
          47720   1.987200e+07      1.0000000      0.0000000   3.996000e+30   0.000000e+00   3.996000e+30   0.000000e+00   0.000000e+00   0.000000e+00   0.000000e+00   0.000000e+00   0.000000e+00            inf   0.000000e+00  -3.816230e+38   0.000000e+00   0.000000e+00   7.853888e+12   7.603815e+12   7.479894e+12   5.243290e+24   3.996003e+34   0.000000e+00  -2.988968e+47   3.921920e+37   3.287865e+47   0.000000e+00   0.000000e+00   0.000000e+00   0.000000e+00   0.000000e+00   0.000000e+00   0.000000e+00   0.000000e+00   0.000000e+00   0.000000e+00   0.000000e+00   0.000000e+00   0.000000e+00
          48327   1.995840e+07      1.0000000      0.0000000   3.996000e+30   0.000000e+00   3.996000e+30   0.000000e+00   0.000000e+00   0.000000e+00   0.000000e+00   0.000000e+00   0.000000e+00            inf   0.000000e+00  -3.817394e+38   0.000000e+00   0.000000e+00   7.853888e+12   7.604679e+12   7.479894e+12   5.227051e+24   3.996003e+34   0.000000e+00  -2.988968e+47   3.909777e+37   3.287865e+47   0.000000e+00   0.000000e+00   0.000000e+00   0.000000e+00   0.000000e+00   0.000000e+00   0.000000e+00   0.000000e+00   0.000000e+00   0.000000e+00   0.000000e+00   0.000000e+00   0.000000e+00
          48873   2.004480e+07      1.0000000      0.0000000   3.996000e+30   0.000000e+00   3.996000e+30   0.000000e+00   0.000000e+00   0.000000e+00   0.000000e+00   0.000000e+00   0.000000e+00            inf   0.000000e+00  -3.818557e+38   0.000000e+00   0.000000e+00   7.853888e+12   7.605543e+12   7.479894e+12   5.232489e+24   3.996003e+34   0.000000e+00  -2.988968e+47   3.913848e+37   3.287865e+47   0.000000e+00   0.000000e+00   0.000000e+00   0.000000e+00   0.000000e+00   0.000000e+00   0.000000e+00   0.000000e+00   0.000000e+00   0.000000e+00   0.000000e+00   0.000000e+00   0.000000e+00
          49460   2.013120e+07      1.0000000      0.0000000   3.996000e+30   0.000000e+00   3.996000e+30   0.000000e+00   0.000000e+00   0.000000e+00   0.000000e+00   0.000000e+00   0.000000e+00            inf   0.000000e+00  -3.819329e+38   0.000000e+00   0.000000e+00   7.853888e+12   7.606407e+12   7.479894e+12   5.220880e+24   3.996003e+34   0.000000e+00  -2.988968e+47   3.905166e+37   3.287865e+47   0.000000e+00   0.000000e+00   0.000000e+00   0.000000e+00   0.000000e+00   0.000000e+00   0.000000e+00   0.000000e+00   0.000000e+00   0.000000e+00   0.000000e+00   0.000000e+00   0.000000e+00
          50061   2.021760e+07      1.0000000      0.0000000   3.996000e+30   0.000000e+00   3.996000e+30   0.000000e+00   0.000000e+00   0.000000e+00   0.000000e+00   0.000000e+00   0.000000e+00            inf   0.000000e+00  -3.820481e+38   0.000000e+00   0.000000e+00   7.853888e+12   7.607271e+12   7.479894e+12   5.215998e+24   3.996002e+34   0.000000e+00  -2.988967e+47   3.901519e+37   3.287864e+47   0.000000e+00   0.000000e+00   0.000000e+00   0.000000e+00   0.000000e+00   0.000000e+00   0.000000e+00   0.000000e+00   0.000000e+00   0.000000e+00   0.000000e+00   0.000000e+00   0.000000e+00
          50679   2.030400e+07      1.0000000      0.0000000   3.996000e+30   0.000000e+00   3.996000e+30   0.000000e+00   0.000000e+00   0.000000e+00   0.000000e+00   0.000000e+00   0.000000e+00            inf   0.000000e+00  -3.821634e+38   0.000000e+00   0.000000e+00   7.853888e+12   7.608135e+12   7.479894e+12   5.171776e+24   3.996001e+34   0.000000e+00  -2.988967e+47   3.868427e+37   3.287863e+47   0.000000e+00   0.000000e+00   0.000000e+00   0.000000e+00   0.000000e+00   0.000000e+00   0.000000e+00   0.000000e+00   0.000000e+00   0.000000e+00   0.000000e+00   0.000000e+00   0.000000e+00
          51230   2.039040e+07      1.0000000      0.0000000   3.996000e+30   0.000000e+00   3.996000e+30   0.000000e+00   0.000000e+00   0.000000e+00   0.000000e+00   0.000000e+00   0.000000e+00            inf   0.000000e+00  -3.822777e+38   0.000000e+00   0.000000e+00   7.853888e+12   7.608999e+12   7.479894e+12   5.142920e+24   3.996000e+34   0.000000e+00  -2.988966e+47   3.846848e+37   3.287862e+47   0.000000e+00   0.000000e+00   0.000000e+00   0.000000e+00   0.000000e+00   0.000000e+00   0.000000e+00   0.000000e+00   0.000000e+00   0.000000e+00   0.000000e+00   0.000000e+00   0.000000e+00
          51952   2.047680e+07      1.0000000      0.0000000   3.996000e+30   0.000000e+00   3.996000e+30   0.000000e+00   0.000000e+00   0.000000e+00   0.000000e+00   0.000000e+00   0.000000e+00            inf   0.000000e+00  -3.823917e+38   0.000000e+00   0.000000e+00   7.853888e+12   7.609863e+12   7.479894e+12   5.019325e+24   3.996001e+34   0.000000e+00  -2.988966e+47   3.754387e+37   3.287863e+47   0.000000e+00   0.000000e+00   0.000000e+00   0.000000e+00   0.000000e+00   0.000000e+00   0.000000e+00   0.000000e+00   0.000000e+00   0.000000e+00   0.000000e+00   0.000000e+00   0.000000e+00
          52556   2.056320e+07      1.0000000      0.0000000   3.996000e+30   0.000000e+00   3.996000e+30   0.000000e+00   0.000000e+00   0.000000e+00   0.000000e+00   0.000000e+00   0.000000e+00            inf   0.000000e+00  -3.825054e+38   0.000000e+00   0.000000e+00   7.853888e+12   7.610727e+12   7.479894e+12   5.003952e+24   3.996002e+34   0.000000e+00  -2.988967e+47   3.742901e+37   3.287864e+47   0.000000e+00   0.000000e+00   0.000000e+00   0.000000e+00   0.000000e+00   0.000000e+00   0.000000e+00   0.000000e+00   0.000000e+00   0.000000e+00   0.000000e+00   0.000000e+00   0.000000e+00
          53197   2.064960e+07      1.0000000      0.0000000   3.996000e+30   0.000000e+00   3.996000e+30   0.000000e+00   0.000000e+00   0.000000e+00   0.000000e+00   0.000000e+00   0.000000e+00            inf   0.000000e+00  -3.826188e+38   0.000000e+00   0.000000e+00   7.853888e+12   7.611591e+12   7.479894e+12   4.929140e+24   3.996003e+34   0.000000e+00  -2.988968e+47   3.686954e+37   3.287864e+47   0.000000e+00   0.000000e+00   0.000000e+00   0.000000e+00   0.000000e+00   0.000000e+00   0.000000e+00   0.000000e+00   0.000000e+00   0.000000e+00   0.000000e+00   0.000000e+00   0.000000e+00
          53806   2.073600e+07      1.0000000      0.0000000   3.996000e+30   0.000000e+00   3.996000e+30   0.000000e+00   0.000000e+00   0.000000e+00   0.000000e+00   0.000000e+00   0.000000e+00            inf   0.000000e+00  -3.827318e+38   0.000000e+00   0.000000e+00   7.853888e+12   7.612455e+12   7.479894e+12   4.923749e+24   3.996003e+34   0.000000e+00  -2.988968e+47   3.682923e+37   3.287865e+47   0.000000e+00   0.000000e+00   0.000000e+00   0.000000e+00   0.000000e+00   0.000000e+00   0.000000e+00   0.000000e+00   0.000000e+00   0.000000e+00   0.000000e+00   0.000000e+00   0.000000e+00
          54367   2.082240e+07      1.0000000      0.0000000   3.996000e+30   0.000000e+00   3.996000e+30   0.000000e+00   0.000000e+00   0.000000e+00   0.000000e+00   0.000000e+00   0.000000e+00            inf   0.000000e+00  -3.828064e+38   0.000000e+00   0.000000e+00   7.853888e+12   7.613319e+12   7.479894e+12   4.888361e+24   3.996004e+34   0.000000e+00  -2.988968e+47   3.656434e+37   3.287865e+47   0.000000e+00   0.000000e+00   0.000000e+00   0.000000e+00   0.000000e+00   0.000000e+00   0.000000e+00   0.000000e+00   0.000000e+00   0.000000e+00   0.000000e+00   0.000000e+00   0.000000e+00
          55018   2.090880e+07      1.0000000      0.0000000   3.996000e+30   0.000000e+00   3.996000e+30   0.000000e+00   0.000000e+00   0.000000e+00   0.000000e+00   0.000000e+00   0.000000e+00            inf   0.000000e+00  -3.829184e+38   0.000000e+00   0.000000e+00   7.853888e+12   7.614183e+12   7.479894e+12   4.937988e+24   3.996004e+34   0.000000e+00  -2.988968e+47   3.693565e+37   3.287865e+47   0.000000e+00   0.000000e+00   0.000000e+00   0.000000e+00   0.000000e+00   0.000000e+00   0.000000e+00   0.000000e+00   0.000000e+00   0.000000e+00   0.000000e+00   0.000000e+00   0.000000e+00
          55688   2.099520e+07      1.0000000      0.0000000   3.996000e+30   0.000000e+00   3.996000e+30   0.000000e+00   0.000000e+00   0.000000e+00   0.000000e+00   0.000000e+00   0.000000e+00            inf   0.000000e+00  -3.830303e+38   0.000000e+00   0.000000e+00   7.853888e+12   7.615047e+12   7.479894e+12   4.934563e+24   3.996004e+34   0.000000e+00  -2.988968e+47   3.691000e+37   3.287865e+47   0.000000e+00   0.000000e+00   0.000000e+00   0.000000e+00   0.000000e+00   0.000000e+00   0.000000e+00   0.000000e+00   0.000000e+00   0.000000e+00   0.000000e+00   0.000000e+00   0.000000e+00
          56365   2.108160e+07      1.0000000      0.0000000   3.996000e+30   0.000000e+00   3.996000e+30   0.000000e+00   0.000000e+00   0.000000e+00   0.000000e+00   0.000000e+00   0.000000e+00            inf   0.000000e+00  -3.831412e+38   0.000000e+00   0.000000e+00   7.853888e+12   7.615911e+12   7.479894e+12   4.898090e+24   3.996004e+34   0.000000e+00  -2.988968e+47   3.663724e+37   3.287865e+47   0.000000e+00   0.000000e+00   0.000000e+00   0.000000e+00   0.000000e+00   0.000000e+00   0.000000e+00   0.000000e+00   0.000000e+00   0.000000e+00   0.000000e+00   0.000000e+00   0.000000e+00
          56844   2.116800e+07      1.0000000      0.0000000   3.996000e+30   0.000000e+00   3.996000e+30   0.000000e+00   0.000000e+00   0.000000e+00   0.000000e+00   0.000000e+00   0.000000e+00            inf   0.000000e+00  -3.832522e+38   0.000000e+00   0.000000e+00   7.853888e+12   7.616775e+12   7.479894e+12   4.967973e+24   3.996003e+34   0.000000e+00  -2.988968e+47   3.715982e+37   3.287865e+47   0.000000e+00   0.000000e+00   0.000000e+00   0.000000e+00   0.000000e+00   0.000000e+00   0.000000e+00   0.000000e+00   0.000000e+00   0.000000e+00   0.000000e+00   0.000000e+00   0.000000e+00
          57470   2.125440e+07      1.0000000      0.0000000   3.996000e+30   0.000000e+00   3.996000e+30   0.000000e+00   0.000000e+00   0.000000e+00   0.000000e+00   0.000000e+00   0.000000e+00            inf   0.000000e+00  -3.833623e+38   0.000000e+00   0.000000e+00   7.853888e+12   7.617639e+12   7.479894e+12   5.003694e+24   3.996003e+34   0.000000e+00  -2.988968e+47   3.742710e+37   3.287865e+47   0.000000e+00   0.000000e+00   0.000000e+00   0.000000e+00   0.000000e+00   0.000000e+00   0.000000e+00   0.000000e+00   0.000000e+00   0.000000e+00   0.000000e+00   0.000000e+00   0.000000e+00
          58006   2.134080e+07      1.0000000      0.0000000   3.996000e+30   0.000000e+00   3.996000e+30   0.000000e+00   0.000000e+00   0.000000e+00   0.000000e+00   0.000000e+00   0.000000e+00            inf   0.000000e+00  -3.834723e+38   0.000000e+00   0.000000e+00   7.853888e+12   7.618503e+12   7.479894e+12   5.055599e+24   3.996003e+34   0.000000e+00  -2.988967e+47   3.781530e+37   3.287864e+47   0.000000e+00   0.000000e+00   0.000000e+00   0.000000e+00   0.000000e+00   0.000000e+00   0.000000e+00   0.000000e+00   0.000000e+00   0.000000e+00   0.000000e+00   0.000000e+00   0.000000e+00
          58544   2.142720e+07      1.0000000      0.0000000   3.996000e+30   0.000000e+00   3.996000e+30   0.000000e+00   0.000000e+00   0.000000e+00   0.000000e+00   0.000000e+00   0.000000e+00            inf   0.000000e+00  -3.835817e+38   0.000000e+00   0.000000e+00   7.853888e+12   7.619367e+12   7.479894e+12   5.087541e+24   3.996002e+34   0.000000e+00  -2.988967e+47   3.805422e+37   3.287863e+47   0.000000e+00   0.000000e+00   0.000000e+00   0.000000e+00   0.000000e+00   0.000000e+00   0.000000e+00   0.000000e+00   0.000000e+00   0.000000e+00   0.000000e+00   0.000000e+00   0.000000e+00
          59291   2.151360e+07      1.0000000      0.0000000   3.996000e+30   0.000000e+00   3.996000e+30   0.000000e+00   0.000000e+00   0.000000e+00   0.000000e+00   0.000000e+00   0.000000e+00            inf   0.000000e+00  -3.836905e+38   0.000000e+00   0.000000e+00   7.853888e+12   7.620231e+12   7.479894e+12   5.028257e+24   3.996001e+34   0.000000e+00  -2.988966e+47   3.761084e+37   3.287863e+47   0.000000e+00   0.000000e+00   0.000000e+00   0.000000e+00   0.000000e+00   0.000000e+00   0.000000e+00   0.000000e+00   0.000000e+00   0.000000e+00   0.000000e+00   0.000000e+00   0.000000e+00
          60076   2.160000e+07      1.0000000      0.0000000   3.996000e+30   0.000000e+00   3.996000e+30   0.000000e+00   0.000000e+00   0.000000e+00   0.000000e+00   0.000000e+00   0.000000e+00            inf   0.000000e+00  -3.837632e+38   0.000000e+00   0.000000e+00   7.853888e+12   7.621095e+12   7.479894e+12   4.903541e+24   3.996000e+34   0.000000e+00  -2.988966e+47   3.667811e+37   3.287862e+47   0.000000e+00   0.000000e+00   0.000000e+00   0.000000e+00   0.000000e+00   0.000000e+00   0.000000e+00   0.000000e+00   0.000000e+00   0.000000e+00   0.000000e+00   0.000000e+00   0.000000e+00
          60792   2.168640e+07      1.0000000      0.0000000   3.996000e+30   0.000000e+00   3.996000e+30   0.000000e+00   0.000000e+00   0.000000e+00   0.000000e+00   0.000000e+00   0.000000e+00            inf   0.000000e+00  -3.838710e+38   0.000000e+00   0.000000e+00   7.853888e+12   7.621959e+12   7.479894e+12   4.911669e+24   3.996001e+34   0.000000e+00  -2.988966e+47   3.673873e+37   3.287863e+47   0.000000e+00   0.000000e+00   0.000000e+00   0.000000e+00   0.000000e+00   0.000000e+00   0.000000e+00   0.000000e+00   0.000000e+00   0.000000e+00   0.000000e+00   0.000000e+00   0.000000e+00
          61356   2.177280e+07      1.0000000      0.0000000   3.996000e+30   0.000000e+00   3.996000e+30   0.000000e+00   0.000000e+00   0.000000e+00   0.000000e+00   0.000000e+00   0.000000e+00            inf   0.000000e+00  -3.839789e+38   0.000000e+00   0.000000e+00   7.853888e+12   7.622823e+12   7.479894e+12   4.945793e+24   3.996002e+34   0.000000e+00  -2.988967e+47   3.699400e+37   3.287864e+47   0.000000e+00   0.000000e+00   0.000000e+00   0.000000e+00   0.000000e+00   0.000000e+00   0.000000e+00   0.000000e+00   0.000000e+00   0.000000e+00   0.000000e+00   0.000000e+00   0.000000e+00
          62012   2.185920e+07      1.0000000      0.0000000   3.996000e+30   0.000000e+00   3.996000e+30   0.000000e+00   0.000000e+00   0.000000e+00   0.000000e+00   0.000000e+00   0.000000e+00            inf   0.000000e+00  -3.840862e+38   0.000000e+00   0.000000e+00   7.853888e+12   7.623687e+12   7.479894e+12   4.871988e+24   3.996003e+34   0.000000e+00  -2.988968e+47   3.644194e+37   3.287864e+47   0.000000e+00   0.000000e+00   0.000000e+00   0.000000e+00   0.000000e+00   0.000000e+00   0.000000e+00   0.000000e+00   0.000000e+00   0.000000e+00   0.000000e+00   0.000000e+00   0.000000e+00
          62692   2.194560e+07      1.0000000      0.0000000   3.996000e+30   0.000000e+00   3.996000e+30   0.000000e+00   0.000000e+00   0.000000e+00   0.000000e+00   0.000000e+00   0.000000e+00            inf   0.000000e+00  -3.841929e+38   0.000000e+00   0.000000e+00   7.853888e+12   7.624551e+12   7.479894e+12   4.808374e+24   3.996004e+34   0.000000e+00  -2.988968e+47   3.596626e+37   3.287865e+47   0.000000e+00   0.000000e+00   0.000000e+00   0.000000e+00   0.000000e+00   0.000000e+00   0.000000e+00   0.000000e+00   0.000000e+00   0.000000e+00   0.000000e+00   0.000000e+00   0.000000e+00
          63466   2.203200e+07      1.0000000      0.0000000   3.996000e+30   0.000000e+00   3.996000e+30   0.000000e+00   0.000000e+00   0.000000e+00   0.000000e+00   0.000000e+00   0.000000e+00            inf   0.000000e+00  -3.842990e+38   0.000000e+00   0.000000e+00   7.853888e+12   7.625415e+12   7.479894e+12   4.721675e+24   3.996004e+34   0.000000e+00  -2.988968e+47   3.531764e+37   3.287865e+47   0.000000e+00   0.000000e+00   0.000000e+00   0.000000e+00   0.000000e+00   0.000000e+00   0.000000e+00   0.000000e+00   0.000000e+00   0.000000e+00   0.000000e+00   0.000000e+00   0.000000e+00
          64418   2.211840e+07      1.0000000      0.0000000   3.996000e+30   0.000000e+00   3.996000e+30   0.000000e+00   0.000000e+00   0.000000e+00   0.000000e+00   0.000000e+00   0.000000e+00            inf   0.000000e+00  -3.844052e+38   0.000000e+00   0.000000e+00   7.853888e+12   7.626279e+12   7.479894e+12   4.674124e+24   3.996004e+34   0.000000e+00  -2.988969e+47   3.496205e+37   3.287866e+47   0.000000e+00   0.000000e+00   0.000000e+00   0.000000e+00   0.000000e+00   0.000000e+00   0.000000e+00   0.000000e+00   0.000000e+00   0.000000e+00   0.000000e+00   0.000000e+00   0.000000e+00
          65186   2.220480e+07      1.0000000      0.0000000   3.996000e+30   0.000000e+00   3.996000e+30   0.000000e+00   0.000000e+00   0.000000e+00   0.000000e+00   0.000000e+00   0.000000e+00            inf   0.000000e+00  -3.845105e+38   0.000000e+00   0.000000e+00   7.853888e+12   7.627143e+12   7.479894e+12   4.594574e+24   3.996004e+34   0.000000e+00  -2.988969e+47   3.436697e+37   3.287866e+47   0.000000e+00   0.000000e+00   0.000000e+00   0.000000e+00   0.000000e+00   0.000000e+00   0.000000e+00   0.000000e+00   0.000000e+00   0.000000e+00   0.000000e+00   0.000000e+00   0.000000e+00
          65736   2.229120e+07      1.0000000      0.0000000   3.996000e+30   0.000000e+00   3.996000e+30   0.000000e+00   0.000000e+00   0.000000e+00   0.000000e+00   0.000000e+00   0.000000e+00            inf   0.000000e+00  -3.845802e+38   0.000000e+00   0.000000e+00   7.853888e+12   7.628007e+12   7.479894e+12   4.657644e+24   3.996004e+34   0.000000e+00  -2.988969e+47   3.483869e+37   3.287866e+47   0.000000e+00   0.000000e+00   0.000000e+00   0.000000e+00   0.000000e+00   0.000000e+00   0.000000e+00   0.000000e+00   0.000000e+00   0.000000e+00   0.000000e+00   0.000000e+00   0.000000e+00
          66327   2.237760e+07      1.0000000      0.0000000   3.996000e+30   0.000000e+00   3.996000e+30   0.000000e+00   0.000000e+00   0.000000e+00   0.000000e+00   0.000000e+00   0.000000e+00            inf   0.000000e+00  -3.846851e+38   0.000000e+00   0.000000e+00   7.853888e+12   7.628871e+12   7.479894e+12   4.701896e+24   3.996004e+34   0.000000e+00  -2.988969e+47   3.516974e+37   3.287865e+47   0.000000e+00   0.000000e+00   0.000000e+00   0.000000e+00   0.000000e+00   0.000000e+00   0.000000e+00   0.000000e+00   0.000000e+00   0.000000e+00   0.000000e+00   0.000000e+00   0.000000e+00
          66879   2.246400e+07      1.0000000      0.0000000   3.996000e+30   0.000000e+00   3.996000e+30   0.000000e+00   0.000000e+00   0.000000e+00   0.000000e+00   0.000000e+00   0.000000e+00            inf   0.000000e+00  -3.847894e+38   0.000000e+00   0.000000e+00   7.853888e+12   7.629735e+12   7.479894e+12   4.731703e+24   3.996004e+34   0.000000e+00  -2.988968e+47   3.539253e+37   3.287865e+47   0.000000e+00   0.000000e+00   0.000000e+00   0.000000e+00   0.000000e+00   0.000000e+00   0.000000e+00   0.000000e+00   0.000000e+00   0.000000e+00   0.000000e+00   0.000000e+00   0.000000e+00
          67528   2.255040e+07      1.0000000      0.0000000   3.996000e+30   0.000000e+00   3.996000e+30   0.000000e+00   0.000000e+00   0.000000e+00   0.000000e+00   0.000000e+00   0.000000e+00            inf   0.000000e+00  -3.848928e+38   0.000000e+00   0.000000e+00   7.853888e+12   7.630599e+12   7.479894e+12   4.756516e+24   3.996003e+34   0.000000e+00  -2.988968e+47   3.557815e+37   3.287865e+47   0.000000e+00   0.000000e+00   0.000000e+00   0.000000e+00   0.000000e+00   0.000000e+00   0.000000e+00   0.000000e+00   0.000000e+00   0.000000e+00   0.000000e+00   0.000000e+00   0.000000e+00
          68114   2.263680e+07      1.0000000      0.0000000   3.996000e+30   0.000000e+00   3.996000e+30   0.000000e+00   0.000000e+00   0.000000e+00   0.000000e+00   0.000000e+00   0.000000e+00            inf   0.000000e+00  -3.849958e+38   0.000000e+00   0.000000e+00   7.853888e+12   7.631463e+12   7.479894e+12   4.775712e+24   3.996003e+34   0.000000e+00  -2.988968e+47   3.572179e+37   3.287864e+47   0.000000e+00   0.000000e+00   0.000000e+00   0.000000e+00   0.000000e+00   0.000000e+00   0.000000e+00   0.000000e+00   0.000000e+00   0.000000e+00   0.000000e+00   0.000000e+00   0.000000e+00
          68677   2.272320e+07      1.0000000      0.0000000   3.996000e+30   0.000000e+00   3.996000e+30   0.000000e+00   0.000000e+00   0.000000e+00   0.000000e+00   0.000000e+00   0.000000e+00            inf   0.000000e+00  -3.850989e+38   0.000000e+00   0.000000e+00   7.853888e+12   7.632327e+12   7.479894e+12   4.801837e+24   3.996002e+34   0.000000e+00  -2.988967e+47   3.591727e+37   3.287864e+47   0.000000e+00   0.000000e+00   0.000000e+00   0.000000e+00   0.000000e+00   0.000000e+00   0.000000e+00   0.000000e+00   0.000000e+00   0.000000e+00   0.000000e+00   0.000000e+00   0.000000e+00
          69384   2.280960e+07      1.0000000      0.0000000   3.996000e+30   0.000000e+00   3.996000e+30   0.000000e+00   0.000000e+00   0.000000e+00   0.000000e+00   0.000000e+00   0.000000e+00            inf   0.000000e+00  -3.852011e+38   0.000000e+00   0.000000e+00   7.853888e+12   7.633191e+12   7.479894e+12   4.774697e+24   3.996001e+34   0.000000e+00  -2.988966e+47   3.571413e+37   3.287863e+47   0.000000e+00   0.000000e+00   0.000000e+00   0.000000e+00   0.000000e+00   0.000000e+00   0.000000e+00   0.000000e+00   0.000000e+00   0.000000e+00   0.000000e+00   0.000000e+00   0.000000e+00
          69774   2.289600e+07      1.0000000      0.0000000   3.996000e+30   0.000000e+00   3.996000e+30   0.000000e+00   0.000000e+00   0.000000e+00   0.000000e+00   0.000000e+00   0.000000e+00            inf   0.000000e+00  -3.853028e+38   0.000000e+00   0.000000e+00   7.853888e+12   7.634055e+12   7.479894e+12   4.836040e+24   3.996001e+34   0.000000e+00  -2.988966e+47   3.617308e+37   3.287863e+47   0.000000e+00   0.000000e+00   0.000000e+00   0.000000e+00   0.000000e+00   0.000000e+00   0.000000e+00   0.000000e+00   0.000000e+00   0.000000e+00   0.000000e+00   0.000000e+00   0.000000e+00
          70541   2.298240e+07      1.0000000      0.0000000   3.996000e+30   0.000000e+00   3.996000e+30   0.000000e+00   0.000000e+00   0.000000e+00   0.000000e+00   0.000000e+00   0.000000e+00            inf   0.000000e+00  -3.853701e+38   0.000000e+00   0.000000e+00   7.853888e+12   7.634919e+12   7.479894e+12   4.795275e+24   3.996001e+34   0.000000e+00  -2.988967e+47   3.586821e+37   3.287863e+47   0.000000e+00   0.000000e+00   0.000000e+00   0.000000e+00   0.000000e+00   0.000000e+00   0.000000e+00   0.000000e+00   0.000000e+00   0.000000e+00   0.000000e+00   0.000000e+00   0.000000e+00
          71387   2.306880e+07      1.0000000      0.0000000   3.996000e+30   0.000000e+00   3.996000e+30   0.000000e+00   0.000000e+00   0.000000e+00   0.000000e+00   0.000000e+00   0.000000e+00            inf   0.000000e+00  -3.854713e+38   0.000000e+00   0.000000e+00   7.853888e+12   7.635783e+12   7.479894e+12   4.665580e+24   3.996002e+34   0.000000e+00  -2.988967e+47   3.489805e+37   3.287864e+47   0.000000e+00   0.000000e+00   0.000000e+00   0.000000e+00   0.000000e+00   0.000000e+00   0.000000e+00   0.000000e+00   0.000000e+00   0.000000e+00   0.000000e+00   0.000000e+00   0.000000e+00
          72191   2.315520e+07      1.0000000      0.0000000   3.996000e+30   0.000000e+00   3.996000e+30   0.000000e+00   0.000000e+00   0.000000e+00   0.000000e+00   0.000000e+00   0.000000e+00            inf   0.000000e+00  -3.855716e+38   0.000000e+00   0.000000e+00   7.853888e+12   7.636647e+12   7.479894e+12   4.605170e+24   3.996003e+34   0.000000e+00  -2.988968e+47   3.444635e+37   3.287865e+47   0.000000e+00   0.000000e+00   0.000000e+00   0.000000e+00   0.000000e+00   0.000000e+00   0.000000e+00   0.000000e+00   0.000000e+00   0.000000e+00   0.000000e+00   0.000000e+00   0.000000e+00
          72808   2.324160e+07      1.0000000      0.0000000   3.996000e+30   0.000000e+00   3.996000e+30   0.000000e+00   0.000000e+00   0.000000e+00   0.000000e+00   0.000000e+00   0.000000e+00            inf   0.000000e+00  -3.856715e+38   0.000000e+00   0.000000e+00   7.853888e+12   7.637511e+12   7.479894e+12   4.606664e+24   3.996004e+34   0.000000e+00  -2.988968e+47   3.445745e+37   3.287865e+47   0.000000e+00   0.000000e+00   0.000000e+00   0.000000e+00   0.000000e+00   0.000000e+00   0.000000e+00   0.000000e+00   0.000000e+00   0.000000e+00   0.000000e+00   0.000000e+00   0.000000e+00
          73463   2.332800e+07      1.0000000      0.0000000   3.996000e+30   0.000000e+00   3.996000e+30   0.000000e+00   0.000000e+00   0.000000e+00   0.000000e+00   0.000000e+00   0.000000e+00            inf   0.000000e+00  -3.857708e+38   0.000000e+00   0.000000e+00   7.853888e+12   7.638375e+12   7.479894e+12   4.548388e+24   3.996004e+34   0.000000e+00  -2.988969e+47   3.402144e+37   3.287865e+47   0.000000e+00   0.000000e+00   0.000000e+00   0.000000e+00   0.000000e+00   0.000000e+00   0.000000e+00   0.000000e+00   0.000000e+00   0.000000e+00   0.000000e+00   0.000000e+00   0.000000e+00
          74037   2.341440e+07      1.0000000      0.0000000   3.996000e+30   0.000000e+00   3.996000e+30   0.000000e+00   0.000000e+00   0.000000e+00   0.000000e+00   0.000000e+00   0.000000e+00            inf   0.000000e+00  -3.858699e+38   0.000000e+00   0.000000e+00   7.853888e+12   7.639239e+12   7.479894e+12   4.566643e+24   3.996004e+34   0.000000e+00  -2.988969e+47   3.415793e+37   3.287865e+47   0.000000e+00   0.000000e+00   0.000000e+00   0.000000e+00   0.000000e+00   0.000000e+00   0.000000e+00   0.000000e+00   0.000000e+00   0.000000e+00   0.000000e+00   0.000000e+00   0.000000e+00
          74759   2.350080e+07      1.0000000      0.0000000   3.996000e+30   0.000000e+00   3.996000e+30   0.000000e+00   0.000000e+00   0.000000e+00   0.000000e+00   0.000000e+00   0.000000e+00            inf   0.000000e+00  -3.859684e+38   0.000000e+00   0.000000e+00   7.853888e+12   7.640103e+12   7.479894e+12   4.570220e+24   3.996004e+34   0.000000e+00  -2.988969e+47   3.418477e+37   3.287865e+47   0.000000e+00   0.000000e+00   0.000000e+00   0.000000e+00   0.000000e+00   0.000000e+00   0.000000e+00   0.000000e+00   0.000000e+00   0.000000e+00   0.000000e+00   0.000000e+00   0.000000e+00
          75258   2.358720e+07      1.0000000      0.0000000   3.996000e+30   0.000000e+00   3.996000e+30   0.000000e+00   0.000000e+00   0.000000e+00   0.000000e+00   0.000000e+00   0.000000e+00            inf   0.000000e+00  -3.860663e+38   0.000000e+00   0.000000e+00   7.853888e+12   7.640967e+12   7.479894e+12   4.617259e+24   3.996004e+34   0.000000e+00  -2.988968e+47   3.453669e+37   3.287865e+47   0.000000e+00   0.000000e+00   0.000000e+00   0.000000e+00   0.000000e+00   0.000000e+00   0.000000e+00   0.000000e+00   0.000000e+00   0.000000e+00   0.000000e+00   0.000000e+00   0.000000e+00
          76038   2.367360e+07      1.0000000      0.0000000   3.996000e+30   0.000000e+00   3.996000e+30   0.000000e+00   0.000000e+00   0.000000e+00   0.000000e+00   0.000000e+00   0.000000e+00            inf   0.000000e+00  -3.861314e+38   0.000000e+00   0.000000e+00   7.853888e+12   7.641831e+12   7.479894e+12   4.566493e+24   3.996004e+34   0.000000e+00  -2.988968e+47   3.415683e+37   3.287865e+47   0.000000e+00   0.000000e+00   0.000000e+00   0.000000e+00   0.000000e+00   0.000000e+00   0.000000e+00   0.000000e+00   0.000000e+00   0.000000e+00   0.000000e+00   0.000000e+00   0.000000e+00
          76894   2.376000e+07      1.0000000      0.0000000   3.996000e+30   0.000000e+00   3.996000e+30   0.000000e+00   0.000000e+00   0.000000e+00   0.000000e+00   0.000000e+00   0.000000e+00            inf   0.000000e+00  -3.862286e+38   0.000000e+00   0.000000e+00   7.853888e+12   7.642695e+12   7.479894e+12   4.478375e+24   3.996003e+34   0.000000e+00  -2.988968e+47   3.349772e+37   3.287865e+47   0.000000e+00   0.000000e+00   0.000000e+00   0.000000e+00   0.000000e+00   0.000000e+00   0.000000e+00   0.000000e+00   0.000000e+00   0.000000e+00   0.000000e+00   0.000000e+00   0.000000e+00
          77503   2.384640e+07      1.0000000      0.0000000   3.996000e+30   0.000000e+00   3.996000e+30   0.000000e+00   0.000000e+00   0.000000e+00   0.000000e+00   0.000000e+00   0.000000e+00            inf   0.000000e+00  -3.863253e+38   0.000000e+00   0.000000e+00   7.853888e+12   7.643559e+12   7.479894e+12   4.480811e+24   3.996002e+34   0.000000e+00  -2.988967e+47   3.351604e+37   3.287864e+47   0.000000e+00   0.000000e+00   0.000000e+00   0.000000e+00   0.000000e+00   0.000000e+00   0.000000e+00   0.000000e+00   0.000000e+00   0.000000e+00   0.000000e+00   0.000000e+00   0.000000e+00
          78213   2.393280e+07      1.0000000      0.0000000   3.996000e+30   0.000000e+00   3.996000e+30   0.000000e+00   0.000000e+00   0.000000e+00   0.000000e+00   0.000000e+00   0.000000e+00            inf   0.000000e+00  -3.864210e+38   0.000000e+00   0.000000e+00   7.853888e+12   7.644423e+12   7.479894e+12   4.394653e+24   3.996001e+34   0.000000e+00  -2.988966e+47   3.287155e+37   3.287863e+47   0.000000e+00   0.000000e+00   0.000000e+00   0.000000e+00   0.000000e+00   0.000000e+00   0.000000e+00   0.000000e+00   0.000000e+00   0.000000e+00   0.000000e+00   0.000000e+00   0.000000e+00
          78779   2.401920e+07      1.0000000      0.0000000   3.996000e+30   0.000000e+00   3.996000e+30   0.000000e+00   0.000000e+00   0.000000e+00   0.000000e+00   0.000000e+00   0.000000e+00            inf   0.000000e+00  -3.865169e+38   0.000000e+00   0.000000e+00   7.853888e+12   7.645287e+12   7.479894e+12   4.408456e+24   3.996002e+34   0.000000e+00  -2.988967e+47   3.297479e+37   3.287864e+47   0.000000e+00   0.000000e+00   0.000000e+00   0.000000e+00   0.000000e+00   0.000000e+00   0.000000e+00   0.000000e+00   0.000000e+00   0.000000e+00   0.000000e+00   0.000000e+00   0.000000e+00
          79254   2.410560e+07      1.0000000      0.0000000   3.996000e+30   0.000000e+00   3.996000e+30   0.000000e+00   0.000000e+00   0.000000e+00   0.000000e+00   0.000000e+00   0.000000e+00            inf   0.000000e+00  -3.866117e+38   0.000000e+00   0.000000e+00   7.853888e+12   7.646151e+12   7.479894e+12   4.439793e+24   3.996003e+34   0.000000e+00  -2.988968e+47   3.320913e+37   3.287864e+47   0.000000e+00   0.000000e+00   0.000000e+00   0.000000e+00   0.000000e+00   0.000000e+00   0.000000e+00   0.000000e+00   0.000000e+00   0.000000e+00   0.000000e+00   0.000000e+00   0.000000e+00
          79829   2.419200e+07      1.0000000      0.0000000   3.996000e+30   0.000000e+00   3.996000e+30   0.000000e+00   0.000000e+00   0.000000e+00   0.000000e+00   0.000000e+00   0.000000e+00            inf   0.000000e+00  -3.867065e+38   0.000000e+00   0.000000e+00   7.853888e+12   7.647015e+12   7.479894e+12   4.468297e+24   3.996004e+34   0.000000e+00  -2.988968e+47   3.342239e+37   3.287865e+47   0.000000e+00   0.000000e+00   0.000000e+00   0.000000e+00   0.000000e+00   0.000000e+00   0.000000e+00   0.000000e+00   0.000000e+00   0.000000e+00   0.000000e+00   0.000000e+00   0.000000e+00
          80479   2.427840e+07      1.0000000      0.0000000   3.996000e+30   0.000000e+00   3.996000e+30   0.000000e+00   0.000000e+00   0.000000e+00   0.000000e+00   0.000000e+00   0.000000e+00            inf   0.000000e+00  -3.868006e+38   0.000000e+00   0.000000e+00   7.853888e+12   7.647879e+12   7.479894e+12   4.510376e+24   3.996004e+34   0.000000e+00  -2.988969e+47   3.373709e+37   3.287865e+47   0.000000e+00   0.000000e+00   0.000000e+00   0.000000e+00   0.000000e+00   0.000000e+00   0.000000e+00   0.000000e+00   0.000000e+00   0.000000e+00   0.000000e+00   0.000000e+00   0.000000e+00
          80937   2.436480e+07      1.0000000      0.0000000   3.996000e+30   0.000000e+00   3.996000e+30   0.000000e+00   0.000000e+00   0.000000e+00   0.000000e+00   0.000000e+00   0.000000e+00            inf   0.000000e+00  -3.868629e+38   0.000000e+00   0.000000e+00   7.853888e+12   7.648743e+12   7.479894e+12   4.563734e+24   3.996004e+34   0.000000e+00  -2.988968e+47   3.413625e+37   3.287865e+47   0.000000e+00   0.000000e+00   0.000000e+00   0.000000e+00   0.000000e+00   0.000000e+00   0.000000e+00   0.000000e+00   0.000000e+00   0.000000e+00   0.000000e+00   0.000000e+00   0.000000e+00
          81700   2.445120e+07      1.0000000      0.0000000   3.996000e+30   0.000000e+00   3.996000e+30   0.000000e+00   0.000000e+00   0.000000e+00   0.000000e+00   0.000000e+00   0.000000e+00            inf   0.000000e+00  -3.869565e+38   0.000000e+00   0.000000e+00   7.853888e+12   7.649607e+12   7.479894e+12   4.513018e+24   3.996004e+34   0.000000e+00  -2.988968e+47   3.375681e+37   3.287865e+47   0.000000e+00   0.000000e+00   0.000000e+00   0.000000e+00   0.000000e+00   0.000000e+00   0.000000e+00   0.000000e+00   0.000000e+00   0.000000e+00   0.000000e+00   0.000000e+00   0.000000e+00
          82090   2.453760e+07      1.0000000      0.0000000   3.996000e+30   0.000000e+00   3.996000e+30   0.000000e+00   0.000000e+00   0.000000e+00   0.000000e+00   0.000000e+00   0.000000e+00            inf   0.000000e+00  -3.870491e+38   0.000000e+00   0.000000e+00   7.853888e+12   7.650471e+12   7.479894e+12   4.586734e+24   3.996004e+34   0.000000e+00  -2.988968e+47   3.430822e+37   3.287865e+47   0.000000e+00   0.000000e+00   0.000000e+00   0.000000e+00   0.000000e+00   0.000000e+00   0.000000e+00   0.000000e+00   0.000000e+00   0.000000e+00   0.000000e+00   0.000000e+00   0.000000e+00
          82723   2.462400e+07      1.0000000      0.0000000   3.996000e+30   0.000000e+00   3.996000e+30   0.000000e+00   0.000000e+00   0.000000e+00   0.000000e+00   0.000000e+00   0.000000e+00            inf   0.000000e+00  -3.871413e+38   0.000000e+00   0.000000e+00   7.853888e+12   7.651335e+12   7.479894e+12   4.606712e+24   3.996003e+34   0.000000e+00  -2.988968e+47   3.445777e+37   3.287865e+47   0.000000e+00   0.000000e+00   0.000000e+00   0.000000e+00   0.000000e+00   0.000000e+00   0.000000e+00   0.000000e+00   0.000000e+00   0.000000e+00   0.000000e+00   0.000000e+00   0.000000e+00
          83442   2.471040e+07      1.0000000      0.0000000   3.996000e+30   0.000000e+00   3.996000e+30   0.000000e+00   0.000000e+00   0.000000e+00   0.000000e+00   0.000000e+00   0.000000e+00            inf   0.000000e+00  -3.872329e+38   0.000000e+00   0.000000e+00   7.853888e+12   7.652199e+12   7.479894e+12   4.613198e+24   3.996002e+34   0.000000e+00  -2.988967e+47   3.450639e+37   3.287864e+47   0.000000e+00   0.000000e+00   0.000000e+00   0.000000e+00   0.000000e+00   0.000000e+00   0.000000e+00   0.000000e+00   0.000000e+00   0.000000e+00   0.000000e+00   0.000000e+00   0.000000e+00
          84027   2.479680e+07      1.0000000      0.0000000   3.996000e+30   0.000000e+00   3.996000e+30   0.000000e+00   0.000000e+00   0.000000e+00   0.000000e+00   0.000000e+00   0.000000e+00            inf   0.000000e+00  -3.873238e+38   0.000000e+00   0.000000e+00   7.853888e+12   7.653063e+12   7.479894e+12   4.667062e+24   3.996003e+34   0.000000e+00  -2.988967e+47   3.490912e+37   3.287864e+47   0.000000e+00   0.000000e+00   0.000000e+00   0.000000e+00   0.000000e+00   0.000000e+00   0.000000e+00   0.000000e+00   0.000000e+00   0.000000e+00   0.000000e+00   0.000000e+00   0.000000e+00
          84680   2.488320e+07      1.0000000      0.0000000   3.996000e+30   0.000000e+00   3.996000e+30   0.000000e+00   0.000000e+00   0.000000e+00   0.000000e+00   0.000000e+00   0.000000e+00            inf   0.000000e+00  -3.874149e+38   0.000000e+00   0.000000e+00   7.853888e+12   7.653927e+12   7.479894e+12   4.691588e+24   3.996003e+34   0.000000e+00  -2.988968e+47   3.509260e+37   3.287865e+47   0.000000e+00   0.000000e+00   0.000000e+00   0.000000e+00   0.000000e+00   0.000000e+00   0.000000e+00   0.000000e+00   0.000000e+00   0.000000e+00   0.000000e+00   0.000000e+00   0.000000e+00
          85614   2.496960e+07      1.0000000      0.0000000   3.996000e+30   0.000000e+00   3.996000e+30   0.000000e+00   0.000000e+00   0.000000e+00   0.000000e+00   0.000000e+00   0.000000e+00            inf   0.000000e+00  -3.875048e+38   0.000000e+00   0.000000e+00   7.853888e+12   7.654791e+12   7.479894e+12   4.543214e+24   3.996004e+34   0.000000e+00  -2.988968e+47   3.398279e+37   3.287865e+47   0.000000e+00   0.000000e+00   0.000000e+00   0.000000e+00   0.000000e+00   0.000000e+00   0.000000e+00   0.000000e+00   0.000000e+00   0.000000e+00   0.000000e+00   0.000000e+00   0.000000e+00
          86697   2.505600e+07      1.0000000      0.0000000   3.996000e+30   0.000000e+00   3.996000e+30   0.000000e+00   0.000000e+00   0.000000e+00   0.000000e+00   0.000000e+00   0.000000e+00            inf   0.000000e+00  -3.875644e+38   0.000000e+00   0.000000e+00   7.853888e+12   7.655655e+12   7.479894e+12   4.412792e+24   3.996004e+34   0.000000e+00  -2.988968e+47   3.300736e+37   3.287865e+47   0.000000e+00   0.000000e+00   0.000000e+00   0.000000e+00   0.000000e+00   0.000000e+00   0.000000e+00   0.000000e+00   0.000000e+00   0.000000e+00   0.000000e+00   0.000000e+00   0.000000e+00
          87453   2.514240e+07      1.0000000      0.0000000   3.996000e+30   0.000000e+00   3.996000e+30   0.000000e+00   0.000000e+00   0.000000e+00   0.000000e+00   0.000000e+00   0.000000e+00            inf   0.000000e+00  -3.876540e+38   0.000000e+00   0.000000e+00   7.853888e+12   7.656519e+12   7.479894e+12   4.390978e+24   3.996004e+34   0.000000e+00  -2.988968e+47   3.284434e+37   3.287865e+47   0.000000e+00   0.000000e+00   0.000000e+00   0.000000e+00   0.000000e+00   0.000000e+00   0.000000e+00   0.000000e+00   0.000000e+00   0.000000e+00   0.000000e+00   0.000000e+00   0.000000e+00
          88096   2.522880e+07      1.0000000      0.0000000   3.996000e+30   0.000000e+00   3.996000e+30   0.000000e+00   0.000000e+00   0.000000e+00   0.000000e+00   0.000000e+00   0.000000e+00            inf   0.000000e+00  -3.877423e+38   0.000000e+00   0.000000e+00   7.853888e+12   7.657383e+12   7.479894e+12   4.458846e+24   3.996003e+34   0.000000e+00  -2.988968e+47   3.335144e+37   3.287865e+47   0.000000e+00   0.000000e+00   0.000000e+00   0.000000e+00   0.000000e+00   0.000000e+00   0.000000e+00   0.000000e+00   0.000000e+00   0.000000e+00   0.000000e+00   0.000000e+00   0.000000e+00
          89162   2.531520e+07      1.0000000      0.0000000   3.996000e+30   0.000000e+00   3.996000e+30   0.000000e+00   0.000000e+00   0.000000e+00   0.000000e+00   0.000000e+00   0.000000e+00            inf   0.000000e+00  -3.878304e+38   0.000000e+00   0.000000e+00   7.853888e+12   7.658247e+12   7.479894e+12   4.328444e+24   3.996003e+34   0.000000e+00  -2.988968e+47   3.237640e+37   3.287864e+47   0.000000e+00   0.000000e+00   0.000000e+00   0.000000e+00   0.000000e+00   0.000000e+00   0.000000e+00   0.000000e+00   0.000000e+00   0.000000e+00   0.000000e+00   0.000000e+00   0.000000e+00
          89856   2.540160e+07      1.0000000      0.0000000   3.996000e+30   0.000000e+00   3.996000e+30   0.000000e+00   0.000000e+00   0.000000e+00   0.000000e+00   0.000000e+00   0.000000e+00            inf   0.000000e+00  -3.879183e+38   0.000000e+00   0.000000e+00   7.853888e+12   7.659111e+12   7.479894e+12   4.358031e+24   3.996003e+34   0.000000e+00  -2.988967e+47   3.259768e+37   3.287864e+47   0.000000e+00   0.000000e+00   0.000000e+00   0.000000e+00   0.000000e+00   0.000000e+00   0.000000e+00   0.000000e+00   0.000000e+00   0.000000e+00   0.000000e+00   0.000000e+00   0.000000e+00
          90559   2.548800e+07      1.0000000      0.0000000   3.996000e+30   0.000000e+00   3.996000e+30   0.000000e+00   0.000000e+00   0.000000e+00   0.000000e+00   0.000000e+00   0.000000e+00            inf   0.000000e+00  -3.880050e+38   0.000000e+00   0.000000e+00   7.853888e+12   7.659975e+12   7.479894e+12   4.340139e+24   3.996003e+34   0.000000e+00  -2.988968e+47   3.246385e+37   3.287865e+47   0.000000e+00   0.000000e+00   0.000000e+00   0.000000e+00   0.000000e+00   0.000000e+00   0.000000e+00   0.000000e+00   0.000000e+00   0.000000e+00   0.000000e+00   0.000000e+00   0.000000e+00
          91124   2.557440e+07      1.0000000      0.0000000   3.996000e+30   0.000000e+00   3.996000e+30   0.000000e+00   0.000000e+00   0.000000e+00   0.000000e+00   0.000000e+00   0.000000e+00            inf   0.000000e+00  -3.880919e+38   0.000000e+00   0.000000e+00   7.853888e+12   7.660839e+12   7.479894e+12   4.340145e+24   3.996004e+34   0.000000e+00  -2.988968e+47   3.246383e+37   3.287865e+47   0.000000e+00   0.000000e+00   0.000000e+00   0.000000e+00   0.000000e+00   0.000000e+00   0.000000e+00   0.000000e+00   0.000000e+00   0.000000e+00   0.000000e+00   0.000000e+00   0.000000e+00
          91684   2.566080e+07      1.0000000      0.0000000   3.996000e+30   0.000000e+00   3.996000e+30   0.000000e+00   0.000000e+00   0.000000e+00   0.000000e+00   0.000000e+00   0.000000e+00            inf   0.000000e+00  -3.881778e+38   0.000000e+00   0.000000e+00   7.853888e+12   7.661703e+12   7.479894e+12   4.381076e+24   3.996004e+34   0.000000e+00  -2.988968e+47   3.276998e+37   3.287865e+47   0.000000e+00   0.000000e+00   0.000000e+00   0.000000e+00   0.000000e+00   0.000000e+00   0.000000e+00   0.000000e+00   0.000000e+00   0.000000e+00   0.000000e+00   0.000000e+00   0.000000e+00
          92430   2.574720e+07      1.0000000      0.0000000   3.996000e+30   0.000000e+00   3.996000e+30   0.000000e+00   0.000000e+00   0.000000e+00   0.000000e+00   0.000000e+00   0.000000e+00            inf   0.000000e+00  -3.882346e+38   0.000000e+00   0.000000e+00   7.853888e+12   7.662567e+12   7.479894e+12   4.392057e+24   3.996004e+34   0.000000e+00  -2.988968e+47   3.285233e+37   3.287865e+47   0.000000e+00   0.000000e+00   0.000000e+00   0.000000e+00   0.000000e+00   0.000000e+00   0.000000e+00   0.000000e+00   0.000000e+00   0.000000e+00   0.000000e+00   0.000000e+00   0.000000e+00
          93270   2.583360e+07      1.0000000      0.0000000   3.996000e+30   0.000000e+00   3.996000e+30   0.000000e+00   0.000000e+00   0.000000e+00   0.000000e+00   0.000000e+00   0.000000e+00            inf   0.000000e+00  -3.883199e+38   0.000000e+00   0.000000e+00   7.853888e+12   7.663431e+12   7.479894e+12   4.311530e+24   3.996003e+34   0.000000e+00  -2.988968e+47   3.224978e+37   3.287865e+47   0.000000e+00   0.000000e+00   0.000000e+00   0.000000e+00   0.000000e+00   0.000000e+00   0.000000e+00   0.000000e+00   0.000000e+00   0.000000e+00   0.000000e+00   0.000000e+00   0.000000e+00
          93980   2.592000e+07      1.0000000      0.0000000   3.996000e+30   0.000000e+00   3.996000e+30   0.000000e+00   0.000000e+00   0.000000e+00   0.000000e+00   0.000000e+00   0.000000e+00            inf   0.000000e+00  -3.884047e+38   0.000000e+00   0.000000e+00   7.853888e+12   7.664295e+12   7.479894e+12   4.276831e+24   3.996003e+34   0.000000e+00  -2.988968e+47   3.199025e+37   3.287864e+47   0.000000e+00   0.000000e+00   0.000000e+00   0.000000e+00   0.000000e+00   0.000000e+00   0.000000e+00   0.000000e+00   0.000000e+00   0.000000e+00   0.000000e+00   0.000000e+00   0.000000e+00
          94889   2.600640e+07      1.0000000      0.0000000   3.996000e+30   0.000000e+00   3.996000e+30   0.000000e+00   0.000000e+00   0.000000e+00   0.000000e+00   0.000000e+00   0.000000e+00            inf   0.000000e+00  -3.884882e+38   0.000000e+00   0.000000e+00   7.853888e+12   7.665159e+12   7.479894e+12   4.135534e+24   3.996004e+34   0.000000e+00  -2.988968e+47   3.093315e+37   3.287865e+47   0.000000e+00   0.000000e+00   0.000000e+00   0.000000e+00   0.000000e+00   0.000000e+00   0.000000e+00   0.000000e+00   0.000000e+00   0.000000e+00   0.000000e+00   0.000000e+00   0.000000e+00
          95389   2.609280e+07      1.0000000      0.0000000   3.996000e+30   0.000000e+00   3.996000e+30   0.000000e+00   0.000000e+00   0.000000e+00   0.000000e+00   0.000000e+00   0.000000e+00            inf   0.000000e+00  -3.885718e+38   0.000000e+00   0.000000e+00   7.853888e+12   7.666023e+12   7.479894e+12   4.173235e+24   3.996004e+34   0.000000e+00  -2.988969e+47   3.121541e+37   3.287865e+47   0.000000e+00   0.000000e+00   0.000000e+00   0.000000e+00   0.000000e+00   0.000000e+00   0.000000e+00   0.000000e+00   0.000000e+00   0.000000e+00   0.000000e+00   0.000000e+00   0.000000e+00
          96132   2.617920e+07      1.0000000      0.0000000   3.996000e+30   0.000000e+00   3.996000e+30   0.000000e+00   0.000000e+00   0.000000e+00   0.000000e+00   0.000000e+00   0.000000e+00            inf   0.000000e+00  -3.886547e+38   0.000000e+00   0.000000e+00   7.853888e+12   7.666887e+12   7.479894e+12   4.145444e+24   3.996004e+34   0.000000e+00  -2.988969e+47   3.100759e+37   3.287865e+47   0.000000e+00   0.000000e+00   0.000000e+00   0.000000e+00   0.000000e+00   0.000000e+00   0.000000e+00   0.000000e+00   0.000000e+00   0.000000e+00   0.000000e+00   0.000000e+00   0.000000e+00
          96409   2.626560e+07      1.0000000      0.0000000   3.996000e+30   0.000000e+00   3.996000e+30   0.000000e+00   0.000000e+00   0.000000e+00   0.000000e+00   0.000000e+00   0.000000e+00            inf   0.000000e+00  -3.887371e+38   0.000000e+00   0.000000e+00   7.853888e+12   7.667751e+12   7.479894e+12   4.236426e+24   3.996003e+34   0.000000e+00  -2.988968e+47   3.168804e+37   3.287865e+47   0.000000e+00   0.000000e+00   0.000000e+00   0.000000e+00   0.000000e+00   0.000000e+00   0.000000e+00   0.000000e+00   0.000000e+00   0.000000e+00   0.000000e+00   0.000000e+00   0.000000e+00
          97441   2.635200e+07      1.0000000      0.0000000   3.996000e+30   0.000000e+00   3.996000e+30   0.000000e+00   0.000000e+00   0.000000e+00   0.000000e+00   0.000000e+00   0.000000e+00            inf   0.000000e+00  -3.888190e+38   0.000000e+00   0.000000e+00   7.853888e+12   7.668615e+12   7.479894e+12   4.186936e+24   3.996003e+34   0.000000e+00  -2.988968e+47   3.131776e+37   3.287865e+47   0.000000e+00   0.000000e+00   0.000000e+00   0.000000e+00   0.000000e+00   0.000000e+00   0.000000e+00   0.000000e+00   0.000000e+00   0.000000e+00   0.000000e+00   0.000000e+00   0.000000e+00
          98426   2.643840e+07      1.0000000      0.0000000   3.996000e+30   0.000000e+00   3.996000e+30   0.000000e+00   0.000000e+00   0.000000e+00   0.000000e+00   0.000000e+00   0.000000e+00            inf   0.000000e+00  -3.888731e+38   0.000000e+00   0.000000e+00   7.853888e+12   7.669479e+12   7.479894e+12   4.101970e+24   3.996004e+34   0.000000e+00  -2.988968e+47   3.068234e+37   3.287865e+47   0.000000e+00   0.000000e+00   0.000000e+00   0.000000e+00   0.000000e+00   0.000000e+00   0.000000e+00   0.000000e+00   0.000000e+00   0.000000e+00   0.000000e+00   0.000000e+00   0.000000e+00
          99270   2.652480e+07      1.0000000      0.0000000   3.996000e+30   0.000000e+00   3.996000e+30   0.000000e+00   0.000000e+00   0.000000e+00   0.000000e+00   0.000000e+00   0.000000e+00            inf   0.000000e+00  -3.889538e+38   0.000000e+00   0.000000e+00   7.853888e+12   7.670343e+12   7.479894e+12   4.126812e+24   3.996004e+34   0.000000e+00  -2.988969e+47   3.086803e+37   3.287865e+47   0.000000e+00   0.000000e+00   0.000000e+00   0.000000e+00   0.000000e+00   0.000000e+00   0.000000e+00   0.000000e+00   0.000000e+00   0.000000e+00   0.000000e+00   0.000000e+00   0.000000e+00
          99954   2.661120e+07      1.0000000      0.0000000   3.996000e+30   0.000000e+00   3.996000e+30   0.000000e+00   0.000000e+00   0.000000e+00   0.000000e+00   0.000000e+00   0.000000e+00            inf   0.000000e+00  -3.890343e+38   0.000000e+00   0.000000e+00   7.853888e+12   7.671207e+12   7.479894e+12   4.163653e+24   3.996004e+34   0.000000e+00  -2.988969e+47   3.114371e+37   3.287865e+47   0.000000e+00   0.000000e+00   0.000000e+00   0.000000e+00   0.000000e+00   0.000000e+00   0.000000e+00   0.000000e+00   0.000000e+00   0.000000e+00   0.000000e+00   0.000000e+00   0.000000e+00
         100378   2.669760e+07      1.0000000      0.0000000   3.996000e+30   0.000000e+00   3.996000e+30   0.000000e+00   0.000000e+00   0.000000e+00   0.000000e+00   0.000000e+00   0.000000e+00            inf   0.000000e+00  -3.891140e+38   0.000000e+00   0.000000e+00   7.853888e+12   7.672071e+12   7.479894e+12   4.252413e+24   3.996003e+34   0.000000e+00  -2.988968e+47   3.180771e+37   3.287865e+47   0.000000e+00   0.000000e+00   0.000000e+00   0.000000e+00   0.000000e+00   0.000000e+00   0.000000e+00   0.000000e+00   0.000000e+00   0.000000e+00   0.000000e+00   0.000000e+00   0.000000e+00
         101342   2.678400e+07      1.0000000      0.0000000   3.996000e+30   0.000000e+00   3.996000e+30   0.000000e+00   0.000000e+00   0.000000e+00   0.000000e+00   0.000000e+00   0.000000e+00            inf   0.000000e+00  -3.891933e+38   0.000000e+00   0.000000e+00   7.853888e+12   7.672935e+12   7.479894e+12   4.134448e+24   3.996004e+34   0.000000e+00  -2.988968e+47   3.092512e+37   3.287865e+47   0.000000e+00   0.000000e+00   0.000000e+00   0.000000e+00   0.000000e+00   0.000000e+00   0.000000e+00   0.000000e+00   0.000000e+00   0.000000e+00   0.000000e+00   0.000000e+00   0.000000e+00
         102436   2.687040e+07      1.0000000      0.0000000   3.996000e+30   0.000000e+00   3.996000e+30   0.000000e+00   0.000000e+00   0.000000e+00   0.000000e+00   0.000000e+00   0.000000e+00            inf   0.000000e+00  -3.892721e+38   0.000000e+00   0.000000e+00   7.853888e+12   7.673799e+12   7.479894e+12   4.047816e+24   3.996005e+34   0.000000e+00  -2.988969e+47   3.027720e+37   3.287866e+47   0.000000e+00   0.000000e+00   0.000000e+00   0.000000e+00   0.000000e+00   0.000000e+00   0.000000e+00   0.000000e+00   0.000000e+00   0.000000e+00   0.000000e+00   0.000000e+00   0.000000e+00
         103175   2.695680e+07      1.0000000      0.0000000   3.996000e+30   0.000000e+00   3.996000e+30   0.000000e+00   0.000000e+00   0.000000e+00   0.000000e+00   0.000000e+00   0.000000e+00            inf   0.000000e+00  -3.893500e+38   0.000000e+00   0.000000e+00   7.853888e+12   7.674663e+12   7.479894e+12   3.983549e+24   3.996004e+34   0.000000e+00  -2.988969e+47   2.979637e+37   3.287865e+47   0.000000e+00   0.000000e+00   0.000000e+00   0.000000e+00   0.000000e+00   0.000000e+00   0.000000e+00   0.000000e+00   0.000000e+00   0.000000e+00   0.000000e+00   0.000000e+00   0.000000e+00
         103961   2.704320e+07      1.0000000      0.0000000   3.996000e+30   0.000000e+00   3.996000e+30   0.000000e+00   0.000000e+00   0.000000e+00   0.000000e+00   0.000000e+00   0.000000e+00            inf   0.000000e+00  -3.894275e+38   0.000000e+00   0.000000e+00   7.853888e+12   7.675527e+12   7.479894e+12   3.984882e+24   3.996004e+34   0.000000e+00  -2.988968e+47   2.980643e+37   3.287865e+47   0.000000e+00   0.000000e+00   0.000000e+00   0.000000e+00   0.000000e+00   0.000000e+00   0.000000e+00   0.000000e+00   0.000000e+00   0.000000e+00   0.000000e+00   0.000000e+00   0.000000e+00
         105019   2.712960e+07      1.0000000      0.0000000   3.996000e+30   0.000000e+00   3.996000e+30   0.000000e+00   0.000000e+00   0.000000e+00   0.000000e+00   0.000000e+00   0.000000e+00            inf   0.000000e+00  -3.894791e+38   0.000000e+00   0.000000e+00   7.853888e+12   7.676391e+12   7.479894e+12   3.927389e+24   3.996004e+34   0.000000e+00  -2.988968e+47   2.937650e+37   3.287865e+47   0.000000e+00   0.000000e+00   0.000000e+00   0.000000e+00   0.000000e+00   0.000000e+00   0.000000e+00   0.000000e+00   0.000000e+00   0.000000e+00   0.000000e+00   0.000000e+00   0.000000e+00
         105788   2.721600e+07      1.0000000      0.0000000   3.996000e+30   0.000000e+00   3.996000e+30   0.000000e+00   0.000000e+00   0.000000e+00   0.000000e+00   0.000000e+00   0.000000e+00            inf   0.000000e+00  -3.895555e+38   0.000000e+00   0.000000e+00   7.853888e+12   7.677255e+12   7.479894e+12   3.974581e+24   3.996004e+34   0.000000e+00  -2.988969e+47   2.972948e+37   3.287865e+47   0.000000e+00   0.000000e+00   0.000000e+00   0.000000e+00   0.000000e+00   0.000000e+00   0.000000e+00   0.000000e+00   0.000000e+00   0.000000e+00   0.000000e+00   0.000000e+00   0.000000e+00
         106578   2.730240e+07      1.0000000      0.0000000   3.996000e+30   0.000000e+00   3.996000e+30   0.000000e+00   0.000000e+00   0.000000e+00   0.000000e+00   0.000000e+00   0.000000e+00            inf   0.000000e+00  -3.896318e+38   0.000000e+00   0.000000e+00   7.853888e+12   7.678119e+12   7.479894e+12   3.987900e+24   3.996004e+34   0.000000e+00  -2.988969e+47   2.982908e+37   3.287865e+47   0.000000e+00   0.000000e+00   0.000000e+00   0.000000e+00   0.000000e+00   0.000000e+00   0.000000e+00   0.000000e+00   0.000000e+00   0.000000e+00   0.000000e+00   0.000000e+00   0.000000e+00
         107191   2.738880e+07      1.0000000      0.0000000   3.996000e+30   0.000000e+00   3.996000e+30   0.000000e+00   0.000000e+00   0.000000e+00   0.000000e+00   0.000000e+00   0.000000e+00            inf   0.000000e+00  -3.897069e+38   0.000000e+00   0.000000e+00   7.853888e+12   7.678983e+12   7.479894e+12   3.997804e+24   3.996003e+34   0.000000e+00  -2.988968e+47   2.990313e+37   3.287864e+47   0.000000e+00   0.000000e+00   0.000000e+00   0.000000e+00   0.000000e+00   0.000000e+00   0.000000e+00   0.000000e+00   0.000000e+00   0.000000e+00   0.000000e+00   0.000000e+00   0.000000e+00
         107882   2.747520e+07      1.0000000      0.0000000   3.996000e+30   0.000000e+00   3.996000e+30   0.000000e+00   0.000000e+00   0.000000e+00   0.000000e+00   0.000000e+00   0.000000e+00            inf   0.000000e+00  -3.897818e+38   0.000000e+00   0.000000e+00   7.853888e+12   7.679847e+12   7.479894e+12   3.976402e+24   3.996004e+34   0.000000e+00  -2.988969e+47   2.974313e+37   3.287865e+47   0.000000e+00   0.000000e+00   0.000000e+00   0.000000e+00   0.000000e+00   0.000000e+00   0.000000e+00   0.000000e+00   0.000000e+00   0.000000e+00   0.000000e+00   0.000000e+00   0.000000e+00
         108795   2.756160e+07      1.0000000      0.0000000   3.996000e+30   0.000000e+00   3.996000e+30   0.000000e+00   0.000000e+00   0.000000e+00   0.000000e+00   0.000000e+00   0.000000e+00            inf   0.000000e+00  -3.898563e+38   0.000000e+00   0.000000e+00   7.853888e+12   7.680711e+12   7.479894e+12   3.904260e+24   3.996004e+34   0.000000e+00  -2.988969e+47   2.920323e+37   3.287866e+47   0.000000e+00   0.000000e+00   0.000000e+00   0.000000e+00   0.000000e+00   0.000000e+00   0.000000e+00   0.000000e+00   0.000000e+00   0.000000e+00   0.000000e+00   0.000000e+00   0.000000e+00
         109548   2.764800e+07      1.0000000      0.0000000   3.996000e+30   0.000000e+00   3.996000e+30   0.000000e+00   0.000000e+00   0.000000e+00   0.000000e+00   0.000000e+00   0.000000e+00            inf   0.000000e+00  -3.899298e+38   0.000000e+00   0.000000e+00   7.853888e+12   7.681575e+12   7.479894e+12   3.930918e+24   3.996004e+34   0.000000e+00  -2.988968e+47   2.940288e+37   3.287865e+47   0.000000e+00   0.000000e+00   0.000000e+00   0.000000e+00   0.000000e+00   0.000000e+00   0.000000e+00   0.000000e+00   0.000000e+00   0.000000e+00   0.000000e+00   0.000000e+00   0.000000e+00
         110254   2.773440e+07      1.0000000      0.0000000   3.996000e+30   0.000000e+00   3.996000e+30   0.000000e+00   0.000000e+00   0.000000e+00   0.000000e+00   0.000000e+00   0.000000e+00            inf   0.000000e+00  -3.900030e+38   0.000000e+00   0.000000e+00   7.853888e+12   7.682439e+12   7.479894e+12   3.966007e+24   3.996004e+34   0.000000e+00  -2.988968e+47   2.966535e+37   3.287865e+47   0.000000e+00   0.000000e+00   0.000000e+00   0.000000e+00   0.000000e+00   0.000000e+00   0.000000e+00   0.000000e+00   0.000000e+00   0.000000e+00   0.000000e+00   0.000000e+00   0.000000e+00
         111246   2.782080e+07      1.0000000      0.0000000   3.996000e+30   0.000000e+00   3.996000e+30   0.000000e+00   0.000000e+00   0.000000e+00   0.000000e+00   0.000000e+00   0.000000e+00            inf   0.000000e+00  -3.900515e+38   0.000000e+00   0.000000e+00   7.853888e+12   7.683303e+12   7.479894e+12   3.872497e+24   3.996004e+34   0.000000e+00  -2.988969e+47   2.896582e+37   3.287865e+47   0.000000e+00   0.000000e+00   0.000000e+00   0.000000e+00   0.000000e+00   0.000000e+00   0.000000e+00   0.000000e+00   0.000000e+00   0.000000e+00   0.000000e+00   0.000000e+00   0.000000e+00
         111836   2.790720e+07      1.0000000      0.0000000   3.996000e+30   0.000000e+00   3.996000e+30   0.000000e+00   0.000000e+00   0.000000e+00   0.000000e+00   0.000000e+00   0.000000e+00            inf   0.000000e+00  -3.901235e+38   0.000000e+00   0.000000e+00   7.853888e+12   7.684167e+12   7.479894e+12   3.912862e+24   3.996004e+34   0.000000e+00  -2.988968e+47   2.926775e+37   3.287865e+47   0.000000e+00   0.000000e+00   0.000000e+00   0.000000e+00   0.000000e+00   0.000000e+00   0.000000e+00   0.000000e+00   0.000000e+00   0.000000e+00   0.000000e+00   0.000000e+00   0.000000e+00
         112883   2.799360e+07      1.0000000      0.0000000   3.996000e+30   0.000000e+00   3.996000e+30   0.000000e+00   0.000000e+00   0.000000e+00   0.000000e+00   0.000000e+00   0.000000e+00            inf   0.000000e+00  -3.901953e+38   0.000000e+00   0.000000e+00   7.853888e+12   7.685031e+12   7.479894e+12   3.750783e+24   3.996003e+34   0.000000e+00  -2.988968e+47   2.805524e+37   3.287865e+47   0.000000e+00   0.000000e+00   0.000000e+00   0.000000e+00   0.000000e+00   0.000000e+00   0.000000e+00   0.000000e+00   0.000000e+00   0.000000e+00   0.000000e+00   0.000000e+00   0.000000e+00
         113549   2.808000e+07      1.0000000      0.0000000   3.996000e+30   0.000000e+00   3.996000e+30   0.000000e+00   0.000000e+00   0.000000e+00   0.000000e+00   0.000000e+00   0.000000e+00            inf   0.000000e+00  -3.902662e+38   0.000000e+00   0.000000e+00   7.853888e+12   7.685895e+12   7.479894e+12   3.762921e+24   3.996004e+34   0.000000e+00  -2.988968e+47   2.814622e+37   3.287865e+47   0.000000e+00   0.000000e+00   0.000000e+00   0.000000e+00   0.000000e+00   0.000000e+00   0.000000e+00   0.000000e+00   0.000000e+00   0.000000e+00   0.000000e+00   0.000000e+00   0.000000e+00
         114267   2.816640e+07      1.0000000      0.0000000   3.996000e+30   0.000000e+00   3.996000e+30   0.000000e+00   0.000000e+00   0.000000e+00   0.000000e+00   0.000000e+00   0.000000e+00            inf   0.000000e+00  -3.903366e+38   0.000000e+00   0.000000e+00   7.853888e+12   7.686759e+12   7.479894e+12   3.717137e+24   3.996003e+34   0.000000e+00  -2.988968e+47   2.780388e+37   3.287865e+47   0.000000e+00   0.000000e+00   0.000000e+00   0.000000e+00   0.000000e+00   0.000000e+00   0.000000e+00   0.000000e+00   0.000000e+00   0.000000e+00   0.000000e+00   0.000000e+00   0.000000e+00
         114742   2.825280e+07      1.0000000      0.0000000   3.996000e+30   0.000000e+00   3.996000e+30   0.000000e+00   0.000000e+00   0.000000e+00   0.000000e+00   0.000000e+00   0.000000e+00            inf   0.000000e+00  -3.904066e+38   0.000000e+00   0.000000e+00   7.853888e+12   7.687623e+12   7.479894e+12   3.771726e+24   3.996004e+34   0.000000e+00  -2.988968e+47   2.821210e+37   3.287865e+47   0.000000e+00   0.000000e+00   0.000000e+00   0.000000e+00   0.000000e+00   0.000000e+00   0.000000e+00   0.000000e+00   0.000000e+00   0.000000e+00   0.000000e+00   0.000000e+00   0.000000e+00
         115432   2.833920e+07      1.0000000      0.0000000   3.996000e+30   0.000000e+00   3.996000e+30   0.000000e+00   0.000000e+00   0.000000e+00   0.000000e+00   0.000000e+00   0.000000e+00            inf   0.000000e+00  -3.904761e+38   0.000000e+00   0.000000e+00   7.853888e+12   7.688487e+12   7.479894e+12   3.765556e+24   3.996004e+34   0.000000e+00  -2.988968e+47   2.816596e+37   3.287865e+47   0.000000e+00   0.000000e+00   0.000000e+00   0.000000e+00   0.000000e+00   0.000000e+00   0.000000e+00   0.000000e+00   0.000000e+00   0.000000e+00   0.000000e+00   0.000000e+00   0.000000e+00
         116461   2.842560e+07      1.0000000      0.0000000   3.996000e+30   0.000000e+00   3.996000e+30   0.000000e+00   0.000000e+00   0.000000e+00   0.000000e+00   0.000000e+00   0.000000e+00            inf   0.000000e+00  -3.905443e+38   0.000000e+00   0.000000e+00   7.853888e+12   7.689351e+12   7.479894e+12   3.602301e+24   3.996003e+34   0.000000e+00  -2.988968e+47   2.694488e+37   3.287864e+47   0.000000e+00   0.000000e+00   0.000000e+00   0.000000e+00   0.000000e+00   0.000000e+00   0.000000e+00   0.000000e+00   0.000000e+00   0.000000e+00   0.000000e+00   0.000000e+00   0.000000e+00
         117171   2.851200e+07      1.0000000      0.0000000   3.996000e+30   0.000000e+00   3.996000e+30   0.000000e+00   0.000000e+00   0.000000e+00   0.000000e+00   0.000000e+00   0.000000e+00            inf   0.000000e+00  -3.905902e+38   0.000000e+00   0.000000e+00   7.853888e+12   7.690215e+12   7.479894e+12   3.657026e+24   3.996003e+34   0.000000e+00  -2.988968e+47   2.735432e+37   3.287865e+47   0.000000e+00   0.000000e+00   0.000000e+00   0.000000e+00   0.000000e+00   0.000000e+00   0.000000e+00   0.000000e+00   0.000000e+00   0.000000e+00   0.000000e+00   0.000000e+00   0.000000e+00
         117825   2.859840e+07      1.0000000      0.0000000   3.996000e+30   0.000000e+00   3.996000e+30   0.000000e+00   0.000000e+00   0.000000e+00   0.000000e+00   0.000000e+00   0.000000e+00            inf   0.000000e+00  -3.906576e+38   0.000000e+00   0.000000e+00   7.853888e+12   7.691079e+12   7.479894e+12   3.674579e+24   3.996003e+34   0.000000e+00  -2.988968e+47   2.748539e+37   3.287865e+47   0.000000e+00   0.000000e+00   0.000000e+00   0.000000e+00   0.000000e+00   0.000000e+00   0.000000e+00   0.000000e+00   0.000000e+00   0.000000e+00   0.000000e+00   0.000000e+00   0.000000e+00
         118432   2.868480e+07      1.0000000      0.0000000   3.996000e+30   0.000000e+00   3.996000e+30   0.000000e+00   0.000000e+00   0.000000e+00   0.000000e+00   0.000000e+00   0.000000e+00            inf   0.000000e+00  -3.907251e+38   0.000000e+00   0.000000e+00   7.853888e+12   7.691943e+12   7.479894e+12   3.717132e+24   3.996003e+34   0.000000e+00  -2.988968e+47   2.780369e+37   3.287864e+47   0.000000e+00   0.000000e+00   0.000000e+00   0.000000e+00   0.000000e+00   0.000000e+00   0.000000e+00   0.000000e+00   0.000000e+00   0.000000e+00   0.000000e+00   0.000000e+00   0.000000e+00
         119296   2.877120e+07      1.0000000      0.0000000   3.996000e+30   0.000000e+00   3.996000e+30   0.000000e+00   0.000000e+00   0.000000e+00   0.000000e+00   0.000000e+00   0.000000e+00            inf   0.000000e+00  -3.907912e+38   0.000000e+00   0.000000e+00   7.853888e+12   7.692807e+12   7.479894e+12   3.650787e+24   3.996004e+34   0.000000e+00  -2.988968e+47   2.730762e+37   3.287865e+47   0.000000e+00   0.000000e+00   0.000000e+00   0.000000e+00   0.000000e+00   0.000000e+00   0.000000e+00   0.000000e+00   0.000000e+00   0.000000e+00   0.000000e+00   0.000000e+00   0.000000e+00
         119955   2.885760e+07      1.0000000      0.0000000   3.996000e+30   0.000000e+00   3.996000e+30   0.000000e+00   0.000000e+00   0.000000e+00   0.000000e+00   0.000000e+00   0.000000e+00            inf   0.000000e+00  -3.908574e+38   0.000000e+00   0.000000e+00   7.853888e+12   7.693671e+12   7.479894e+12   3.705404e+24   3.996003e+34   0.000000e+00  -2.988968e+47   2.771607e+37   3.287864e+47   0.000000e+00   0.000000e+00   0.000000e+00   0.000000e+00   0.000000e+00   0.000000e+00   0.000000e+00   0.000000e+00   0.000000e+00   0.000000e+00   0.000000e+00   0.000000e+00   0.000000e+00
         120679   2.894400e+07      1.0000000      0.0000000   3.996000e+30   0.000000e+00   3.996000e+30   0.000000e+00   0.000000e+00   0.000000e+00   0.000000e+00   0.000000e+00   0.000000e+00            inf   0.000000e+00  -3.909223e+38   0.000000e+00   0.000000e+00   7.853888e+12   7.694535e+12   7.479894e+12   3.594759e+24   3.996004e+34   0.000000e+00  -2.988968e+47   2.688859e+37   3.287865e+47   0.000000e+00   0.000000e+00   0.000000e+00   0.000000e+00   0.000000e+00   0.000000e+00   0.000000e+00   0.000000e+00   0.000000e+00   0.000000e+00   0.000000e+00   0.000000e+00   0.000000e+00
         121382   2.903040e+07      1.0000000      0.0000000   3.996000e+30   0.000000e+00   3.996000e+30   0.000000e+00   0.000000e+00   0.000000e+00   0.000000e+00   0.000000e+00   0.000000e+00            inf   0.000000e+00  -3.909874e+38   0.000000e+00   0.000000e+00   7.853888e+12   7.695399e+12   7.479894e+12   3.618677e+24   3.996003e+34   0.000000e+00  -2.988968e+47   2.706728e+37   3.287864e+47   0.000000e+00   0.000000e+00   0.000000e+00   0.000000e+00   0.000000e+00   0.000000e+00   0.000000e+00   0.000000e+00   0.000000e+00   0.000000e+00   0.000000e+00   0.000000e+00   0.000000e+00
         121995   2.911680e+07      1.0000000      0.0000000   3.996000e+30   0.000000e+00   3.996000e+30   0.000000e+00   0.000000e+00   0.000000e+00   0.000000e+00   0.000000e+00   0.000000e+00            inf   0.000000e+00  -3.910516e+38   0.000000e+00   0.000000e+00   7.853888e+12   7.696263e+12   7.479894e+12   3.560979e+24   3.996003e+34   0.000000e+00  -2.988968e+47   2.663580e+37   3.287865e+47   0.000000e+00   0.000000e+00   0.000000e+00   0.000000e+00   0.000000e+00   0.000000e+00   0.000000e+00   0.000000e+00   0.000000e+00   0.000000e+00   0.000000e+00   0.000000e+00   0.000000e+00
         122690   2.920320e+07      1.0000000      0.0000000   3.996000e+30   0.000000e+00   3.996000e+30   0.000000e+00   0.000000e+00   0.000000e+00   0.000000e+00   0.000000e+00   0.000000e+00            inf   0.000000e+00  -3.910938e+38   0.000000e+00   0.000000e+00   7.853888e+12   7.697127e+12   7.479894e+12   3.554785e+24   3.996003e+34   0.000000e+00  -2.988968e+47   2.658962e+37   3.287865e+47   0.000000e+00   0.000000e+00   0.000000e+00   0.000000e+00   0.000000e+00   0.000000e+00   0.000000e+00   0.000000e+00   0.000000e+00   0.000000e+00   0.000000e+00   0.000000e+00   0.000000e+00
         123484   2.928960e+07      1.0000000      0.0000000   3.996000e+30   0.000000e+00   3.996000e+30   0.000000e+00   0.000000e+00   0.000000e+00   0.000000e+00   0.000000e+00   0.000000e+00            inf   0.000000e+00  -3.911571e+38   0.000000e+00   0.000000e+00   7.853888e+12   7.697991e+12   7.479894e+12   3.476796e+24   3.996003e+34   0.000000e+00  -2.988968e+47   2.600619e+37   3.287864e+47   0.000000e+00   0.000000e+00   0.000000e+00   0.000000e+00   0.000000e+00   0.000000e+00   0.000000e+00   0.000000e+00   0.000000e+00   0.000000e+00   0.000000e+00   0.000000e+00   0.000000e+00
         124405   2.937600e+07      1.0000000      0.0000000   3.996000e+30   0.000000e+00   3.996000e+30   0.000000e+00   0.000000e+00   0.000000e+00   0.000000e+00   0.000000e+00   0.000000e+00            inf   0.000000e+00  -3.912194e+38   0.000000e+00   0.000000e+00   7.853888e+12   7.698855e+12   7.479894e+12   3.368426e+24   3.996003e+34   0.000000e+00  -2.988968e+47   2.519531e+37   3.287864e+47   0.000000e+00   0.000000e+00   0.000000e+00   0.000000e+00   0.000000e+00   0.000000e+00   0.000000e+00   0.000000e+00   0.000000e+00   0.000000e+00   0.000000e+00   0.000000e+00   0.000000e+00
         125023   2.946240e+07      1.0000000      0.0000000   3.996000e+30   0.000000e+00   3.996000e+30   0.000000e+00   0.000000e+00   0.000000e+00   0.000000e+00   0.000000e+00   0.000000e+00            inf   0.000000e+00  -3.912811e+38   0.000000e+00   0.000000e+00   7.853888e+12   7.699719e+12   7.479894e+12   3.407772e+24   3.996003e+34   0.000000e+00  -2.988967e+47   2.548986e+37   3.287864e+47   0.000000e+00   0.000000e+00   0.000000e+00   0.000000e+00   0.000000e+00   0.000000e+00   0.000000e+00   0.000000e+00   0.000000e+00   0.000000e+00   0.000000e+00   0.000000e+00   0.000000e+00
         125630   2.954880e+07      1.0000000      0.0000000   3.996000e+30   0.000000e+00   3.996000e+30   0.000000e+00   0.000000e+00   0.000000e+00   0.000000e+00   0.000000e+00   0.000000e+00            inf   0.000000e+00  -3.913428e+38   0.000000e+00   0.000000e+00   7.853888e+12   7.700583e+12   7.479894e+12   3.432643e+24   3.996003e+34   0.000000e+00  -2.988967e+47   2.567593e+37   3.287864e+47   0.000000e+00   0.000000e+00   0.000000e+00   0.000000e+00   0.000000e+00   0.000000e+00   0.000000e+00   0.000000e+00   0.000000e+00   0.000000e+00   0.000000e+00   0.000000e+00   0.000000e+00
         125998   2.963520e+07      1.0000000      0.0000000   3.996000e+30   0.000000e+00   3.996000e+30   0.000000e+00   0.000000e+00   0.000000e+00   0.000000e+00   0.000000e+00   0.000000e+00            inf   0.000000e+00  -3.914033e+38   0.000000e+00   0.000000e+00   7.853888e+12   7.701447e+12   7.479894e+12   3.471897e+24   3.996002e+34   0.000000e+00  -2.988967e+47   2.596957e+37   3.287864e+47   0.000000e+00   0.000000e+00   0.000000e+00   0.000000e+00   0.000000e+00   0.000000e+00   0.000000e+00   0.000000e+00   0.000000e+00   0.000000e+00   0.000000e+00   0.000000e+00   0.000000e+00
         126590   2.972160e+07      1.0000000      0.0000000   3.996000e+30   0.000000e+00   3.996000e+30   0.000000e+00   0.000000e+00   0.000000e+00   0.000000e+00   0.000000e+00   0.000000e+00            inf   0.000000e+00  -3.914639e+38   0.000000e+00   0.000000e+00   7.853888e+12   7.702311e+12   7.479894e+12   3.457596e+24   3.996002e+34   0.000000e+00  -2.988967e+47   2.586236e+37   3.287864e+47   0.000000e+00   0.000000e+00   0.000000e+00   0.000000e+00   0.000000e+00   0.000000e+00   0.000000e+00   0.000000e+00   0.000000e+00   0.000000e+00   0.000000e+00   0.000000e+00   0.000000e+00
         127018   2.980800e+07      1.0000000      0.0000000   3.996000e+30   0.000000e+00   3.996000e+30   0.000000e+00   0.000000e+00   0.000000e+00   0.000000e+00   0.000000e+00   0.000000e+00            inf   0.000000e+00  -3.915230e+38   0.000000e+00   0.000000e+00   7.853888e+12   7.703175e+12   7.479894e+12   3.481567e+24   3.996002e+34   0.000000e+00  -2.988967e+47   2.604175e+37   3.287864e+47   0.000000e+00   0.000000e+00   0.000000e+00   0.000000e+00   0.000000e+00   0.000000e+00   0.000000e+00   0.000000e+00   0.000000e+00   0.000000e+00   0.000000e+00   0.000000e+00   0.000000e+00
         127681   2.989440e+07      1.0000000      0.0000000   3.996000e+30   0.000000e+00   3.996000e+30   0.000000e+00   0.000000e+00   0.000000e+00   0.000000e+00   0.000000e+00   0.000000e+00            inf   0.000000e+00  -3.915625e+38   0.000000e+00   0.000000e+00   7.853888e+12   7.704039e+12   7.479894e+12   3.431248e+24   3.996002e+34   0.000000e+00  -2.988967e+47   2.566519e+37   3.287864e+47   0.000000e+00   0.000000e+00   0.000000e+00   0.000000e+00   0.000000e+00   0.000000e+00   0.000000e+00   0.000000e+00   0.000000e+00   0.000000e+00   0.000000e+00   0.000000e+00   0.000000e+00
         128511   2.998080e+07      1.0000000      0.0000000   3.996000e+30   0.000000e+00   3.996000e+30   0.000000e+00   0.000000e+00   0.000000e+00   0.000000e+00   0.000000e+00   0.000000e+00            inf   0.000000e+00  -3.916208e+38   0.000000e+00   0.000000e+00   7.853888e+12   7.704903e+12   7.479894e+12   3.398338e+24   3.996003e+34   0.000000e+00  -2.988968e+47   2.541919e+37   3.287864e+47   0.000000e+00   0.000000e+00   0.000000e+00   0.000000e+00   0.000000e+00   0.000000e+00   0.000000e+00   0.000000e+00   0.000000e+00   0.000000e+00   0.000000e+00   0.000000e+00   0.000000e+00
         128901   3.006720e+07      1.0000000      0.0000000   3.996000e+30   0.000000e+00   3.996000e+30   0.000000e+00   0.000000e+00   0.000000e+00   0.000000e+00   0.000000e+00   0.000000e+00            inf   0.000000e+00  -3.916786e+38   0.000000e+00   0.000000e+00   7.853888e+12   7.705767e+12   7.479894e+12   3.432214e+24   3.996002e+34   0.000000e+00  -2.988967e+47   2.567270e+37   3.287864e+47   0.000000e+00   0.000000e+00   0.000000e+00   0.000000e+00   0.000000e+00   0.000000e+00   0.000000e+00   0.000000e+00   0.000000e+00   0.000000e+00   0.000000e+00   0.000000e+00   0.000000e+00
         129369   3.015360e+07      1.0000000      0.0000000   3.996000e+30   0.000000e+00   3.996000e+30   0.000000e+00   0.000000e+00   0.000000e+00   0.000000e+00   0.000000e+00   0.000000e+00            inf   0.000000e+00  -3.917361e+38   0.000000e+00   0.000000e+00   7.853888e+12   7.706631e+12   7.479894e+12   3.440968e+24   3.996002e+34   0.000000e+00  -2.988967e+47   2.573797e+37   3.287864e+47   0.000000e+00   0.000000e+00   0.000000e+00   0.000000e+00   0.000000e+00   0.000000e+00   0.000000e+00   0.000000e+00   0.000000e+00   0.000000e+00   0.000000e+00   0.000000e+00   0.000000e+00
         129872   3.024000e+07      1.0000000      0.0000000   3.996000e+30   0.000000e+00   3.996000e+30   0.000000e+00   0.000000e+00   0.000000e+00   0.000000e+00   0.000000e+00   0.000000e+00            inf   0.000000e+00  -3.917928e+38   0.000000e+00   0.000000e+00   7.853888e+12   7.707495e+12   7.479894e+12   3.439891e+24   3.996002e+34   0.000000e+00  -2.988967e+47   2.572994e+37   3.287864e+47   0.000000e+00   0.000000e+00   0.000000e+00   0.000000e+00   0.000000e+00   0.000000e+00   0.000000e+00   0.000000e+00   0.000000e+00   0.000000e+00   0.000000e+00   0.000000e+00   0.000000e+00
         130221   3.032640e+07      1.0000000      0.0000000   3.996000e+30   0.000000e+00   3.996000e+30   0.000000e+00   0.000000e+00   0.000000e+00   0.000000e+00   0.000000e+00   0.000000e+00            inf   0.000000e+00  -3.918486e+38   0.000000e+00   0.000000e+00   7.853888e+12   7.708359e+12   7.479894e+12   3.444272e+24   3.996003e+34   0.000000e+00  -2.988967e+47   2.576251e+37   3.287864e+47   0.000000e+00   0.000000e+00   0.000000e+00   0.000000e+00   0.000000e+00   0.000000e+00   0.000000e+00   0.000000e+00   0.000000e+00   0.000000e+00   0.000000e+00   0.000000e+00   0.000000e+00
         130929   3.041280e+07      1.0000000      0.0000000   3.996000e+30   0.000000e+00   3.996000e+30   0.000000e+00   0.000000e+00   0.000000e+00   0.000000e+00   0.000000e+00   0.000000e+00            inf   0.000000e+00  -3.919041e+38   0.000000e+00   0.000000e+00   7.853888e+12   7.709223e+12   7.479894e+12   3.366747e+24   3.996003e+34   0.000000e+00  -2.988968e+47   2.518289e+37   3.287864e+47   0.000000e+00   0.000000e+00   0.000000e+00   0.000000e+00   0.000000e+00   0.000000e+00   0.000000e+00   0.000000e+00   0.000000e+00   0.000000e+00   0.000000e+00   0.000000e+00   0.000000e+00
         131240   3.049920e+07      1.0000000      0.0000000   3.996000e+30   0.000000e+00   3.996000e+30   0.000000e+00   0.000000e+00   0.000000e+00   0.000000e+00   0.000000e+00   0.000000e+00            inf   0.000000e+00  -3.919589e+38   0.000000e+00   0.000000e+00   7.853888e+12   7.710087e+12   7.479894e+12   3.434228e+24   3.996003e+34   0.000000e+00  -2.988967e+47   2.568766e+37   3.287864e+47   0.000000e+00   0.000000e+00   0.000000e+00   0.000000e+00   0.000000e+00   0.000000e+00   0.000000e+00   0.000000e+00   0.000000e+00   0.000000e+00   0.000000e+00   0.000000e+00   0.000000e+00
         131572   3.058560e+07      1.0000000      0.0000000   3.996000e+30   0.000000e+00   3.996000e+30   0.000000e+00   0.000000e+00   0.000000e+00   0.000000e+00   0.000000e+00   0.000000e+00            inf   0.000000e+00  -3.919948e+38   0.000000e+00   0.000000e+00   7.853888e+12   7.710951e+12   7.479894e+12   3.455739e+24   3.996003e+34   0.000000e+00  -2.988968e+47   2.584838e+37   3.287864e+47   0.000000e+00   0.000000e+00   0.000000e+00   0.000000e+00   0.000000e+00   0.000000e+00   0.000000e+00   0.000000e+00   0.000000e+00   0.000000e+00   0.000000e+00   0.000000e+00   0.000000e+00
         131942   3.067200e+07      1.0000000      0.0000000   3.996000e+30   0.000000e+00   3.996000e+30   0.000000e+00   0.000000e+00   0.000000e+00   0.000000e+00   0.000000e+00   0.000000e+00            inf   0.000000e+00  -3.920486e+38   0.000000e+00   0.000000e+00   7.853888e+12   7.711815e+12   7.479894e+12   3.498270e+24   3.996003e+34   0.000000e+00  -2.988968e+47   2.616640e+37   3.287864e+47   0.000000e+00   0.000000e+00   0.000000e+00   0.000000e+00   0.000000e+00   0.000000e+00   0.000000e+00   0.000000e+00   0.000000e+00   0.000000e+00   0.000000e+00   0.000000e+00   0.000000e+00
         132399   3.075840e+07      1.0000000      0.0000000   3.996000e+30   0.000000e+00   3.996000e+30   0.000000e+00   0.000000e+00   0.000000e+00   0.000000e+00   0.000000e+00   0.000000e+00            inf   0.000000e+00  -3.921017e+38   0.000000e+00   0.000000e+00   7.853888e+12   7.712679e+12   7.479894e+12   3.521317e+24   3.996003e+34   0.000000e+00  -2.988968e+47   2.633889e+37   3.287865e+47   0.000000e+00   0.000000e+00   0.000000e+00   0.000000e+00   0.000000e+00   0.000000e+00   0.000000e+00   0.000000e+00   0.000000e+00   0.000000e+00   0.000000e+00   0.000000e+00   0.000000e+00
         132977   3.084480e+07      1.0000000      0.0000000   3.996000e+30   0.000000e+00   3.996000e+30   0.000000e+00   0.000000e+00   0.000000e+00   0.000000e+00   0.000000e+00   0.000000e+00            inf   0.000000e+00  -3.921545e+38   0.000000e+00   0.000000e+00   7.853888e+12   7.713543e+12   7.479894e+12   3.507548e+24   3.996003e+34   0.000000e+00  -2.988968e+47   2.623609e+37   3.287864e+47   0.000000e+00   0.000000e+00   0.000000e+00   0.000000e+00   0.000000e+00   0.000000e+00   0.000000e+00   0.000000e+00   0.000000e+00   0.000000e+00   0.000000e+00   0.000000e+00   0.000000e+00
         133404   3.093120e+07      1.0000000      0.0000000   3.996000e+30   0.000000e+00   3.996000e+30   0.000000e+00   0.000000e+00   0.000000e+00   0.000000e+00   0.000000e+00   0.000000e+00            inf   0.000000e+00  -3.922062e+38   0.000000e+00   0.000000e+00   7.853888e+12   7.714407e+12   7.479894e+12   3.510924e+24   3.996003e+34   0.000000e+00  -2.988968e+47   2.626139e+37   3.287864e+47   0.000000e+00   0.000000e+00   0.000000e+00   0.000000e+00   0.000000e+00   0.000000e+00   0.000000e+00   0.000000e+00   0.000000e+00   0.000000e+00   0.000000e+00   0.000000e+00   0.000000e+00
         133703   3.101760e+07      1.0000000      0.0000000   3.996000e+30   0.000000e+00   3.996000e+30   0.000000e+00   0.000000e+00   0.000000e+00   0.000000e+00   0.000000e+00   0.000000e+00            inf   0.000000e+00  -3.922578e+38   0.000000e+00   0.000000e+00   7.853888e+12   7.715271e+12   7.479894e+12   3.532376e+24   3.996003e+34   0.000000e+00  -2.988968e+47   2.642172e+37   3.287864e+47   0.000000e+00   0.000000e+00   0.000000e+00   0.000000e+00   0.000000e+00   0.000000e+00   0.000000e+00   0.000000e+00   0.000000e+00   0.000000e+00   0.000000e+00   0.000000e+00   0.000000e+00
         133887   3.110400e+07      1.0000000      0.0000000   3.996000e+30   0.000000e+00   3.996000e+30   0.000000e+00   0.000000e+00   0.000000e+00   0.000000e+00   0.000000e+00   0.000000e+00            inf   0.000000e+00  -3.923084e+38   0.000000e+00   0.000000e+00   7.853888e+12   7.716135e+12   7.479894e+12   3.565812e+24   3.996003e+34   0.000000e+00  -2.988968e+47   2.667193e+37   3.287865e+47   0.000000e+00   0.000000e+00   0.000000e+00   0.000000e+00   0.000000e+00   0.000000e+00   0.000000e+00   0.000000e+00   0.000000e+00   0.000000e+00   0.000000e+00   0.000000e+00   0.000000e+00
         134133   3.119040e+07      1.0000000      0.0000000   3.996000e+30   0.000000e+00   3.996000e+30   0.000000e+00   0.000000e+00   0.000000e+00   0.000000e+00   0.000000e+00   0.000000e+00            inf   0.000000e+00  -3.923583e+38   0.000000e+00   0.000000e+00   7.853888e+12   7.716999e+12   7.479894e+12   3.582079e+24   3.996004e+34   0.000000e+00  -2.988968e+47   2.679365e+37   3.287865e+47   0.000000e+00   0.000000e+00   0.000000e+00   0.000000e+00   0.000000e+00   0.000000e+00   0.000000e+00   0.000000e+00   0.000000e+00   0.000000e+00   0.000000e+00   0.000000e+00   0.000000e+00
         134423   3.127680e+07      1.0000000      0.0000000   3.996000e+30   0.000000e+00   3.996000e+30   0.000000e+00   0.000000e+00   0.000000e+00   0.000000e+00   0.000000e+00   0.000000e+00            inf   0.000000e+00  -3.923913e+38   0.000000e+00   0.000000e+00   7.853888e+12   7.717863e+12   7.479894e+12   3.602464e+24   3.996004e+34   0.000000e+00  -2.988968e+47   2.694605e+37   3.287865e+47   0.000000e+00   0.000000e+00   0.000000e+00   0.000000e+00   0.000000e+00   0.000000e+00   0.000000e+00   0.000000e+00   0.000000e+00   0.000000e+00   0.000000e+00   0.000000e+00   0.000000e+00
         134876   3.136320e+07      1.0000000      0.0000000   3.996000e+30   0.000000e+00   3.996000e+30   0.000000e+00   0.000000e+00   0.000000e+00   0.000000e+00   0.000000e+00   0.000000e+00            inf   0.000000e+00  -3.924401e+38   0.000000e+00   0.000000e+00   7.853888e+12   7.718727e+12   7.479894e+12   3.605747e+24   3.996005e+34   0.000000e+00  -2.988969e+47   2.697048e+37   3.287866e+47   0.000000e+00   0.000000e+00   0.000000e+00   0.000000e+00   0.000000e+00   0.000000e+00   0.000000e+00   0.000000e+00   0.000000e+00   0.000000e+00   0.000000e+00   0.000000e+00   0.000000e+00
         135109   3.144960e+07      1.0000000      0.0000000   3.996000e+30   0.000000e+00   3.996000e+30   0.000000e+00   0.000000e+00   0.000000e+00   0.000000e+00   0.000000e+00   0.000000e+00            inf   0.000000e+00  -3.924884e+38   0.000000e+00   0.000000e+00   7.853888e+12   7.719591e+12   7.479894e+12   3.610684e+24   3.996005e+34   0.000000e+00  -2.988969e+47   2.700773e+37   3.287866e+47   0.000000e+00   0.000000e+00   0.000000e+00   0.000000e+00   0.000000e+00   0.000000e+00   0.000000e+00   0.000000e+00   0.000000e+00   0.000000e+00   0.000000e+00   0.000000e+00   0.000000e+00
         135407   3.153600e+07      1.0000000      0.0000000   3.996000e+30   0.000000e+00   3.996000e+30   0.000000e+00   0.000000e+00   0.000000e+00   0.000000e+00   0.000000e+00   0.000000e+00            inf   0.000000e+00  -3.925365e+38   0.000000e+00   0.000000e+00   7.853888e+12   7.720455e+12   7.479894e+12   3.610989e+24   3.996005e+34   0.000000e+00  -2.988969e+47   2.700977e+37   3.287866e+47   0.000000e+00   0.000000e+00   0.000000e+00   0.000000e+00   0.000000e+00   0.000000e+00   0.000000e+00   0.000000e+00   0.000000e+00   0.000000e+00   0.000000e+00   0.000000e+00   0.000000e+00
         135846   3.162240e+07      1.0000000      0.0000000   3.996000e+30   0.000000e+00   3.996000e+30   0.000000e+00   0.000000e+00   0.000000e+00   0.000000e+00   0.000000e+00   0.000000e+00            inf   0.000000e+00  -3.925835e+38   0.000000e+00   0.000000e+00   7.853888e+12   7.721319e+12   7.479894e+12   3.596769e+24   3.996004e+34   0.000000e+00  -2.988969e+47   2.690353e+37   3.287865e+47   0.000000e+00   0.000000e+00   0.000000e+00   0.000000e+00   0.000000e+00   0.000000e+00   0.000000e+00   0.000000e+00   0.000000e+00   0.000000e+00   0.000000e+00   0.000000e+00   0.000000e+00
         136192   3.170880e+07      1.0000000      0.0000000   3.996000e+30   0.000000e+00   3.996000e+30   0.000000e+00   0.000000e+00   0.000000e+00   0.000000e+00   0.000000e+00   0.000000e+00            inf   0.000000e+00  -3.926300e+38   0.000000e+00   0.000000e+00   7.853888e+12   7.722183e+12   7.479894e+12   3.609774e+24   3.996004e+34   0.000000e+00  -2.988969e+47   2.700084e+37   3.287865e+47   0.000000e+00   0.000000e+00   0.000000e+00   0.000000e+00   0.000000e+00   0.000000e+00   0.000000e+00   0.000000e+00   0.000000e+00   0.000000e+00   0.000000e+00   0.000000e+00   0.000000e+00
         136595   3.179520e+07      1.0000000      0.0000000   3.996000e+30   0.000000e+00   3.996000e+30   0.000000e+00   0.000000e+00   0.000000e+00   0.000000e+00   0.000000e+00   0.000000e+00            inf   0.000000e+00  -3.926756e+38   0.000000e+00   0.000000e+00   7.853888e+12   7.723047e+12   7.479894e+12   3.603619e+24   3.996005e+34   0.000000e+00  -2.988969e+47   2.695453e+37   3.287866e+47   0.000000e+00   0.000000e+00   0.000000e+00   0.000000e+00   0.000000e+00   0.000000e+00   0.000000e+00   0.000000e+00   0.000000e+00   0.000000e+00   0.000000e+00   0.000000e+00   0.000000e+00
         136929   3.188160e+07      1.0000000      0.0000000   3.996000e+30   0.000000e+00   3.996000e+30   0.000000e+00   0.000000e+00   0.000000e+00   0.000000e+00   0.000000e+00   0.000000e+00            inf   0.000000e+00  -3.927206e+38   0.000000e+00   0.000000e+00   7.853888e+12   7.723911e+12   7.479894e+12   3.604839e+24   3.996005e+34   0.000000e+00  -2.988969e+47   2.696394e+37   3.287866e+47   0.000000e+00   0.000000e+00   0.000000e+00   0.000000e+00   0.000000e+00   0.000000e+00   0.000000e+00   0.000000e+00   0.000000e+00   0.000000e+00   0.000000e+00   0.000000e+00   0.000000e+00
         137163   3.196800e+07      1.0000000      0.0000000   3.996000e+30   0.000000e+00   3.996000e+30   0.000000e+00   0.000000e+00   0.000000e+00   0.000000e+00   0.000000e+00   0.000000e+00            inf   0.000000e+00  -3.927503e+38   0.000000e+00   0.000000e+00   7.853888e+12   7.724775e+12   7.479894e+12   3.622235e+24   3.996005e+34   0.000000e+00  -2.988969e+47   2.709391e+37   3.287866e+47   0.000000e+00   0.000000e+00   0.000000e+00   0.000000e+00   0.000000e+00   0.000000e+00   0.000000e+00   0.000000e+00   0.000000e+00   0.000000e+00   0.000000e+00   0.000000e+00   0.000000e+00
         137833   3.205440e+07      1.0000000      0.0000000   3.996000e+30   0.000000e+00   3.996000e+30   0.000000e+00   0.000000e+00   0.000000e+00   0.000000e+00   0.000000e+00   0.000000e+00            inf   0.000000e+00  -3.927949e+38   0.000000e+00   0.000000e+00   7.853888e+12   7.725639e+12   7.479894e+12   3.558656e+24   3.996005e+34   0.000000e+00  -2.988969e+47   2.661834e+37   3.287866e+47   0.000000e+00   0.000000e+00   0.000000e+00   0.000000e+00   0.000000e+00   0.000000e+00   0.000000e+00   0.000000e+00   0.000000e+00   0.000000e+00   0.000000e+00   0.000000e+00   0.000000e+00
         138399   3.214080e+07      1.0000000      0.0000000   3.996000e+30   0.000000e+00   3.996000e+30   0.000000e+00   0.000000e+00   0.000000e+00   0.000000e+00   0.000000e+00   0.000000e+00            inf   0.000000e+00  -3.928381e+38   0.000000e+00   0.000000e+00   7.853888e+12   7.726503e+12   7.479894e+12   3.542980e+24   3.996005e+34   0.000000e+00  -2.988969e+47   2.650109e+37   3.287866e+47   0.000000e+00   0.000000e+00   0.000000e+00   0.000000e+00   0.000000e+00   0.000000e+00   0.000000e+00   0.000000e+00   0.000000e+00   0.000000e+00   0.000000e+00   0.000000e+00   0.000000e+00
         138631   3.222720e+07      1.0000000      0.0000000   3.996000e+30   0.000000e+00   3.996000e+30   0.000000e+00   0.000000e+00   0.000000e+00   0.000000e+00   0.000000e+00   0.000000e+00            inf   0.000000e+00  -3.928809e+38   0.000000e+00   0.000000e+00   7.853888e+12   7.727367e+12   7.479894e+12   3.576797e+24   3.996006e+34   0.000000e+00  -2.988970e+47   2.675397e+37   3.287866e+47   0.000000e+00   0.000000e+00   0.000000e+00   0.000000e+00   0.000000e+00   0.000000e+00   0.000000e+00   0.000000e+00   0.000000e+00   0.000000e+00   0.000000e+00   0.000000e+00   0.000000e+00
         138815   3.231360e+07      1.0000000      0.0000000   3.996000e+30   0.000000e+00   3.996000e+30   0.000000e+00   0.000000e+00   0.000000e+00   0.000000e+00   0.000000e+00   0.000000e+00            inf   0.000000e+00  -3.929231e+38   0.000000e+00   0.000000e+00   7.853888e+12   7.728231e+12   7.479894e+12   3.607037e+24   3.996005e+34   0.000000e+00  -2.988969e+47   2.698024e+37   3.287866e+47   0.000000e+00   0.000000e+00   0.000000e+00   0.000000e+00   0.000000e+00   0.000000e+00   0.000000e+00   0.000000e+00   0.000000e+00   0.000000e+00   0.000000e+00   0.000000e+00   0.000000e+00
         139226   3.240000e+07      1.0000000      0.0000000   3.996000e+30   0.000000e+00   3.996000e+30   0.000000e+00   0.000000e+00   0.000000e+00   0.000000e+00   0.000000e+00   0.000000e+00            inf   0.000000e+00  -3.929649e+38   0.000000e+00   0.000000e+00   7.853888e+12   7.729095e+12   7.479894e+12   3.618440e+24   3.996005e+34   0.000000e+00  -2.988969e+47   2.706554e+37   3.287866e+47   0.000000e+00   0.000000e+00   0.000000e+00   0.000000e+00   0.000000e+00   0.000000e+00   0.000000e+00   0.000000e+00   0.000000e+00   0.000000e+00   0.000000e+00   0.000000e+00   0.000000e+00
         139423   3.248640e+07      1.0000000      0.0000000   3.996000e+30   0.000000e+00   3.996000e+30   0.000000e+00   0.000000e+00   0.000000e+00   0.000000e+00   0.000000e+00   0.000000e+00            inf   0.000000e+00  -3.930056e+38   0.000000e+00   0.000000e+00   7.853888e+12   7.729959e+12   7.479894e+12   3.648191e+24   3.996005e+34   0.000000e+00  -2.988969e+47   2.728807e+37   3.287866e+47   0.000000e+00   0.000000e+00   0.000000e+00   0.000000e+00   0.000000e+00   0.000000e+00   0.000000e+00   0.000000e+00   0.000000e+00   0.000000e+00   0.000000e+00   0.000000e+00   0.000000e+00
         139957   3.257280e+07      1.0000000      0.0000000   3.996000e+30   0.000000e+00   3.996000e+30   0.000000e+00   0.000000e+00   0.000000e+00   0.000000e+00   0.000000e+00   0.000000e+00            inf   0.000000e+00  -3.930459e+38   0.000000e+00   0.000000e+00   7.853888e+12   7.730823e+12   7.479894e+12   3.600527e+24   3.996005e+34   0.000000e+00  -2.988969e+47   2.693152e+37   3.287866e+47   0.000000e+00   0.000000e+00   0.000000e+00   0.000000e+00   0.000000e+00   0.000000e+00   0.000000e+00   0.000000e+00   0.000000e+00   0.000000e+00   0.000000e+00   0.000000e+00   0.000000e+00
         140214   3.265920e+07      1.0000000      0.0000000   3.996000e+30   0.000000e+00   3.996000e+30   0.000000e+00   0.000000e+00   0.000000e+00   0.000000e+00   0.000000e+00   0.000000e+00            inf   0.000000e+00  -3.930726e+38   0.000000e+00   0.000000e+00   7.853888e+12   7.731687e+12   7.479894e+12   3.635510e+24   3.996005e+34   0.000000e+00  -2.988969e+47   2.719336e+37   3.287866e+47   0.000000e+00   0.000000e+00   0.000000e+00   0.000000e+00   0.000000e+00   0.000000e+00   0.000000e+00   0.000000e+00   0.000000e+00   0.000000e+00   0.000000e+00   0.000000e+00   0.000000e+00
         140398   3.274560e+07      1.0000000      0.0000000   3.996000e+30   0.000000e+00   3.996000e+30   0.000000e+00   0.000000e+00   0.000000e+00   0.000000e+00   0.000000e+00   0.000000e+00            inf   0.000000e+00  -3.931116e+38   0.000000e+00   0.000000e+00   7.853888e+12   7.732551e+12   7.479894e+12   3.660686e+24   3.996005e+34   0.000000e+00  -2.988969e+47   2.738161e+37   3.287866e+47   0.000000e+00   0.000000e+00   0.000000e+00   0.000000e+00   0.000000e+00   0.000000e+00   0.000000e+00   0.000000e+00   0.000000e+00   0.000000e+00   0.000000e+00   0.000000e+00   0.000000e+00
         140582   3.283200e+07      1.0000000      0.0000000   3.996000e+30   0.000000e+00   3.996000e+30   0.000000e+00   0.000000e+00   0.000000e+00   0.000000e+00   0.000000e+00   0.000000e+00            inf   0.000000e+00  -3.931504e+38   0.000000e+00   0.000000e+00   7.853888e+12   7.733415e+12   7.479894e+12   3.681716e+24   3.996006e+34   0.000000e+00  -2.988970e+47   2.753875e+37   3.287866e+47   0.000000e+00   0.000000e+00   0.000000e+00   0.000000e+00   0.000000e+00   0.000000e+00   0.000000e+00   0.000000e+00   0.000000e+00   0.000000e+00   0.000000e+00   0.000000e+00   0.000000e+00
         140715   3.291840e+07      1.0000000      0.0000000   3.996000e+30   0.000000e+00   3.996000e+30   0.000000e+00   0.000000e+00   0.000000e+00   0.000000e+00   0.000000e+00   0.000000e+00            inf   0.000000e+00  -3.931881e+38   0.000000e+00   0.000000e+00   7.853888e+12   7.734279e+12   7.479894e+12   3.707001e+24   3.996006e+34   0.000000e+00  -2.988970e+47   2.772799e+37   3.287866e+47   0.000000e+00   0.000000e+00   0.000000e+00   0.000000e+00   0.000000e+00   0.000000e+00   0.000000e+00   0.000000e+00   0.000000e+00   0.000000e+00   0.000000e+00   0.000000e+00   0.000000e+00
         140824   3.300480e+07      1.0000000      0.0000000   3.996000e+30   0.000000e+00   3.996000e+30   0.000000e+00   0.000000e+00   0.000000e+00   0.000000e+00   0.000000e+00   0.000000e+00            inf   0.000000e+00  -3.932254e+38   0.000000e+00   0.000000e+00   7.853888e+12   7.735143e+12   7.479894e+12   3.726056e+24   3.996006e+34   0.000000e+00  -2.988970e+47   2.787047e+37   3.287866e+47   0.000000e+00   0.000000e+00   0.000000e+00   0.000000e+00   0.000000e+00   0.000000e+00   0.000000e+00   0.000000e+00   0.000000e+00   0.000000e+00   0.000000e+00   0.000000e+00   0.000000e+00
         141008   3.309120e+07      1.0000000      0.0000000   3.996000e+30   0.000000e+00   3.996000e+30   0.000000e+00   0.000000e+00   0.000000e+00   0.000000e+00   0.000000e+00   0.000000e+00            inf   0.000000e+00  -3.932622e+38   0.000000e+00   0.000000e+00   7.853888e+12   7.736007e+12   7.479894e+12   3.727431e+24   3.996006e+34   0.000000e+00  -2.988970e+47   2.788069e+37   3.287866e+47   0.000000e+00   0.000000e+00   0.000000e+00   0.000000e+00   0.000000e+00   0.000000e+00   0.000000e+00   0.000000e+00   0.000000e+00   0.000000e+00   0.000000e+00   0.000000e+00   0.000000e+00
         141423   3.317760e+07      1.0000000      0.0000000   3.996000e+30   0.000000e+00   3.996000e+30   0.000000e+00   0.000000e+00   0.000000e+00   0.000000e+00   0.000000e+00   0.000000e+00            inf   0.000000e+00  -3.932984e+38   0.000000e+00   0.000000e+00   7.853888e+12   7.736871e+12   7.479894e+12   3.671369e+24   3.996005e+34   0.000000e+00  -2.988969e+47   2.746145e+37   3.287866e+47   0.000000e+00   0.000000e+00   0.000000e+00   0.000000e+00   0.000000e+00   0.000000e+00   0.000000e+00   0.000000e+00   0.000000e+00   0.000000e+00   0.000000e+00   0.000000e+00   0.000000e+00
         141687   3.326400e+07      1.0000000      0.0000000   3.996000e+30   0.000000e+00   3.996000e+30   0.000000e+00   0.000000e+00   0.000000e+00   0.000000e+00   0.000000e+00   0.000000e+00            inf   0.000000e+00  -3.933333e+38   0.000000e+00   0.000000e+00   7.853888e+12   7.737735e+12   7.479894e+12   3.684662e+24   3.996006e+34   0.000000e+00  -2.988970e+47   2.756088e+37   3.287866e+47   0.000000e+00   0.000000e+00   0.000000e+00   0.000000e+00   0.000000e+00   0.000000e+00   0.000000e+00   0.000000e+00   0.000000e+00   0.000000e+00   0.000000e+00   0.000000e+00   0.000000e+00
         142024   3.335040e+07      1.0000000      0.0000000   3.996000e+30   0.000000e+00   3.996000e+30   0.000000e+00   0.000000e+00   0.000000e+00   0.000000e+00   0.000000e+00   0.000000e+00            inf   0.000000e+00  -3.933566e+38   0.000000e+00   0.000000e+00   7.853888e+12   7.738599e+12   7.479894e+12   3.685164e+24   3.996006e+34   0.000000e+00  -2.988970e+47   2.756462e+37   3.287867e+47   0.000000e+00   0.000000e+00   0.000000e+00   0.000000e+00   0.000000e+00   0.000000e+00   0.000000e+00   0.000000e+00   0.000000e+00   0.000000e+00   0.000000e+00   0.000000e+00   0.000000e+00
         142294   3.343680e+07      1.0000000      0.0000000   3.996000e+30   0.000000e+00   3.996000e+30   0.000000e+00   0.000000e+00   0.000000e+00   0.000000e+00   0.000000e+00   0.000000e+00            inf   0.000000e+00  -3.933908e+38   0.000000e+00   0.000000e+00   7.853888e+12   7.739463e+12   7.479894e+12   3.689047e+24   3.996006e+34   0.000000e+00  -2.988970e+47   2.759360e+37   3.287867e+47   0.000000e+00   0.000000e+00   0.000000e+00   0.000000e+00   0.000000e+00   0.000000e+00   0.000000e+00   0.000000e+00   0.000000e+00   0.000000e+00   0.000000e+00   0.000000e+00   0.000000e+00
         142642   3.352320e+07      1.0000000      0.0000000   3.996000e+30   0.000000e+00   3.996000e+30   0.000000e+00   0.000000e+00   0.000000e+00   0.000000e+00   0.000000e+00   0.000000e+00            inf   0.000000e+00  -3.934245e+38   0.000000e+00   0.000000e+00   7.853888e+12   7.740327e+12   7.479894e+12   3.685445e+24   3.996006e+34   0.000000e+00  -2.988970e+47   2.756670e+37   3.287866e+47   0.000000e+00   0.000000e+00   0.000000e+00   0.000000e+00   0.000000e+00   0.000000e+00   0.000000e+00   0.000000e+00   0.000000e+00   0.000000e+00   0.000000e+00   0.000000e+00   0.000000e+00
         143078   3.360960e+07      1.0000000      0.0000000   3.996000e+30   0.000000e+00   3.996000e+30   0.000000e+00   0.000000e+00   0.000000e+00   0.000000e+00   0.000000e+00   0.000000e+00            inf   0.000000e+00  -3.934575e+38   0.000000e+00   0.000000e+00   7.853888e+12   7.741191e+12   7.479894e+12   3.667018e+24   3.996005e+34   0.000000e+00  -2.988970e+47   2.742880e+37   3.287866e+47   0.000000e+00   0.000000e+00   0.000000e+00   0.000000e+00   0.000000e+00   0.000000e+00   0.000000e+00   0.000000e+00   0.000000e+00   0.000000e+00   0.000000e+00   0.000000e+00   0.000000e+00
         143262   3.369600e+07      1.0000000      0.0000000   3.996000e+30   0.000000e+00   3.996000e+30   0.000000e+00   0.000000e+00   0.000000e+00   0.000000e+00   0.000000e+00   0.000000e+00            inf   0.000000e+00  -3.934895e+38   0.000000e+00   0.000000e+00   7.853888e+12   7.742055e+12   7.479894e+12   3.699207e+24   3.996005e+34   0.000000e+00  -2.988969e+47   2.766955e+37   3.287866e+47   0.000000e+00   0.000000e+00   0.000000e+00   0.000000e+00   0.000000e+00   0.000000e+00   0.000000e+00   0.000000e+00   0.000000e+00   0.000000e+00   0.000000e+00   0.000000e+00   0.000000e+00
         143600   3.378240e+07      1.0000000      0.0000000   3.996000e+30   0.000000e+00   3.996000e+30   0.000000e+00   0.000000e+00   0.000000e+00   0.000000e+00   0.000000e+00   0.000000e+00            inf   0.000000e+00  -3.935216e+38   0.000000e+00   0.000000e+00   7.853888e+12   7.742919e+12   7.479894e+12   3.708179e+24   3.996005e+34   0.000000e+00  -2.988969e+47   2.773694e+37   3.287866e+47   0.000000e+00   0.000000e+00   0.000000e+00   0.000000e+00   0.000000e+00   0.000000e+00   0.000000e+00   0.000000e+00   0.000000e+00   0.000000e+00   0.000000e+00   0.000000e+00   0.000000e+00
         143906   3.386880e+07      1.0000000      0.0000000   3.996000e+30   0.000000e+00   3.996000e+30   0.000000e+00   0.000000e+00   0.000000e+00   0.000000e+00   0.000000e+00   0.000000e+00            inf   0.000000e+00  -3.935527e+38   0.000000e+00   0.000000e+00   7.853888e+12   7.743783e+12   7.479894e+12   3.718044e+24   3.996006e+34   0.000000e+00  -2.988970e+47   2.781047e+37   3.287866e+47   0.000000e+00   0.000000e+00   0.000000e+00   0.000000e+00   0.000000e+00   0.000000e+00   0.000000e+00   0.000000e+00   0.000000e+00   0.000000e+00   0.000000e+00   0.000000e+00   0.000000e+00
         144176   3.395520e+07      1.0000000      0.0000000   3.996000e+30   0.000000e+00   3.996000e+30   0.000000e+00   0.000000e+00   0.000000e+00   0.000000e+00   0.000000e+00   0.000000e+00            inf   0.000000e+00  -3.935829e+38   0.000000e+00   0.000000e+00   7.853888e+12   7.744647e+12   7.479894e+12   3.726203e+24   3.996006e+34   0.000000e+00  -2.988970e+47   2.787170e+37   3.287866e+47   0.000000e+00   0.000000e+00   0.000000e+00   0.000000e+00   0.000000e+00   0.000000e+00   0.000000e+00   0.000000e+00   0.000000e+00   0.000000e+00   0.000000e+00   0.000000e+00   0.000000e+00
         144501   3.404160e+07      1.0000000      0.0000000   3.996000e+30   0.000000e+00   3.996000e+30   0.000000e+00   0.000000e+00   0.000000e+00   0.000000e+00   0.000000e+00   0.000000e+00            inf   0.000000e+00  -3.936029e+38   0.000000e+00   0.000000e+00   7.853888e+12   7.745511e+12   7.479894e+12   3.728807e+24   3.996006e+34   0.000000e+00  -2.988970e+47   2.789088e+37   3.287866e+47   0.000000e+00   0.000000e+00   0.000000e+00   0.000000e+00   0.000000e+00   0.000000e+00   0.000000e+00   0.000000e+00   0.000000e+00   0.000000e+00   0.000000e+00   0.000000e+00   0.000000e+00
         144685   3.412800e+07      1.0000000      0.0000000   3.996000e+30   0.000000e+00   3.996000e+30   0.000000e+00   0.000000e+00   0.000000e+00   0.000000e+00   0.000000e+00   0.000000e+00            inf   0.000000e+00  -3.936319e+38   0.000000e+00   0.000000e+00   7.853888e+12   7.746375e+12   7.479894e+12   3.750068e+24   3.996006e+34   0.000000e+00  -2.988970e+47   2.805010e+37   3.287866e+47   0.000000e+00   0.000000e+00   0.000000e+00   0.000000e+00   0.000000e+00   0.000000e+00   0.000000e+00   0.000000e+00   0.000000e+00   0.000000e+00   0.000000e+00   0.000000e+00   0.000000e+00
         144895   3.421440e+07      1.0000000      0.0000000   3.996000e+30   0.000000e+00   3.996000e+30   0.000000e+00   0.000000e+00   0.000000e+00   0.000000e+00   0.000000e+00   0.000000e+00            inf   0.000000e+00  -3.936606e+38   0.000000e+00   0.000000e+00   7.853888e+12   7.747239e+12   7.479894e+12   3.753588e+24   3.996005e+34   0.000000e+00  -2.988969e+47   2.807641e+37   3.287866e+47   0.000000e+00   0.000000e+00   0.000000e+00   0.000000e+00   0.000000e+00   0.000000e+00   0.000000e+00   0.000000e+00   0.000000e+00   0.000000e+00   0.000000e+00   0.000000e+00   0.000000e+00
         145304   3.430080e+07      1.0000000      0.0000000   3.996000e+30   0.000000e+00   3.996000e+30   0.000000e+00   0.000000e+00   0.000000e+00   0.000000e+00   0.000000e+00   0.000000e+00            inf   0.000000e+00  -3.936885e+38   0.000000e+00   0.000000e+00   7.853888e+12   7.748103e+12   7.479894e+12   3.743920e+24   3.996005e+34   0.000000e+00  -2.988969e+47   2.800411e+37   3.287866e+47   0.000000e+00   0.000000e+00   0.000000e+00   0.000000e+00   0.000000e+00   0.000000e+00   0.000000e+00   0.000000e+00   0.000000e+00   0.000000e+00   0.000000e+00   0.000000e+00   0.000000e+00
         145518   3.438720e+07      1.0000000      0.0000000   3.996000e+30   0.000000e+00   3.996000e+30   0.000000e+00   0.000000e+00   0.000000e+00   0.000000e+00   0.000000e+00   0.000000e+00            inf   0.000000e+00  -3.937159e+38   0.000000e+00   0.000000e+00   7.853888e+12   7.748967e+12   7.479894e+12   3.770049e+24   3.996005e+34   0.000000e+00  -2.988970e+47   2.819945e+37   3.287866e+47   0.000000e+00   0.000000e+00   0.000000e+00   0.000000e+00   0.000000e+00   0.000000e+00   0.000000e+00   0.000000e+00   0.000000e+00   0.000000e+00   0.000000e+00   0.000000e+00   0.000000e+00
         145833   3.447360e+07      1.0000000      0.0000000   3.996000e+30   0.000000e+00   3.996000e+30   0.000000e+00   0.000000e+00   0.000000e+00   0.000000e+00   0.000000e+00   0.000000e+00            inf   0.000000e+00  -3.937424e+38   0.000000e+00   0.000000e+00   7.853888e+12   7.749831e+12   7.479894e+12   3.778607e+24   3.996006e+34   0.000000e+00  -2.988970e+47   2.826331e+37   3.287866e+47   0.000000e+00   0.000000e+00   0.000000e+00   0.000000e+00   0.000000e+00   0.000000e+00   0.000000e+00   0.000000e+00   0.000000e+00   0.000000e+00   0.000000e+00   0.000000e+00   0.000000e+00
         146131   3.456000e+07      1.0000000      0.0000000   3.996000e+30   0.000000e+00   3.996000e+30   0.000000e+00   0.000000e+00   0.000000e+00   0.000000e+00   0.000000e+00   0.000000e+00            inf   0.000000e+00  -3.937687e+38   0.000000e+00   0.000000e+00   7.853888e+12   7.750695e+12   7.479894e+12   3.782355e+24   3.996005e+34   0.000000e+00  -2.988969e+47   2.829164e+37   3.287866e+47   0.000000e+00   0.000000e+00   0.000000e+00   0.000000e+00   0.000000e+00   0.000000e+00   0.000000e+00   0.000000e+00   0.000000e+00   0.000000e+00   0.000000e+00   0.000000e+00   0.000000e+00
         146422   3.464640e+07      1.0000000      0.0000000   3.996000e+30   0.000000e+00   3.996000e+30   0.000000e+00   0.000000e+00   0.000000e+00   0.000000e+00   0.000000e+00   0.000000e+00            inf   0.000000e+00  -3.937939e+38   0.000000e+00   0.000000e+00   7.853888e+12   7.751559e+12   7.479894e+12   3.802393e+24   3.996005e+34   0.000000e+00  -2.988969e+47   2.844163e+37   3.287866e+47   0.000000e+00   0.000000e+00   0.000000e+00   0.000000e+00   0.000000e+00   0.000000e+00   0.000000e+00   0.000000e+00   0.000000e+00   0.000000e+00   0.000000e+00   0.000000e+00   0.000000e+00
         146639   3.473280e+07      1.0000000      0.0000000   3.996000e+30   0.000000e+00   3.996000e+30   0.000000e+00   0.000000e+00   0.000000e+00   0.000000e+00   0.000000e+00   0.000000e+00            inf   0.000000e+00  -3.938104e+38   0.000000e+00   0.000000e+00   7.853888e+12   7.752423e+12   7.479894e+12   3.826733e+24   3.996005e+34   0.000000e+00  -2.988969e+47   2.862348e+37   3.287866e+47   0.000000e+00   0.000000e+00   0.000000e+00   0.000000e+00   0.000000e+00   0.000000e+00   0.000000e+00   0.000000e+00   0.000000e+00   0.000000e+00   0.000000e+00   0.000000e+00   0.000000e+00
         146953   3.481920e+07      1.0000000      0.0000000   3.996000e+30   0.000000e+00   3.996000e+30   0.000000e+00   0.000000e+00   0.000000e+00   0.000000e+00   0.000000e+00   0.000000e+00            inf   0.000000e+00  -3.938346e+38   0.000000e+00   0.000000e+00   7.853888e+12   7.753287e+12   7.479894e+12   3.835859e+24   3.996006e+34   0.000000e+00  -2.988970e+47   2.869192e+37   3.287867e+47   0.000000e+00   0.000000e+00   0.000000e+00   0.000000e+00   0.000000e+00   0.000000e+00   0.000000e+00   0.000000e+00   0.000000e+00   0.000000e+00   0.000000e+00   0.000000e+00   0.000000e+00
         147137   3.490560e+07      1.0000000      0.0000000   3.996000e+30   0.000000e+00   3.996000e+30   0.000000e+00   0.000000e+00   0.000000e+00   0.000000e+00   0.000000e+00   0.000000e+00            inf   0.000000e+00  -3.938580e+38   0.000000e+00   0.000000e+00   7.853888e+12   7.754151e+12   7.479894e+12   3.843626e+24   3.996005e+34   0.000000e+00  -2.988969e+47   2.874989e+37   3.287866e+47   0.000000e+00   0.000000e+00   0.000000e+00   0.000000e+00   0.000000e+00   0.000000e+00   0.000000e+00   0.000000e+00   0.000000e+00   0.000000e+00   0.000000e+00   0.000000e+00   0.000000e+00
         147462   3.499200e+07      1.0000000      0.0000000   3.996000e+30   0.000000e+00   3.996000e+30   0.000000e+00   0.000000e+00   0.000000e+00   0.000000e+00   0.000000e+00   0.000000e+00            inf   0.000000e+00  -3.938809e+38   0.000000e+00   0.000000e+00   7.853888e+12   7.755015e+12   7.479894e+12   3.816219e+24   3.996005e+34   0.000000e+00  -2.988969e+47   2.854488e+37   3.287866e+47   0.000000e+00   0.000000e+00   0.000000e+00   0.000000e+00   0.000000e+00   0.000000e+00   0.000000e+00   0.000000e+00   0.000000e+00   0.000000e+00   0.000000e+00   0.000000e+00   0.000000e+00
         147848   3.507840e+07      1.0000000      0.0000000   3.996000e+30   0.000000e+00   3.996000e+30   0.000000e+00   0.000000e+00   0.000000e+00   0.000000e+00   0.000000e+00   0.000000e+00            inf   0.000000e+00  -3.939031e+38   0.000000e+00   0.000000e+00   7.853888e+12   7.755879e+12   7.479894e+12   3.801166e+24   3.996005e+34   0.000000e+00  -2.988969e+47   2.843230e+37   3.287866e+47   0.000000e+00   0.000000e+00   0.000000e+00   0.000000e+00   0.000000e+00   0.000000e+00   0.000000e+00   0.000000e+00   0.000000e+00   0.000000e+00   0.000000e+00   0.000000e+00   0.000000e+00
         148211   3.516480e+07      1.0000000      0.0000000   3.996000e+30   0.000000e+00   3.996000e+30   0.000000e+00   0.000000e+00   0.000000e+00   0.000000e+00   0.000000e+00   0.000000e+00            inf   0.000000e+00  -3.939248e+38   0.000000e+00   0.000000e+00   7.853888e+12   7.756743e+12   7.479894e+12   3.786345e+24   3.996005e+34   0.000000e+00  -2.988969e+47   2.832142e+37   3.287866e+47   0.000000e+00   0.000000e+00   0.000000e+00   0.000000e+00   0.000000e+00   0.000000e+00   0.000000e+00   0.000000e+00   0.000000e+00   0.000000e+00   0.000000e+00   0.000000e+00   0.000000e+00
         148665   3.525120e+07      1.0000000      0.0000000   3.996000e+30   0.000000e+00   3.996000e+30   0.000000e+00   0.000000e+00   0.000000e+00   0.000000e+00   0.000000e+00   0.000000e+00            inf   0.000000e+00  -3.939456e+38   0.000000e+00   0.000000e+00   7.853888e+12   7.757607e+12   7.479894e+12   3.785373e+24   3.996005e+34   0.000000e+00  -2.988969e+47   2.831407e+37   3.287866e+47   0.000000e+00   0.000000e+00   0.000000e+00   0.000000e+00   0.000000e+00   0.000000e+00   0.000000e+00   0.000000e+00   0.000000e+00   0.000000e+00   0.000000e+00   0.000000e+00   0.000000e+00
         148985   3.533760e+07      1.0000000      0.0000000   3.996000e+30   0.000000e+00   3.996000e+30   0.000000e+00   0.000000e+00   0.000000e+00   0.000000e+00   0.000000e+00   0.000000e+00            inf   0.000000e+00  -3.939658e+38   0.000000e+00   0.000000e+00   7.853888e+12   7.758471e+12   7.479894e+12   3.829319e+24   3.996005e+34   0.000000e+00  -2.988969e+47   2.864294e+37   3.287866e+47   0.000000e+00   0.000000e+00   0.000000e+00   0.000000e+00   0.000000e+00   0.000000e+00   0.000000e+00   0.000000e+00   0.000000e+00   0.000000e+00   0.000000e+00   0.000000e+00   0.000000e+00
         149163   3.542400e+07      1.0000000      0.0000000   3.996000e+30   0.000000e+00   3.996000e+30   0.000000e+00   0.000000e+00   0.000000e+00   0.000000e+00   0.000000e+00   0.000000e+00            inf   0.000000e+00  -3.939791e+38   0.000000e+00   0.000000e+00   7.853888e+12   7.759335e+12   7.479894e+12   3.875081e+24   3.996005e+34   0.000000e+00  -2.988969e+47   2.898527e+37   3.287866e+47   0.000000e+00   0.000000e+00   0.000000e+00   0.000000e+00   0.000000e+00   0.000000e+00   0.000000e+00   0.000000e+00   0.000000e+00   0.000000e+00   0.000000e+00   0.000000e+00   0.000000e+00
         149347   3.551040e+07      1.0000000      0.0000000   3.996000e+30   0.000000e+00   3.996000e+30   0.000000e+00   0.000000e+00   0.000000e+00   0.000000e+00   0.000000e+00   0.000000e+00            inf   0.000000e+00  -3.939981e+38   0.000000e+00   0.000000e+00   7.853888e+12   7.760199e+12   7.479894e+12   3.907623e+24   3.996005e+34   0.000000e+00  -2.988969e+47   2.922848e+37   3.287866e+47   0.000000e+00   0.000000e+00   0.000000e+00   0.000000e+00   0.000000e+00   0.000000e+00   0.000000e+00   0.000000e+00   0.000000e+00   0.000000e+00   0.000000e+00   0.000000e+00   0.000000e+00
         149531   3.559680e+07      1.0000000      0.0000000   3.996000e+30   0.000000e+00   3.996000e+30   0.000000e+00   0.000000e+00   0.000000e+00   0.000000e+00   0.000000e+00   0.000000e+00            inf   0.000000e+00  -3.940166e+38   0.000000e+00   0.000000e+00   7.853888e+12   7.761063e+12   7.479894e+12   3.945630e+24   3.996005e+34   0.000000e+00  -2.988969e+47   2.951292e+37   3.287866e+47   0.000000e+00   0.000000e+00   0.000000e+00   0.000000e+00   0.000000e+00   0.000000e+00   0.000000e+00   0.000000e+00   0.000000e+00   0.000000e+00   0.000000e+00   0.000000e+00   0.000000e+00
         149688   3.568320e+07      1.0000000      0.0000000   3.996000e+30   0.000000e+00   3.996000e+30   0.000000e+00   0.000000e+00   0.000000e+00   0.000000e+00   0.000000e+00   0.000000e+00            inf   0.000000e+00  -3.940345e+38   0.000000e+00   0.000000e+00   7.853888e+12   7.761927e+12   7.479894e+12   3.982510e+24   3.996005e+34   0.000000e+00  -2.988969e+47   2.978873e+37   3.287866e+47   0.000000e+00   0.000000e+00   0.000000e+00   0.000000e+00   0.000000e+00   0.000000e+00   0.000000e+00   0.000000e+00   0.000000e+00   0.000000e+00   0.000000e+00   0.000000e+00   0.000000e+00
         150066   3.576960e+07      1.0000000      0.0000000   3.996000e+30   0.000000e+00   3.996000e+30   0.000000e+00   0.000000e+00   0.000000e+00   0.000000e+00   0.000000e+00   0.000000e+00            inf   0.000000e+00  -3.940518e+38   0.000000e+00   0.000000e+00   7.853888e+12   7.762791e+12   7.479894e+12   3.972322e+24   3.996005e+34   0.000000e+00  -2.988969e+47   2.971258e+37   3.287866e+47   0.000000e+00   0.000000e+00   0.000000e+00   0.000000e+00   0.000000e+00   0.000000e+00   0.000000e+00   0.000000e+00   0.000000e+00   0.000000e+00   0.000000e+00   0.000000e+00   0.000000e+00
         150513   3.585600e+07      1.0000000      0.0000000   3.996000e+30   0.000000e+00   3.996000e+30   0.000000e+00   0.000000e+00   0.000000e+00   0.000000e+00   0.000000e+00   0.000000e+00            inf   0.000000e+00  -3.940681e+38   0.000000e+00   0.000000e+00   7.853888e+12   7.763655e+12   7.479894e+12   3.966007e+24   3.996005e+34   0.000000e+00  -2.988969e+47   2.966514e+37   3.287866e+47   0.000000e+00   0.000000e+00   0.000000e+00   0.000000e+00   0.000000e+00   0.000000e+00   0.000000e+00   0.000000e+00   0.000000e+00   0.000000e+00   0.000000e+00   0.000000e+00   0.000000e+00
         150711   3.594240e+07      1.0000000      0.0000000   3.996000e+30   0.000000e+00   3.996000e+30   0.000000e+00   0.000000e+00   0.000000e+00   0.000000e+00   0.000000e+00   0.000000e+00            inf   0.000000e+00  -3.940841e+38   0.000000e+00   0.000000e+00   7.853888e+12   7.764519e+12   7.479894e+12   4.001993e+24   3.996004e+34   0.000000e+00  -2.988969e+47   2.993453e+37   3.287865e+47   0.000000e+00   0.000000e+00   0.000000e+00   0.000000e+00   0.000000e+00   0.000000e+00   0.000000e+00   0.000000e+00   0.000000e+00   0.000000e+00   0.000000e+00   0.000000e+00   0.000000e+00
         151018   3.602880e+07      1.0000000      0.0000000   3.996000e+30   0.000000e+00   3.996000e+30   0.000000e+00   0.000000e+00   0.000000e+00   0.000000e+00   0.000000e+00   0.000000e+00            inf   0.000000e+00  -3.940991e+38   0.000000e+00   0.000000e+00   7.853888e+12   7.765383e+12   7.479894e+12   4.016307e+24   3.996005e+34   0.000000e+00  -2.988969e+47   3.004170e+37   3.287866e+47   0.000000e+00   0.000000e+00   0.000000e+00   0.000000e+00   0.000000e+00   0.000000e+00   0.000000e+00   0.000000e+00   0.000000e+00   0.000000e+00   0.000000e+00   0.000000e+00   0.000000e+00
         151362   3.611520e+07      1.0000000      0.0000000   3.996000e+30   0.000000e+00   3.996000e+30   0.000000e+00   0.000000e+00   0.000000e+00   0.000000e+00   0.000000e+00   0.000000e+00            inf   0.000000e+00  -3.941087e+38   0.000000e+00   0.000000e+00   7.853888e+12   7.766247e+12   7.479894e+12   4.046533e+24   3.996005e+34   0.000000e+00  -2.988969e+47   3.026742e+37   3.287866e+47   0.000000e+00   0.000000e+00   0.000000e+00   0.000000e+00   0.000000e+00   0.000000e+00   0.000000e+00   0.000000e+00   0.000000e+00   0.000000e+00   0.000000e+00   0.000000e+00   0.000000e+00
         151508   3.620160e+07      1.0000000      0.0000000   3.996000e+30   0.000000e+00   3.996000e+30   0.000000e+00   0.000000e+00   0.000000e+00   0.000000e+00   0.000000e+00   0.000000e+00            inf   0.000000e+00  -3.941232e+38   0.000000e+00   0.000000e+00   7.853888e+12   7.767111e+12   7.479894e+12   4.103961e+24   3.996005e+34   0.000000e+00  -2.988969e+47   3.069701e+37   3.287866e+47   0.000000e+00   0.000000e+00   0.000000e+00   0.000000e+00   0.000000e+00   0.000000e+00   0.000000e+00   0.000000e+00   0.000000e+00   0.000000e+00   0.000000e+00   0.000000e+00   0.000000e+00
         151600   3.628800e+07      1.0000000      0.0000000   3.996000e+30   0.000000e+00   3.996000e+30   0.000000e+00   0.000000e+00   0.000000e+00   0.000000e+00   0.000000e+00   0.000000e+00            inf   0.000000e+00  -3.941363e+38   0.000000e+00   0.000000e+00   7.853888e+12   7.767975e+12   7.479894e+12   4.150871e+24   3.996004e+34   0.000000e+00  -2.988969e+47   3.104812e+37   3.287865e+47   0.000000e+00   0.000000e+00   0.000000e+00   0.000000e+00   0.000000e+00   0.000000e+00   0.000000e+00   0.000000e+00   0.000000e+00   0.000000e+00   0.000000e+00   0.000000e+00   0.000000e+00
         151765   3.637440e+07      1.0000000      0.0000000   3.996000e+30   0.000000e+00   3.996000e+30   0.000000e+00   0.000000e+00   0.000000e+00   0.000000e+00   0.000000e+00   0.000000e+00            inf   0.000000e+00  -3.941490e+38   0.000000e+00   0.000000e+00   7.853888e+12   7.768839e+12   7.479894e+12   4.188673e+24   3.996004e+34   0.000000e+00  -2.988969e+47   3.133077e+37   3.287865e+47   0.000000e+00   0.000000e+00   0.000000e+00   0.000000e+00   0.000000e+00   0.000000e+00   0.000000e+00   0.000000e+00   0.000000e+00   0.000000e+00   0.000000e+00   0.000000e+00   0.000000e+00
         151969   3.646080e+07      1.0000000      0.0000000   3.996000e+30   0.000000e+00   3.996000e+30   0.000000e+00   0.000000e+00   0.000000e+00   0.000000e+00   0.000000e+00   0.000000e+00            inf   0.000000e+00  -3.941612e+38   0.000000e+00   0.000000e+00   7.853888e+12   7.769703e+12   7.479894e+12   4.213535e+24   3.996004e+34   0.000000e+00  -2.988969e+47   3.151682e+37   3.287865e+47   0.000000e+00   0.000000e+00   0.000000e+00   0.000000e+00   0.000000e+00   0.000000e+00   0.000000e+00   0.000000e+00   0.000000e+00   0.000000e+00   0.000000e+00   0.000000e+00   0.000000e+00
         152398   3.654720e+07      1.0000000      0.0000000   3.996000e+30   0.000000e+00   3.996000e+30   0.000000e+00   0.000000e+00   0.000000e+00   0.000000e+00   0.000000e+00   0.000000e+00            inf   0.000000e+00  -3.941729e+38   0.000000e+00   0.000000e+00   7.853888e+12   7.770567e+12   7.479894e+12   4.204708e+24   3.996005e+34   0.000000e+00  -2.988969e+47   3.145080e+37   3.287866e+47   0.000000e+00   0.000000e+00   0.000000e+00   0.000000e+00   0.000000e+00   0.000000e+00   0.000000e+00   0.000000e+00   0.000000e+00   0.000000e+00   0.000000e+00   0.000000e+00   0.000000e+00
         152582   3.663360e+07      1.0000000      0.0000000   3.996000e+30   0.000000e+00   3.996000e+30   0.000000e+00   0.000000e+00   0.000000e+00   0.000000e+00   0.000000e+00   0.000000e+00            inf   0.000000e+00  -3.941835e+38   0.000000e+00   0.000000e+00   7.853888e+12   7.771431e+12   7.479894e+12   4.237096e+24   3.996004e+34   0.000000e+00  -2.988969e+47   3.169300e+37   3.287865e+47   0.000000e+00   0.000000e+00   0.000000e+00   0.000000e+00   0.000000e+00   0.000000e+00   0.000000e+00   0.000000e+00   0.000000e+00   0.000000e+00   0.000000e+00   0.000000e+00   0.000000e+00
         152766   3.672000e+07      1.0000000      0.0000000   3.996000e+30   0.000000e+00   3.996000e+30   0.000000e+00   0.000000e+00   0.000000e+00   0.000000e+00   0.000000e+00   0.000000e+00            inf   0.000000e+00  -3.941935e+38   0.000000e+00   0.000000e+00   7.853888e+12   7.772295e+12   7.479894e+12   4.273986e+24   3.996005e+34   0.000000e+00  -2.988969e+47   3.196894e+37   3.287866e+47   0.000000e+00   0.000000e+00   0.000000e+00   0.000000e+00   0.000000e+00   0.000000e+00   0.000000e+00   0.000000e+00   0.000000e+00   0.000000e+00   0.000000e+00   0.000000e+00   0.000000e+00
         153060   3.680640e+07      1.0000000      0.0000000   3.996000e+30   0.000000e+00   3.996000e+30   0.000000e+00   0.000000e+00   0.000000e+00   0.000000e+00   0.000000e+00   0.000000e+00            inf   0.000000e+00  -3.941997e+38   0.000000e+00   0.000000e+00   7.853888e+12   7.773159e+12   7.479894e+12   4.272525e+24   3.996004e+34   0.000000e+00  -2.988969e+47   3.195800e+37   3.287866e+47   0.000000e+00   0.000000e+00   0.000000e+00   0.000000e+00   0.000000e+00   0.000000e+00   0.000000e+00   0.000000e+00   0.000000e+00   0.000000e+00   0.000000e+00   0.000000e+00   0.000000e+00
         153328   3.689280e+07      1.0000000      0.0000000   3.996000e+30   0.000000e+00   3.996000e+30   0.000000e+00   0.000000e+00   0.000000e+00   0.000000e+00   0.000000e+00   0.000000e+00            inf   0.000000e+00  -3.942089e+38   0.000000e+00   0.000000e+00   7.853888e+12   7.774023e+12   7.479894e+12   4.325333e+24   3.996005e+34   0.000000e+00  -2.988969e+47   3.235309e+37   3.287866e+47   0.000000e+00   0.000000e+00   0.000000e+00   0.000000e+00   0.000000e+00   0.000000e+00   0.000000e+00   0.000000e+00   0.000000e+00   0.000000e+00   0.000000e+00   0.000000e+00   0.000000e+00
         153452   3.697920e+07      1.0000000      0.0000000   3.996000e+30   0.000000e+00   3.996000e+30   0.000000e+00   0.000000e+00   0.000000e+00   0.000000e+00   0.000000e+00   0.000000e+00            inf   0.000000e+00  -3.942169e+38   0.000000e+00   0.000000e+00   7.853888e+12   7.774887e+12   7.479894e+12   4.377944e+24   3.996005e+34   0.000000e+00  -2.988969e+47   3.274649e+37   3.287866e+47   0.000000e+00   0.000000e+00   0.000000e+00   0.000000e+00   0.000000e+00   0.000000e+00   0.000000e+00   0.000000e+00   0.000000e+00   0.000000e+00   0.000000e+00   0.000000e+00   0.000000e+00
         153636   3.706560e+07      1.0000000      0.0000000   3.996000e+30   0.000000e+00   3.996000e+30   0.000000e+00   0.000000e+00   0.000000e+00   0.000000e+00   0.000000e+00   0.000000e+00            inf   0.000000e+00  -3.942247e+38   0.000000e+00   0.000000e+00   7.853888e+12   7.775751e+12   7.479894e+12   4.417314e+24   3.996005e+34   0.000000e+00  -2.988969e+47   3.304097e+37   3.287866e+47   0.000000e+00   0.000000e+00   0.000000e+00   0.000000e+00   0.000000e+00   0.000000e+00   0.000000e+00   0.000000e+00   0.000000e+00   0.000000e+00   0.000000e+00   0.000000e+00   0.000000e+00
         153820   3.715200e+07      1.0000000      0.0000000   3.996000e+30   0.000000e+00   3.996000e+30   0.000000e+00   0.000000e+00   0.000000e+00   0.000000e+00   0.000000e+00   0.000000e+00            inf   0.000000e+00  -3.942318e+38   0.000000e+00   0.000000e+00   7.853888e+12   7.776615e+12   7.479894e+12   4.455294e+24   3.996006e+34   0.000000e+00  -2.988970e+47   3.332511e+37   3.287866e+47   0.000000e+00   0.000000e+00   0.000000e+00   0.000000e+00   0.000000e+00   0.000000e+00   0.000000e+00   0.000000e+00   0.000000e+00   0.000000e+00   0.000000e+00   0.000000e+00   0.000000e+00
         153989   3.723840e+07      1.0000000      0.0000000   3.996000e+30   0.000000e+00   3.996000e+30   0.000000e+00   0.000000e+00   0.000000e+00   0.000000e+00   0.000000e+00   0.000000e+00            inf   0.000000e+00  -3.942380e+38   0.000000e+00   0.000000e+00   7.853888e+12   7.777479e+12   7.479894e+12   4.495458e+24   3.996006e+34   0.000000e+00  -2.988969e+47   3.362551e+37   3.287866e+47   0.000000e+00   0.000000e+00   0.000000e+00   0.000000e+00   0.000000e+00   0.000000e+00   0.000000e+00   0.000000e+00   0.000000e+00   0.000000e+00   0.000000e+00   0.000000e+00   0.000000e+00
         154254   3.732480e+07      1.0000000      0.0000000   3.996000e+30   0.000000e+00   3.996000e+30   0.000000e+00   0.000000e+00   0.000000e+00   0.000000e+00   0.000000e+00   0.000000e+00            inf   0.000000e+00  -3.942431e+38   0.000000e+00   0.000000e+00   7.853888e+12   7.778343e+12   7.479894e+12   4.514358e+24   3.996006e+34   0.000000e+00  -2.988970e+47   3.376701e+37   3.287866e+47   0.000000e+00   0.000000e+00   0.000000e+00   0.000000e+00   0.000000e+00   0.000000e+00   0.000000e+00   0.000000e+00   0.000000e+00   0.000000e+00   0.000000e+00   0.000000e+00   0.000000e+00
         154530   3.741120e+07      1.0000000      0.0000000   3.996000e+30   0.000000e+00   3.996000e+30   0.000000e+00   0.000000e+00   0.000000e+00   0.000000e+00   0.000000e+00   0.000000e+00            inf   0.000000e+00  -3.942486e+38   0.000000e+00   0.000000e+00   7.853888e+12   7.779207e+12   7.479894e+12   4.549110e+24   3.996006e+34   0.000000e+00  -2.988970e+47   3.402697e+37   3.287866e+47   0.000000e+00   0.000000e+00   0.000000e+00   0.000000e+00   0.000000e+00   0.000000e+00   0.000000e+00   0.000000e+00   0.000000e+00   0.000000e+00   0.000000e+00   0.000000e+00   0.000000e+00
         154756   3.749760e+07      1.0000000      0.0000000   3.996000e+30   0.000000e+00   3.996000e+30   0.000000e+00   0.000000e+00   0.000000e+00   0.000000e+00   0.000000e+00   0.000000e+00            inf   0.000000e+00  -3.942511e+38   0.000000e+00   0.000000e+00   7.853888e+12   7.780071e+12   7.479894e+12   4.593916e+24   3.996006e+34   0.000000e+00  -2.988970e+47   3.436216e+37   3.287866e+47   0.000000e+00   0.000000e+00   0.000000e+00   0.000000e+00   0.000000e+00   0.000000e+00   0.000000e+00   0.000000e+00   0.000000e+00   0.000000e+00   0.000000e+00   0.000000e+00   0.000000e+00
         154940   3.758400e+07      1.0000000      0.0000000   3.996000e+30   0.000000e+00   3.996000e+30   0.000000e+00   0.000000e+00   0.000000e+00   0.000000e+00   0.000000e+00   0.000000e+00            inf   0.000000e+00  -3.942550e+38   0.000000e+00   0.000000e+00   7.853888e+12   7.780935e+12   7.479894e+12   4.642753e+24   3.996006e+34   0.000000e+00  -2.988970e+47   3.472734e+37   3.287866e+47   0.000000e+00   0.000000e+00   0.000000e+00   0.000000e+00   0.000000e+00   0.000000e+00   0.000000e+00   0.000000e+00   0.000000e+00   0.000000e+00   0.000000e+00   0.000000e+00   0.000000e+00
         155177   3.767040e+07      1.0000000      0.0000000   3.996000e+30   0.000000e+00   3.996000e+30   0.000000e+00   0.000000e+00   0.000000e+00   0.000000e+00   0.000000e+00   0.000000e+00            inf   0.000000e+00  -3.942583e+38   0.000000e+00   0.000000e+00   7.853888e+12   7.781799e+12   7.479894e+12   4.667749e+24   3.996006e+34   0.000000e+00  -2.988970e+47   3.491430e+37   3.287866e+47   0.000000e+00   0.000000e+00   0.000000e+00   0.000000e+00   0.000000e+00   0.000000e+00   0.000000e+00   0.000000e+00   0.000000e+00   0.000000e+00   0.000000e+00   0.000000e+00   0.000000e+00
         155571   3.775680e+07      1.0000000      0.0000000   3.996000e+30   0.000000e+00   3.996000e+30   0.000000e+00   0.000000e+00   0.000000e+00   0.000000e+00   0.000000e+00   0.000000e+00            inf   0.000000e+00  -3.942606e+38   0.000000e+00   0.000000e+00   7.853888e+12   7.782663e+12   7.479894e+12   4.686896e+24   3.996006e+34   0.000000e+00  -2.988969e+47   3.505749e+37   3.287866e+47   0.000000e+00   0.000000e+00   0.000000e+00   0.000000e+00   0.000000e+00   0.000000e+00   0.000000e+00   0.000000e+00   0.000000e+00   0.000000e+00   0.000000e+00   0.000000e+00   0.000000e+00
         155792   3.784320e+07      1.0000000      0.0000000   3.996000e+30   0.000000e+00   3.996000e+30   0.000000e+00   0.000000e+00   0.000000e+00   0.000000e+00   0.000000e+00   0.000000e+00            inf   0.000000e+00  -3.942624e+38   0.000000e+00   0.000000e+00   7.853888e+12   7.783527e+12   7.479894e+12   4.734711e+24   3.996005e+34   0.000000e+00  -2.988969e+47   3.541513e+37   3.287866e+47   0.000000e+00   0.000000e+00   0.000000e+00   0.000000e+00   0.000000e+00   0.000000e+00   0.000000e+00   0.000000e+00   0.000000e+00   0.000000e+00   0.000000e+00   0.000000e+00   0.000000e+00
         156190   3.792960e+07      1.0000000      0.0000000   3.996000e+30   0.000000e+00   3.996000e+30   0.000000e+00   0.000000e+00   0.000000e+00   0.000000e+00   0.000000e+00   0.000000e+00            inf   0.000000e+00  -3.942636e+38   0.000000e+00   0.000000e+00   7.853888e+12   7.784391e+12   7.479894e+12   4.757795e+24   3.996005e+34   0.000000e+00  -2.988969e+47   3.558791e+37   3.287866e+47   0.000000e+00   0.000000e+00   0.000000e+00   0.000000e+00   0.000000e+00   0.000000e+00   0.000000e+00   0.000000e+00   0.000000e+00   0.000000e+00   0.000000e+00   0.000000e+00   0.000000e+00
         156357   3.801600e+07      1.0000000      0.0000000   3.996000e+30   0.000000e+00   3.996000e+30   0.000000e+00   0.000000e+00   0.000000e+00   0.000000e+00   0.000000e+00   0.000000e+00            inf   0.000000e+00  -3.942641e+38   0.000000e+00   0.000000e+00   7.853888e+12   7.785255e+12   7.479894e+12   4.811996e+24   3.996005e+34   0.000000e+00  -2.988969e+47   3.599322e+37   3.287866e+47   0.000000e+00   0.000000e+00   0.000000e+00   0.000000e+00   0.000000e+00   0.000000e+00   0.000000e+00   0.000000e+00   0.000000e+00   0.000000e+00   0.000000e+00   0.000000e+00   0.000000e+00
         156541   3.810240e+07      1.0000000      0.0000000   3.996000e+30   0.000000e+00   3.996000e+30   0.000000e+00   0.000000e+00   0.000000e+00   0.000000e+00   0.000000e+00   0.000000e+00            inf   0.000000e+00  -3.942641e+38   0.000000e+00   0.000000e+00   7.853888e+12   7.786119e+12   7.479894e+12   4.850462e+24   3.996006e+34   0.000000e+00  -2.988970e+47   3.628108e+37   3.287866e+47   0.000000e+00   0.000000e+00   0.000000e+00   0.000000e+00   0.000000e+00   0.000000e+00   0.000000e+00   0.000000e+00   0.000000e+00   0.000000e+00   0.000000e+00   0.000000e+00   0.000000e+00
         156745   3.818880e+07      1.0000000      0.0000000   3.996000e+30   0.000000e+00   3.996000e+30   0.000000e+00   0.000000e+00   0.000000e+00   0.000000e+00   0.000000e+00   0.000000e+00            inf   0.000000e+00  -3.942636e+38   0.000000e+00   0.000000e+00   7.853888e+12   7.786983e+12   7.479894e+12   4.879447e+24   3.996006e+34   0.000000e+00  -2.988970e+47   3.649785e+37   3.287866e+47   0.000000e+00   0.000000e+00   0.000000e+00   0.000000e+00   0.000000e+00   0.000000e+00   0.000000e+00   0.000000e+00   0.000000e+00   0.000000e+00   0.000000e+00   0.000000e+00   0.000000e+00
         157076   3.827520e+07      1.0000000      0.0000000   3.996000e+30   0.000000e+00   3.996000e+30   0.000000e+00   0.000000e+00   0.000000e+00   0.000000e+00   0.000000e+00   0.000000e+00            inf   0.000000e+00  -3.942624e+38   0.000000e+00   0.000000e+00   7.853888e+12   7.787847e+12   7.479894e+12   4.888270e+24   3.996006e+34   0.000000e+00  -2.988970e+47   3.656379e+37   3.287866e+47   0.000000e+00   0.000000e+00   0.000000e+00   0.000000e+00   0.000000e+00   0.000000e+00   0.000000e+00   0.000000e+00   0.000000e+00   0.000000e+00   0.000000e+00   0.000000e+00   0.000000e+00
         157274   3.836160e+07      1.0000000      0.0000000   3.996000e+30   0.000000e+00   3.996000e+30   0.000000e+00   0.000000e+00   0.000000e+00   0.000000e+00   0.000000e+00   0.000000e+00            inf   0.000000e+00  -3.942604e+38   0.000000e+00   0.000000e+00   7.853888e+12   7.788711e+12   7.479894e+12   4.930392e+24   3.996005e+34   0.000000e+00  -2.988969e+47   3.687891e+37   3.287866e+47   0.000000e+00   0.000000e+00   0.000000e+00   0.000000e+00   0.000000e+00   0.000000e+00   0.000000e+00   0.000000e+00   0.000000e+00   0.000000e+00   0.000000e+00   0.000000e+00   0.000000e+00
         157514   3.844800e+07      1.0000000      0.0000000   3.996000e+30   0.000000e+00   3.996000e+30   0.000000e+00   0.000000e+00   0.000000e+00   0.000000e+00   0.000000e+00   0.000000e+00            inf   0.000000e+00  -3.942576e+38   0.000000e+00   0.000000e+00   7.853888e+12   7.789575e+12   7.479894e+12   4.984015e+24   3.996006e+34   0.000000e+00  -2.988970e+47   3.727990e+37   3.287866e+47   0.000000e+00   0.000000e+00   0.000000e+00   0.000000e+00   0.000000e+00   0.000000e+00   0.000000e+00   0.000000e+00   0.000000e+00   0.000000e+00   0.000000e+00   0.000000e+00   0.000000e+00
         157798   3.853440e+07      1.0000000      0.0000000   3.996000e+30   0.000000e+00   3.996000e+30   0.000000e+00   0.000000e+00   0.000000e+00   0.000000e+00   0.000000e+00   0.000000e+00            inf   0.000000e+00  -3.942541e+38   0.000000e+00   0.000000e+00   7.853888e+12   7.790439e+12   7.479894e+12   5.022369e+24   3.996005e+34   0.000000e+00  -2.988969e+47   3.756694e+37   3.287866e+47   0.000000e+00   0.000000e+00   0.000000e+00   0.000000e+00   0.000000e+00   0.000000e+00   0.000000e+00   0.000000e+00   0.000000e+00   0.000000e+00   0.000000e+00   0.000000e+00   0.000000e+00
         158044   3.862080e+07      1.0000000      0.0000000   3.996000e+30   0.000000e+00   3.996000e+30   0.000000e+00   0.000000e+00   0.000000e+00   0.000000e+00   0.000000e+00   0.000000e+00            inf   0.000000e+00  -3.942503e+38   0.000000e+00   0.000000e+00   7.853888e+12   7.791303e+12   7.479894e+12   5.085100e+24   3.996005e+34   0.000000e+00  -2.988969e+47   3.803582e+37   3.287866e+47   0.000000e+00   0.000000e+00   0.000000e+00   0.000000e+00   0.000000e+00   0.000000e+00   0.000000e+00   0.000000e+00   0.000000e+00   0.000000e+00   0.000000e+00   0.000000e+00   0.000000e+00
         158345   3.870720e+07      1.0000000      0.0000000   3.996000e+30   0.000000e+00   3.996000e+30   0.000000e+00   0.000000e+00   0.000000e+00   0.000000e+00   0.000000e+00   0.000000e+00            inf   0.000000e+00  -3.942457e+38   0.000000e+00   0.000000e+00   7.853888e+12   7.792167e+12   7.479894e+12   5.125109e+24   3.996005e+34   0.000000e+00  -2.988969e+47   3.833522e+37   3.287866e+47   0.000000e+00   0.000000e+00   0.000000e+00   0.000000e+00   0.000000e+00   0.000000e+00   0.000000e+00   0.000000e+00   0.000000e+00   0.000000e+00   0.000000e+00   0.000000e+00   0.000000e+00
         158703   3.879360e+07      1.0000000      0.0000000   3.996000e+30   0.000000e+00   3.996000e+30   0.000000e+00   0.000000e+00   0.000000e+00   0.000000e+00   0.000000e+00   0.000000e+00            inf   0.000000e+00  -3.942404e+38   0.000000e+00   0.000000e+00   7.853888e+12   7.793031e+12   7.479894e+12   5.171930e+24   3.996005e+34   0.000000e+00  -2.988969e+47   3.868554e+37   3.287866e+47   0.000000e+00   0.000000e+00   0.000000e+00   0.000000e+00   0.000000e+00   0.000000e+00   0.000000e+00   0.000000e+00   0.000000e+00   0.000000e+00   0.000000e+00   0.000000e+00   0.000000e+00
         159022   3.888000e+07      1.0000000      0.0000000   3.996000e+30   0.000000e+00   3.996000e+30   0.000000e+00   0.000000e+00   0.000000e+00   0.000000e+00   0.000000e+00   0.000000e+00            inf   0.000000e+00  -3.942364e+38   0.000000e+00   0.000000e+00   7.853888e+12   7.793895e+12   7.479894e+12   5.212371e+24   3.996005e+34   0.000000e+00  -2.988969e+47   3.898790e+37   3.287866e+47   0.000000e+00   0.000000e+00   0.000000e+00   0.000000e+00   0.000000e+00   0.000000e+00   0.000000e+00   0.000000e+00   0.000000e+00   0.000000e+00   0.000000e+00   0.000000e+00   0.000000e+00
         159246   3.896640e+07      1.0000000      0.0000000   3.996000e+30   0.000000e+00   3.996000e+30   0.000000e+00   0.000000e+00   0.000000e+00   0.000000e+00   0.000000e+00   0.000000e+00            inf   0.000000e+00  -3.942300e+38   0.000000e+00   0.000000e+00   7.853888e+12   7.794759e+12   7.479894e+12   5.277222e+24   3.996005e+34   0.000000e+00  -2.988969e+47   3.947310e+37   3.287866e+47   0.000000e+00   0.000000e+00   0.000000e+00   0.000000e+00   0.000000e+00   0.000000e+00   0.000000e+00   0.000000e+00   0.000000e+00   0.000000e+00   0.000000e+00   0.000000e+00   0.000000e+00
         159430   3.905280e+07      1.0000000      0.0000000   3.996000e+30   0.000000e+00   3.996000e+30   0.000000e+00   0.000000e+00   0.000000e+00   0.000000e+00   0.000000e+00   0.000000e+00            inf   0.000000e+00  -3.942228e+38   0.000000e+00   0.000000e+00   7.853888e+12   7.795623e+12   7.479894e+12   5.335902e+24   3.996005e+34   0.000000e+00  -2.988969e+47   3.991186e+37   3.287866e+47   0.000000e+00   0.000000e+00   0.000000e+00   0.000000e+00   0.000000e+00   0.000000e+00   0.000000e+00   0.000000e+00   0.000000e+00   0.000000e+00   0.000000e+00   0.000000e+00   0.000000e+00
         159614   3.913920e+07      1.0000000      0.0000000   3.996000e+30   0.000000e+00   3.996000e+30   0.000000e+00   0.000000e+00   0.000000e+00   0.000000e+00   0.000000e+00   0.000000e+00            inf   0.000000e+00  -3.942152e+38   0.000000e+00   0.000000e+00   7.853888e+12   7.796487e+12   7.479894e+12   5.384097e+24   3.996005e+34   0.000000e+00  -2.988969e+47   4.027229e+37   3.287866e+47   0.000000e+00   0.000000e+00   0.000000e+00   0.000000e+00   0.000000e+00   0.000000e+00   0.000000e+00   0.000000e+00   0.000000e+00   0.000000e+00   0.000000e+00   0.000000e+00   0.000000e+00
         159938   3.922560e+07      1.0000000      0.0000000   3.996000e+30   0.000000e+00   3.996000e+30   0.000000e+00   0.000000e+00   0.000000e+00   0.000000e+00   0.000000e+00   0.000000e+00            inf   0.000000e+00  -3.942068e+38   0.000000e+00   0.000000e+00   7.853888e+12   7.797351e+12   7.479894e+12   5.415412e+24   3.996005e+34   0.000000e+00  -2.988969e+47   4.050660e+37   3.287866e+47   0.000000e+00   0.000000e+00   0.000000e+00   0.000000e+00   0.000000e+00   0.000000e+00   0.000000e+00   0.000000e+00   0.000000e+00   0.000000e+00   0.000000e+00   0.000000e+00   0.000000e+00
         160292   3.931200e+07      1.0000000      0.0000000   3.996000e+30   0.000000e+00   3.996000e+30   0.000000e+00   0.000000e+00   0.000000e+00   0.000000e+00   0.000000e+00   0.000000e+00            inf   0.000000e+00  -3.941978e+38   0.000000e+00   0.000000e+00   7.853888e+12   7.798215e+12   7.479894e+12   5.446899e+24   3.996005e+34   0.000000e+00  -2.988969e+47   4.074228e+37   3.287866e+47   0.000000e+00   0.000000e+00   0.000000e+00   0.000000e+00   0.000000e+00   0.000000e+00   0.000000e+00   0.000000e+00   0.000000e+00   0.000000e+00   0.000000e+00   0.000000e+00   0.000000e+00
         160522   3.939840e+07      1.0000000      0.0000000   3.996000e+30   0.000000e+00   3.996000e+30   0.000000e+00   0.000000e+00   0.000000e+00   0.000000e+00   0.000000e+00   0.000000e+00            inf   0.000000e+00  -3.941878e+38   0.000000e+00   0.000000e+00   7.853888e+12   7.799079e+12   7.479894e+12   5.523183e+24   3.996005e+34   0.000000e+00  -2.988969e+47   4.131284e+37   3.287866e+47   0.000000e+00   0.000000e+00   0.000000e+00   0.000000e+00   0.000000e+00   0.000000e+00   0.000000e+00   0.000000e+00   0.000000e+00   0.000000e+00   0.000000e+00   0.000000e+00   0.000000e+00
         160760   3.948480e+07      1.0000000      0.0000000   3.996000e+30   0.000000e+00   3.996000e+30   0.000000e+00   0.000000e+00   0.000000e+00   0.000000e+00   0.000000e+00   0.000000e+00            inf   0.000000e+00  -3.941774e+38   0.000000e+00   0.000000e+00   7.853888e+12   7.799943e+12   7.479894e+12   5.587631e+24   3.996005e+34   0.000000e+00  -2.988969e+47   4.179465e+37   3.287866e+47   0.000000e+00   0.000000e+00   0.000000e+00   0.000000e+00   0.000000e+00   0.000000e+00   0.000000e+00   0.000000e+00   0.000000e+00   0.000000e+00   0.000000e+00   0.000000e+00   0.000000e+00
         161144   3.957120e+07      1.0000000      0.0000000   3.996000e+30   0.000000e+00   3.996000e+30   0.000000e+00   0.000000e+00   0.000000e+00   0.000000e+00   0.000000e+00   0.000000e+00            inf   0.000000e+00  -3.941702e+38   0.000000e+00   0.000000e+00   7.853888e+12   7.800807e+12   7.479894e+12   5.640899e+24   3.996005e+34   0.000000e+00  -2.988969e+47   4.219309e+37   3.287866e+47   0.000000e+00   0.000000e+00   0.000000e+00   0.000000e+00   0.000000e+00   0.000000e+00   0.000000e+00   0.000000e+00   0.000000e+00   0.000000e+00   0.000000e+00   0.000000e+00   0.000000e+00
         161328   3.965760e+07      1.0000000      0.0000000   3.996000e+30   0.000000e+00   3.996000e+30   0.000000e+00   0.000000e+00   0.000000e+00   0.000000e+00   0.000000e+00   0.000000e+00            inf   0.000000e+00  -3.941583e+38   0.000000e+00   0.000000e+00   7.853888e+12   7.801671e+12   7.479894e+12   5.699256e+24   3.996005e+34   0.000000e+00  -2.988969e+47   4.263018e+37   3.287866e+47   0.000000e+00   0.000000e+00   0.000000e+00   0.000000e+00   0.000000e+00   0.000000e+00   0.000000e+00   0.000000e+00   0.000000e+00   0.000000e+00   0.000000e+00   0.000000e+00   0.000000e+00
         161512   3.974400e+07      1.0000000      0.0000000   3.996000e+30   0.000000e+00   3.996000e+30   0.000000e+00   0.000000e+00   0.000000e+00   0.000000e+00   0.000000e+00   0.000000e+00            inf   0.000000e+00  -3.941463e+38   0.000000e+00   0.000000e+00   7.853888e+12   7.802535e+12   7.479894e+12   5.767934e+24   3.996005e+34   0.000000e+00  -2.988969e+47   4.314350e+37   3.287866e+47   0.000000e+00   0.000000e+00   0.000000e+00   0.000000e+00   0.000000e+00   0.000000e+00   0.000000e+00   0.000000e+00   0.000000e+00   0.000000e+00   0.000000e+00   0.000000e+00   0.000000e+00
         161696   3.983040e+07      1.0000000      0.0000000   3.996000e+30   0.000000e+00   3.996000e+30   0.000000e+00   0.000000e+00   0.000000e+00   0.000000e+00   0.000000e+00   0.000000e+00            inf   0.000000e+00  -3.941334e+38   0.000000e+00   0.000000e+00   7.853888e+12   7.803399e+12   7.479894e+12   5.832027e+24   3.996005e+34   0.000000e+00  -2.988969e+47   4.362290e+37   3.287866e+47   0.000000e+00   0.000000e+00   0.000000e+00   0.000000e+00   0.000000e+00   0.000000e+00   0.000000e+00   0.000000e+00   0.000000e+00   0.000000e+00   0.000000e+00   0.000000e+00   0.000000e+00
         162058   3.991680e+07      1.0000000      0.0000000   3.996000e+30   0.000000e+00   3.996000e+30   0.000000e+00   0.000000e+00   0.000000e+00   0.000000e+00   0.000000e+00   0.000000e+00            inf   0.000000e+00  -3.941198e+38   0.000000e+00   0.000000e+00   7.853888e+12   7.804263e+12   7.479894e+12   5.859427e+24   3.996005e+34   0.000000e+00  -2.988969e+47   4.382794e+37   3.287866e+47   0.000000e+00   0.000000e+00   0.000000e+00   0.000000e+00   0.000000e+00   0.000000e+00   0.000000e+00   0.000000e+00   0.000000e+00   0.000000e+00   0.000000e+00   0.000000e+00   0.000000e+00
         162317   4.000320e+07      1.0000000      0.0000000   3.996000e+30   0.000000e+00   3.996000e+30   0.000000e+00   0.000000e+00   0.000000e+00   0.000000e+00   0.000000e+00   0.000000e+00            inf   0.000000e+00  -3.941058e+38   0.000000e+00   0.000000e+00   7.853888e+12   7.805127e+12   7.479894e+12   5.909385e+24   3.996005e+34   0.000000e+00  -2.988969e+47   4.420151e+37   3.287866e+47   0.000000e+00   0.000000e+00   0.000000e+00   0.000000e+00   0.000000e+00   0.000000e+00   0.000000e+00   0.000000e+00   0.000000e+00   0.000000e+00   0.000000e+00   0.000000e+00   0.000000e+00
         162501   4.008960e+07      1.0000000      0.0000000   3.996000e+30   0.000000e+00   3.996000e+30   0.000000e+00   0.000000e+00   0.000000e+00   0.000000e+00   0.000000e+00   0.000000e+00            inf   0.000000e+00  -3.940907e+38   0.000000e+00   0.000000e+00   7.853888e+12   7.805991e+12   7.479894e+12   5.949100e+24   3.996005e+34   0.000000e+00  -2.988969e+47   4.449853e+37   3.287866e+47   0.000000e+00   0.000000e+00   0.000000e+00   0.000000e+00   0.000000e+00   0.000000e+00   0.000000e+00   0.000000e+00   0.000000e+00   0.000000e+00   0.000000e+00   0.000000e+00   0.000000e+00
         162685   4.017600e+07      1.0000000      0.0000000   3.996000e+30   0.000000e+00   3.996000e+30   0.000000e+00   0.000000e+00   0.000000e+00   0.000000e+00   0.000000e+00   0.000000e+00            inf   0.000000e+00  -3.940753e+38   0.000000e+00   0.000000e+00   7.853888e+12   7.806855e+12   7.479894e+12   5.991769e+24   3.996005e+34   0.000000e+00  -2.988969e+47   4.481785e+37   3.287866e+47   0.000000e+00   0.000000e+00   0.000000e+00   0.000000e+00   0.000000e+00   0.000000e+00   0.000000e+00   0.000000e+00   0.000000e+00   0.000000e+00   0.000000e+00   0.000000e+00   0.000000e+00
         162895   4.026240e+07      1.0000000      0.0000000   3.996000e+30   0.000000e+00   3.996000e+30   0.000000e+00   0.000000e+00   0.000000e+00   0.000000e+00   0.000000e+00   0.000000e+00            inf   0.000000e+00  -3.940645e+38   0.000000e+00   0.000000e+00   7.853888e+12   7.807719e+12   7.479894e+12   6.019875e+24   3.996005e+34   0.000000e+00  -2.988969e+47   4.502781e+37   3.287866e+47   0.000000e+00   0.000000e+00   0.000000e+00   0.000000e+00   0.000000e+00   0.000000e+00   0.000000e+00   0.000000e+00   0.000000e+00   0.000000e+00   0.000000e+00   0.000000e+00   0.000000e+00
         163266   4.034880e+07      1.0000000      0.0000000   3.996000e+30   0.000000e+00   3.996000e+30   0.000000e+00   0.000000e+00   0.000000e+00   0.000000e+00   0.000000e+00   0.000000e+00   4.443546e+38   0.000000e+00  -3.940475e+38   0.000000e+00   0.000000e+00   7.853888e+12   7.808583e+12   7.479894e+12   6.034149e+24   3.996005e+34   0.000000e+00  -2.988970e+47   4.513469e+37   3.287866e+47   0.000000e+00   0.000000e+00   0.000000e+00   0.000000e+00   0.000000e+00   0.000000e+00   0.000000e+00   0.000000e+00   0.000000e+00   0.000000e+00   0.000000e+00   0.000000e+00   0.000000e+00
         163450   4.043520e+07      1.0000000      0.0000000   3.996000e+30   0.000000e+00   3.996000e+30   0.000000e+00   0.000000e+00   0.000000e+00   0.000000e+00   0.000000e+00   0.000000e+00   4.443378e+38   0.000000e+00  -3.940304e+38   0.000000e+00   0.000000e+00   7.853888e+12   7.809447e+12   7.479894e+12   6.077001e+24   3.996005e+34   0.000000e+00  -2.988969e+47   4.545520e+37   3.287866e+47   0.000000e+00   0.000000e+00   0.000000e+00   0.000000e+00   0.000000e+00   0.000000e+00   0.000000e+00   0.000000e+00   0.000000e+00   0.000000e+00   0.000000e+00   0.000000e+00   0.000000e+00
         163657   4.052160e+07      1.0000000      0.0000000   3.996000e+30   0.000000e+00   3.996000e+30   0.000000e+00   0.000000e+00   0.000000e+00   0.000000e+00   0.000000e+00   0.000000e+00   4.443204e+38   0.000000e+00  -3.940126e+38   0.000000e+00   0.000000e+00   7.853888e+12   7.810311e+12   7.479894e+12   6.100202e+24   3.996005e+34   0.000000e+00  -2.988969e+47   4.562890e+37   3.287866e+47   0.000000e+00   0.000000e+00   0.000000e+00   0.000000e+00   0.000000e+00   0.000000e+00   0.000000e+00   0.000000e+00   0.000000e+00   0.000000e+00   0.000000e+00   0.000000e+00   0.000000e+00
         163962   4.060800e+07      1.0000000      0.0000000   3.996000e+30   0.000000e+00   3.996000e+30   0.000000e+00   0.000000e+00   0.000000e+00   0.000000e+00   0.000000e+00   0.000000e+00   4.443024e+38   0.000000e+00  -3.939941e+38   0.000000e+00   0.000000e+00   7.853888e+12   7.811175e+12   7.479894e+12   6.130771e+24   3.996005e+34   0.000000e+00  -2.988969e+47   4.585744e+37   3.287866e+47   0.000000e+00   0.000000e+00   0.000000e+00   0.000000e+00   0.000000e+00   0.000000e+00   0.000000e+00   0.000000e+00   0.000000e+00   0.000000e+00   0.000000e+00   0.000000e+00   0.000000e+00
         164146   4.069440e+07      1.0000000      0.0000000   3.996000e+30   0.000000e+00   3.996000e+30   0.000000e+00   0.000000e+00   0.000000e+00   0.000000e+00   0.000000e+00   0.000000e+00   4.442838e+38   0.000000e+00  -3.939746e+38   0.000000e+00   0.000000e+00   7.853888e+12   7.812039e+12   7.479894e+12   6.180095e+24   3.996006e+34   0.000000e+00  -2.988970e+47   4.622646e+37   3.287866e+47   0.000000e+00   0.000000e+00   0.000000e+00   0.000000e+00   0.000000e+00   0.000000e+00   0.000000e+00   0.000000e+00   0.000000e+00   0.000000e+00   0.000000e+00   0.000000e+00   0.000000e+00
         164330   4.078080e+07      1.0000000      0.0000000   3.996000e+30   0.000000e+00   3.996000e+30   0.000000e+00   0.000000e+00   0.000000e+00   0.000000e+00   0.000000e+00   0.000000e+00   4.442646e+38   0.000000e+00  -3.939547e+38   0.000000e+00   0.000000e+00   7.853888e+12   7.812903e+12   7.479894e+12   6.225446e+24   3.996005e+34   0.000000e+00  -2.988969e+47   4.656587e+37   3.287866e+47   0.000000e+00   0.000000e+00   0.000000e+00   0.000000e+00   0.000000e+00   0.000000e+00   0.000000e+00   0.000000e+00   0.000000e+00   0.000000e+00   0.000000e+00   0.000000e+00   0.000000e+00
         164514   4.086720e+07      1.0000000      0.0000000   3.996000e+30   0.000000e+00   3.996000e+30   0.000000e+00   0.000000e+00   0.000000e+00   0.000000e+00   0.000000e+00   0.000000e+00   4.442447e+38   0.000000e+00  -3.939339e+38   0.000000e+00   0.000000e+00   7.853888e+12   7.813767e+12   7.479894e+12   6.288727e+24   3.996005e+34   0.000000e+00  -2.988969e+47   4.703911e+37   3.287866e+47   0.000000e+00   0.000000e+00   0.000000e+00   0.000000e+00   0.000000e+00   0.000000e+00   0.000000e+00   0.000000e+00   0.000000e+00   0.000000e+00   0.000000e+00   0.000000e+00   0.000000e+00
         164698   4.095360e+07      1.0000000      0.0000000   3.996000e+30   0.000000e+00   3.996000e+30   0.000000e+00   0.000000e+00   0.000000e+00   0.000000e+00   0.000000e+00   0.000000e+00   4.442246e+38   0.000000e+00  -3.939198e+38   0.000000e+00   0.000000e+00   7.853888e+12   7.814631e+12   7.479894e+12   6.350114e+24   3.996006e+34   0.000000e+00  -2.988970e+47   4.749813e+37   3.287867e+47   0.000000e+00   0.000000e+00   0.000000e+00   0.000000e+00   0.000000e+00   0.000000e+00   0.000000e+00   0.000000e+00   0.000000e+00   0.000000e+00   0.000000e+00   0.000000e+00   0.000000e+00
         165109   4.104000e+07      1.0000000      0.0000000   3.996000e+30   0.000000e+00   3.996000e+30   0.000000e+00   0.000000e+00   0.000000e+00   0.000000e+00   0.000000e+00   0.000000e+00   4.442035e+38   0.000000e+00  -3.938980e+38   0.000000e+00   0.000000e+00   7.853888e+12   7.815495e+12   7.479894e+12   6.362662e+24   3.996005e+34   0.000000e+00  -2.988969e+47   4.759192e+37   3.287866e+47   0.000000e+00   0.000000e+00   0.000000e+00   0.000000e+00   0.000000e+00   0.000000e+00   0.000000e+00   0.000000e+00   0.000000e+00   0.000000e+00   0.000000e+00   0.000000e+00   0.000000e+00
         165579   4.112640e+07      1.0000000      0.0000000   3.996000e+30   0.000000e+00   3.996000e+30   0.000000e+00   0.000000e+00   0.000000e+00   0.000000e+00   0.000000e+00   0.000000e+00   4.441817e+38   0.000000e+00  -3.938758e+38   0.000000e+00   0.000000e+00   7.853888e+12   7.816359e+12   7.479894e+12   6.384933e+24   3.996005e+34   0.000000e+00  -2.988969e+47   4.775872e+37   3.287866e+47   0.000000e+00   0.000000e+00   0.000000e+00   0.000000e+00   0.000000e+00   0.000000e+00   0.000000e+00   0.000000e+00   0.000000e+00   0.000000e+00   0.000000e+00   0.000000e+00   0.000000e+00
         165783   4.121280e+07      1.0000000      0.0000000   3.996000e+30   0.000000e+00   3.996000e+30   0.000000e+00   0.000000e+00   0.000000e+00   0.000000e+00   0.000000e+00   0.000000e+00   4.441594e+38   0.000000e+00  -3.938528e+38   0.000000e+00   0.000000e+00   7.853888e+12   7.817223e+12   7.479894e+12   6.432121e+24   3.996005e+34   0.000000e+00  -2.988969e+47   4.811124e+37   3.287866e+47   0.000000e+00   0.000000e+00   0.000000e+00   0.000000e+00   0.000000e+00   0.000000e+00   0.000000e+00   0.000000e+00   0.000000e+00   0.000000e+00   0.000000e+00   0.000000e+00   0.000000e+00
         166057   4.129920e+07      1.0000000      0.0000000   3.996000e+30   0.000000e+00   3.996000e+30   0.000000e+00   0.000000e+00   0.000000e+00   0.000000e+00   0.000000e+00   0.000000e+00   4.441366e+38   0.000000e+00  -3.938289e+38   0.000000e+00   0.000000e+00   7.853888e+12   7.818087e+12   7.479894e+12   6.456757e+24   3.996005e+34   0.000000e+00  -2.988969e+47   4.829604e+37   3.287866e+47   0.000000e+00   0.000000e+00   0.000000e+00   0.000000e+00   0.000000e+00   0.000000e+00   0.000000e+00   0.000000e+00   0.000000e+00   0.000000e+00   0.000000e+00   0.000000e+00   0.000000e+00
         166408   4.138560e+07      1.0000000      0.0000000   3.996000e+30   0.000000e+00   3.996000e+30   0.000000e+00   0.000000e+00   0.000000e+00   0.000000e+00   0.000000e+00   0.000000e+00   4.441132e+38   0.000000e+00  -3.938045e+38   0.000000e+00   0.000000e+00   7.853888e+12   7.818951e+12   7.479894e+12   6.512618e+24   3.996005e+34   0.000000e+00  -2.988969e+47   4.871391e+37   3.287866e+47   0.000000e+00   0.000000e+00   0.000000e+00   0.000000e+00   0.000000e+00   0.000000e+00   0.000000e+00   0.000000e+00   0.000000e+00   0.000000e+00   0.000000e+00   0.000000e+00   0.000000e+00
         166818   4.147200e+07      1.0000000      0.0000000   3.996000e+30   0.000000e+00   3.996000e+30   0.000000e+00   0.000000e+00   0.000000e+00   0.000000e+00   0.000000e+00   0.000000e+00   4.440891e+38   0.000000e+00  -3.937795e+38   0.000000e+00   0.000000e+00   7.853888e+12   7.819815e+12   7.479894e+12   6.494023e+24   3.996005e+34   0.000000e+00  -2.988969e+47   4.857459e+37   3.287866e+47   0.000000e+00   0.000000e+00   0.000000e+00   0.000000e+00   0.000000e+00   0.000000e+00   0.000000e+00   0.000000e+00   0.000000e+00   0.000000e+00   0.000000e+00   0.000000e+00   0.000000e+00
         167186   4.155840e+07      1.0000000      0.0000000   3.996000e+30   0.000000e+00   3.996000e+30   0.000000e+00   0.000000e+00   0.000000e+00   0.000000e+00   0.000000e+00   0.000000e+00   4.440643e+38   0.000000e+00  -3.937538e+38   0.000000e+00   0.000000e+00   7.853888e+12   7.820679e+12   7.479894e+12   6.476368e+24   3.996005e+34   0.000000e+00  -2.988969e+47   4.844245e+37   3.287866e+47   0.000000e+00   0.000000e+00   0.000000e+00   0.000000e+00   0.000000e+00   0.000000e+00   0.000000e+00   0.000000e+00   0.000000e+00   0.000000e+00   0.000000e+00   0.000000e+00   0.000000e+00
         167529   4.164480e+07      1.0000000      0.0000000   3.996000e+30   0.000000e+00   3.996000e+30   0.000000e+00   0.000000e+00   0.000000e+00   0.000000e+00   0.000000e+00   0.000000e+00   4.440392e+38   0.000000e+00  -3.937364e+38   0.000000e+00   0.000000e+00   7.853888e+12   7.821543e+12   7.479894e+12   6.502886e+24   3.996005e+34   0.000000e+00  -2.988969e+47   4.864080e+37   3.287866e+47   0.000000e+00   0.000000e+00   0.000000e+00   0.000000e+00   0.000000e+00   0.000000e+00   0.000000e+00   0.000000e+00   0.000000e+00   0.000000e+00   0.000000e+00   0.000000e+00   0.000000e+00
         167897   4.173120e+07      1.0000000      0.0000000   3.996000e+30   0.000000e+00   3.996000e+30   0.000000e+00   0.000000e+00   0.000000e+00   0.000000e+00   0.000000e+00   0.000000e+00   4.440134e+38   0.000000e+00  -3.937096e+38   0.000000e+00   0.000000e+00   7.853888e+12   7.822407e+12   7.479894e+12   6.566036e+24   3.996005e+34   0.000000e+00  -2.988969e+47   4.911323e+37   3.287866e+47   0.000000e+00   0.000000e+00   0.000000e+00   0.000000e+00   0.000000e+00   0.000000e+00   0.000000e+00   0.000000e+00   0.000000e+00   0.000000e+00   0.000000e+00   0.000000e+00   0.000000e+00
         168265   4.181760e+07      1.0000000      0.0000000   3.996000e+30   0.000000e+00   3.996000e+30   0.000000e+00   0.000000e+00   0.000000e+00   0.000000e+00   0.000000e+00   0.000000e+00   4.439868e+38   0.000000e+00  -3.936821e+38   0.000000e+00   0.000000e+00   7.853888e+12   7.823271e+12   7.479894e+12   6.585076e+24   3.996005e+34   0.000000e+00  -2.988969e+47   4.925561e+37   3.287866e+47   0.000000e+00   0.000000e+00   0.000000e+00   0.000000e+00   0.000000e+00   0.000000e+00   0.000000e+00   0.000000e+00   0.000000e+00   0.000000e+00   0.000000e+00   0.000000e+00   0.000000e+00
         168734   4.190400e+07      1.0000000      0.0000000   3.996000e+30   0.000000e+00   3.996000e+30   0.000000e+00   0.000000e+00   0.000000e+00   0.000000e+00   0.000000e+00   0.000000e+00   4.439598e+38   0.000000e+00  -3.936539e+38   0.000000e+00   0.000000e+00   7.853888e+12   7.824135e+12   7.479894e+12   6.567290e+24   3.996005e+34   0.000000e+00  -2.988969e+47   4.912264e+37   3.287866e+47   0.000000e+00   0.000000e+00   0.000000e+00   0.000000e+00   0.000000e+00   0.000000e+00   0.000000e+00   0.000000e+00   0.000000e+00   0.000000e+00   0.000000e+00   0.000000e+00   0.000000e+00
         169102   4.199040e+07      1.0000000      0.0000000   3.996000e+30   0.000000e+00   3.996000e+30   0.000000e+00   0.000000e+00   0.000000e+00   0.000000e+00   0.000000e+00   0.000000e+00   4.439321e+38   0.000000e+00  -3.936252e+38   0.000000e+00   0.000000e+00   7.853888e+12   7.824999e+12   7.479894e+12   6.562096e+24   3.996005e+34   0.000000e+00  -2.988969e+47   4.908386e+37   3.287866e+47   0.000000e+00   0.000000e+00   0.000000e+00   0.000000e+00   0.000000e+00   0.000000e+00   0.000000e+00   0.000000e+00   0.000000e+00   0.000000e+00   0.000000e+00   0.000000e+00   0.000000e+00
         169503   4.207680e+07      1.0000000      0.0000000   3.996000e+30   0.000000e+00   3.996000e+30   0.000000e+00   0.000000e+00   0.000000e+00   0.000000e+00   0.000000e+00   0.000000e+00   4.439037e+38   0.000000e+00  -3.935958e+38   0.000000e+00   0.000000e+00   7.853888e+12   7.825863e+12   7.479894e+12   6.546899e+24   3.996005e+34   0.000000e+00  -2.988969e+47   4.897013e+37   3.287866e+47   0.000000e+00   0.000000e+00   0.000000e+00   0.000000e+00   0.000000e+00   0.000000e+00   0.000000e+00   0.000000e+00   0.000000e+00   0.000000e+00   0.000000e+00   0.000000e+00   0.000000e+00
         169955   4.216320e+07      1.0000000      0.0000000   3.996000e+30   0.000000e+00   3.996000e+30   0.000000e+00   0.000000e+00   0.000000e+00   0.000000e+00   0.000000e+00   0.000000e+00   4.438748e+38   0.000000e+00  -3.935658e+38   0.000000e+00   0.000000e+00   7.853888e+12   7.826727e+12   7.479894e+12   6.559003e+24   3.996005e+34   0.000000e+00  -2.988969e+47   4.906064e+37   3.287866e+47   0.000000e+00   0.000000e+00   0.000000e+00   0.000000e+00   0.000000e+00   0.000000e+00   0.000000e+00   0.000000e+00   0.000000e+00   0.000000e+00   0.000000e+00   0.000000e+00   0.000000e+00
         170404   4.224960e+07      1.0000000      0.0000000   3.996000e+30   0.000000e+00   3.996000e+30   0.000000e+00   0.000000e+00   0.000000e+00   0.000000e+00   0.000000e+00   0.000000e+00   4.438453e+38   0.000000e+00  -3.935351e+38   0.000000e+00   0.000000e+00   7.853888e+12   7.827591e+12   7.479894e+12   6.552823e+24   3.996005e+34   0.000000e+00  -2.988969e+47   4.901448e+37   3.287866e+47   0.000000e+00   0.000000e+00   0.000000e+00   0.000000e+00   0.000000e+00   0.000000e+00   0.000000e+00   0.000000e+00   0.000000e+00   0.000000e+00   0.000000e+00   0.000000e+00   0.000000e+00
         170873   4.233600e+07      1.0000000      0.0000000   3.996000e+30   0.000000e+00   3.996000e+30   0.000000e+00   0.000000e+00   0.000000e+00   0.000000e+00   0.000000e+00   0.000000e+00   4.438153e+38   0.000000e+00  -3.935141e+38   0.000000e+00   0.000000e+00   7.853888e+12   7.828455e+12   7.479894e+12   6.554145e+24   3.996005e+34   0.000000e+00  -2.988969e+47   4.902430e+37   3.287866e+47   0.000000e+00   0.000000e+00   0.000000e+00   0.000000e+00   0.000000e+00   0.000000e+00   0.000000e+00   0.000000e+00   0.000000e+00   0.000000e+00   0.000000e+00   0.000000e+00   0.000000e+00
         171373   4.242240e+07      1.0000000      0.0000000   3.996000e+30   0.000000e+00   3.996000e+30   0.000000e+00   0.000000e+00   0.000000e+00   0.000000e+00   0.000000e+00   0.000000e+00   4.437845e+38   0.000000e+00  -3.934823e+38   0.000000e+00   0.000000e+00   7.853888e+12   7.829319e+12   7.479894e+12   6.574229e+24   3.996005e+34   0.000000e+00  -2.988969e+47   4.917454e+37   3.287866e+47   0.000000e+00   0.000000e+00   0.000000e+00   0.000000e+00   0.000000e+00   0.000000e+00   0.000000e+00   0.000000e+00   0.000000e+00   0.000000e+00   0.000000e+00   0.000000e+00   0.000000e+00
         171973   4.250880e+07      1.0000000      0.0000000   3.996000e+30   0.000000e+00   3.996000e+30   0.000000e+00   0.000000e+00   0.000000e+00   0.000000e+00   0.000000e+00   0.000000e+00   4.437531e+38   0.000000e+00  -3.934498e+38   0.000000e+00   0.000000e+00   7.853888e+12   7.830183e+12   7.479894e+12   6.616381e+24   3.996005e+34   0.000000e+00  -2.988969e+47   4.948983e+37   3.287866e+47   0.000000e+00   0.000000e+00   0.000000e+00   0.000000e+00   0.000000e+00   0.000000e+00   0.000000e+00   0.000000e+00   0.000000e+00   0.000000e+00   0.000000e+00   0.000000e+00   0.000000e+00
         172513   4.259520e+07      1.0000000      0.0000000   3.996000e+30   0.000000e+00   3.996000e+30   0.000000e+00   0.000000e+00   0.000000e+00   0.000000e+00   0.000000e+00   0.000000e+00   4.437212e+38   0.000000e+00  -3.934167e+38   0.000000e+00   0.000000e+00   7.853888e+12   7.831047e+12   7.479894e+12   6.631589e+24   3.996005e+34   0.000000e+00  -2.988969e+47   4.960359e+37   3.287866e+47   0.000000e+00   0.000000e+00   0.000000e+00   0.000000e+00   0.000000e+00   0.000000e+00   0.000000e+00   0.000000e+00   0.000000e+00   0.000000e+00   0.000000e+00   0.000000e+00   0.000000e+00
         172984   4.268160e+07      1.0000000      0.0000000   3.996000e+30   0.000000e+00   3.996000e+30   0.000000e+00   0.000000e+00   0.000000e+00   0.000000e+00   0.000000e+00   0.000000e+00   4.436886e+38   0.000000e+00  -3.933830e+38   0.000000e+00   0.000000e+00   7.853888e+12   7.831911e+12   7.479894e+12   6.557872e+24   3.996005e+34   0.000000e+00  -2.988969e+47   4.905213e+37   3.287866e+47   0.000000e+00   0.000000e+00   0.000000e+00   0.000000e+00   0.000000e+00   0.000000e+00   0.000000e+00   0.000000e+00   0.000000e+00   0.000000e+00   0.000000e+00   0.000000e+00   0.000000e+00
         173429   4.276800e+07      1.0000000      0.0000000   3.996000e+30   0.000000e+00   3.996000e+30   0.000000e+00   0.000000e+00   0.000000e+00   0.000000e+00   0.000000e+00   0.000000e+00   4.436555e+38   0.000000e+00  -3.933488e+38   0.000000e+00   0.000000e+00   7.853888e+12   7.832775e+12   7.479894e+12   6.529788e+24   3.996005e+34   0.000000e+00  -2.988969e+47   4.884204e+37   3.287866e+47   0.000000e+00   0.000000e+00   0.000000e+00   0.000000e+00   0.000000e+00   0.000000e+00   0.000000e+00   0.000000e+00   0.000000e+00   0.000000e+00   0.000000e+00   0.000000e+00   0.000000e+00
         173877   4.285440e+07      1.0000000      0.0000000   3.996000e+30   0.000000e+00   3.996000e+30   0.000000e+00   0.000000e+00   0.000000e+00   0.000000e+00   0.000000e+00   0.000000e+00   4.436217e+38   0.000000e+00  -3.933136e+38   0.000000e+00   0.000000e+00   7.853888e+12   7.833639e+12   7.479894e+12   6.496638e+24   3.996005e+34   0.000000e+00  -2.988969e+47   4.859408e+37   3.287866e+47   0.000000e+00   0.000000e+00   0.000000e+00   0.000000e+00   0.000000e+00   0.000000e+00   0.000000e+00   0.000000e+00   0.000000e+00   0.000000e+00   0.000000e+00   0.000000e+00   0.000000e+00
         174443   4.294080e+07      1.0000000      0.0000000   3.996000e+30   0.000000e+00   3.996000e+30   0.000000e+00   0.000000e+00   0.000000e+00   0.000000e+00   0.000000e+00   0.000000e+00   4.435875e+38   0.000000e+00  -3.932779e+38   0.000000e+00   0.000000e+00   7.853888e+12   7.834503e+12   7.479894e+12   6.463552e+24   3.996005e+34   0.000000e+00  -2.988969e+47   4.834653e+37   3.287866e+47   0.000000e+00   0.000000e+00   0.000000e+00   0.000000e+00   0.000000e+00   0.000000e+00   0.000000e+00   0.000000e+00   0.000000e+00   0.000000e+00   0.000000e+00   0.000000e+00   0.000000e+00
         174965   4.302720e+07      1.0000000      0.0000000   3.996000e+30   0.000000e+00   3.996000e+30   0.000000e+00   0.000000e+00   0.000000e+00   0.000000e+00   0.000000e+00   0.000000e+00   4.435527e+38   0.000000e+00  -3.932414e+38   0.000000e+00   0.000000e+00   7.853888e+12   7.835367e+12   7.479894e+12   6.486800e+24   3.996005e+34   0.000000e+00  -2.988969e+47   4.852058e+37   3.287866e+47   0.000000e+00   0.000000e+00   0.000000e+00   0.000000e+00   0.000000e+00   0.000000e+00   0.000000e+00   0.000000e+00   0.000000e+00   0.000000e+00   0.000000e+00   0.000000e+00   0.000000e+00
         175774   4.311360e+07      1.0000000      0.0000000   3.996000e+30   0.000000e+00   3.996000e+30   0.000000e+00   0.000000e+00   0.000000e+00   0.000000e+00   0.000000e+00   0.000000e+00   4.435174e+38   0.000000e+00  -3.932169e+38   0.000000e+00   0.000000e+00   7.853888e+12   7.836231e+12   7.479894e+12   6.498026e+24   3.996005e+34   0.000000e+00  -2.988969e+47   4.860451e+37   3.287866e+47   0.000000e+00   0.000000e+00   0.000000e+00   0.000000e+00   0.000000e+00   0.000000e+00   0.000000e+00   0.000000e+00   0.000000e+00   0.000000e+00   0.000000e+00   0.000000e+00   0.000000e+00
         176354   4.320000e+07      1.0000000      0.0000000   3.996000e+30   0.000000e+00   3.996000e+30   0.000000e+00   0.000000e+00   0.000000e+00   0.000000e+00   0.000000e+00   0.000000e+00   4.434814e+38   0.000000e+00  -3.931797e+38   0.000000e+00   0.000000e+00   7.853888e+12   7.837095e+12   7.479894e+12   6.476561e+24   3.996005e+34   0.000000e+00  -2.988969e+47   4.844406e+37   3.287866e+47   0.000000e+00   0.000000e+00   0.000000e+00   0.000000e+00   0.000000e+00   0.000000e+00   0.000000e+00   0.000000e+00   0.000000e+00   0.000000e+00   0.000000e+00   0.000000e+00   0.000000e+00
         177387   4.328640e+07      1.0000000      0.0000000   3.996000e+30   0.000000e+00   3.996000e+30   0.000000e+00   0.000000e+00   0.000000e+00   0.000000e+00   0.000000e+00   0.000000e+00   4.434447e+38   0.000000e+00  -3.931415e+38   0.000000e+00   0.000000e+00   7.853888e+12   7.837959e+12   7.479894e+12   6.460616e+24   3.996005e+34   0.000000e+00  -2.988969e+47   4.832472e+37   3.287866e+47   0.000000e+00   0.000000e+00   0.000000e+00   0.000000e+00   0.000000e+00   0.000000e+00   0.000000e+00   0.000000e+00   0.000000e+00   0.000000e+00   0.000000e+00   0.000000e+00   0.000000e+00
         177760   4.337280e+07      1.0000000      0.0000000   3.996000e+30   0.000000e+00   3.996000e+30   0.000000e+00   0.000000e+00   0.000000e+00   0.000000e+00   0.000000e+00   0.000000e+00   4.434074e+38   0.000000e+00  -3.931026e+38   0.000000e+00   0.000000e+00   7.853888e+12   7.838823e+12   7.479894e+12   6.395561e+24   3.996005e+34   0.000000e+00  -2.988969e+47   4.783803e+37   3.287866e+47   0.000000e+00   0.000000e+00   0.000000e+00   0.000000e+00   0.000000e+00   0.000000e+00   0.000000e+00   0.000000e+00   0.000000e+00   0.000000e+00   0.000000e+00   0.000000e+00   0.000000e+00
         178091   4.345920e+07      1.0000000      0.0000000   3.996000e+30   0.000000e+00   3.996000e+30   0.000000e+00   0.000000e+00   0.000000e+00   0.000000e+00   0.000000e+00   0.000000e+00   4.433696e+38   0.000000e+00  -3.930632e+38   0.000000e+00   0.000000e+00   7.853888e+12   7.839687e+12   7.479894e+12   6.380427e+24   3.996005e+34   0.000000e+00  -2.988969e+47   4.772496e+37   3.287866e+47   0.000000e+00   0.000000e+00   0.000000e+00   0.000000e+00   0.000000e+00   0.000000e+00   0.000000e+00   0.000000e+00   0.000000e+00   0.000000e+00   0.000000e+00   0.000000e+00   0.000000e+00
         178950   4.354560e+07      1.0000000      0.0000000   3.996000e+30   0.000000e+00   3.996000e+30   0.000000e+00   0.000000e+00   0.000000e+00   0.000000e+00   0.000000e+00   0.000000e+00   4.433311e+38   0.000000e+00  -3.930234e+38   0.000000e+00   0.000000e+00   7.853888e+12   7.840551e+12   7.479894e+12   6.397224e+24   3.996005e+34   0.000000e+00  -2.988969e+47   4.785057e+37   3.287866e+47   0.000000e+00   0.000000e+00   0.000000e+00   0.000000e+00   0.000000e+00   0.000000e+00   0.000000e+00   0.000000e+00   0.000000e+00   0.000000e+00   0.000000e+00   0.000000e+00   0.000000e+00
         179179   4.363200e+07      1.0000000      0.0000000   3.996000e+30   0.000000e+00   3.996000e+30   0.000000e+00   0.000000e+00   0.000000e+00   0.000000e+00   0.000000e+00   0.000000e+00   4.432922e+38   0.000000e+00  -3.929824e+38   0.000000e+00   0.000000e+00   7.853888e+12   7.841415e+12   7.479894e+12   6.397642e+24   3.996005e+34   0.000000e+00  -2.988969e+47   4.785359e+37   3.287866e+47   0.000000e+00   0.000000e+00   0.000000e+00   0.000000e+00   0.000000e+00   0.000000e+00   0.000000e+00   0.000000e+00   0.000000e+00   0.000000e+00   0.000000e+00   0.000000e+00   0.000000e+00
         179667   4.371840e+07      1.0000000      0.0000000   3.996000e+30   0.000000e+00   3.996000e+30   0.000000e+00   0.000000e+00   0.000000e+00   0.000000e+00   0.000000e+00   0.000000e+00   4.432525e+38   0.000000e+00  -3.929413e+38   0.000000e+00   0.000000e+00   7.853888e+12   7.842279e+12   7.479894e+12   6.425126e+24   3.996005e+34   0.000000e+00  -2.988969e+47   4.805925e+37   3.287866e+47   0.000000e+00   0.000000e+00   0.000000e+00   0.000000e+00   0.000000e+00   0.000000e+00   0.000000e+00   0.000000e+00   0.000000e+00   0.000000e+00   0.000000e+00   0.000000e+00   0.000000e+00
         180429   4.380480e+07      1.0000000      0.0000000   3.996000e+30   0.000000e+00   3.996000e+30   0.000000e+00   0.000000e+00   0.000000e+00   0.000000e+00   0.000000e+00   0.000000e+00   4.432125e+38   0.000000e+00  -3.929134e+38   0.000000e+00   0.000000e+00   7.853888e+12   7.843143e+12   7.479894e+12   6.392081e+24   3.996005e+34   0.000000e+00  -2.988969e+47   4.781209e+37   3.287866e+47   0.000000e+00   0.000000e+00   0.000000e+00   0.000000e+00   0.000000e+00   0.000000e+00   0.000000e+00   0.000000e+00   0.000000e+00   0.000000e+00   0.000000e+00   0.000000e+00   0.000000e+00
         180700   4.389120e+07      1.0000000      0.0000000   3.996000e+30   0.000000e+00   3.996000e+30   0.000000e+00   0.000000e+00   0.000000e+00   0.000000e+00   0.000000e+00   0.000000e+00   4.431717e+38   0.000000e+00  -3.928710e+38   0.000000e+00   0.000000e+00   7.853888e+12   7.844007e+12   7.479894e+12   6.366709e+24   3.996005e+34   0.000000e+00  -2.988969e+47   4.762232e+37   3.287866e+47   0.000000e+00   0.000000e+00   0.000000e+00   0.000000e+00   0.000000e+00   0.000000e+00   0.000000e+00   0.000000e+00   0.000000e+00   0.000000e+00   0.000000e+00   0.000000e+00   0.000000e+00
         181180   4.397760e+07      1.0000000      0.0000000   3.996000e+30   0.000000e+00   3.996000e+30   0.000000e+00   0.000000e+00   0.000000e+00   0.000000e+00   0.000000e+00   0.000000e+00   4.431303e+38   0.000000e+00  -3.928283e+38   0.000000e+00   0.000000e+00   7.853888e+12   7.844871e+12   7.479894e+12   6.301293e+24   3.996005e+34   0.000000e+00  -2.988969e+47   4.713296e+37   3.287866e+47   0.000000e+00   0.000000e+00   0.000000e+00   0.000000e+00   0.000000e+00   0.000000e+00   0.000000e+00   0.000000e+00   0.000000e+00   0.000000e+00   0.000000e+00   0.000000e+00   0.000000e+00
         181940   4.406400e+07      1.0000000      0.0000000   3.996000e+30   0.000000e+00   3.996000e+30   0.000000e+00   0.000000e+00   0.000000e+00   0.000000e+00   0.000000e+00   0.000000e+00   4.430883e+38   0.000000e+00  -3.927843e+38   0.000000e+00   0.000000e+00   7.853888e+12   7.845735e+12   7.479894e+12   6.349767e+24   3.996005e+34   0.000000e+00  -2.988969e+47   4.749552e+37   3.287866e+47   0.000000e+00   0.000000e+00   0.000000e+00   0.000000e+00   0.000000e+00   0.000000e+00   0.000000e+00   0.000000e+00   0.000000e+00   0.000000e+00   0.000000e+00   0.000000e+00   0.000000e+00
         182544   4.415040e+07      1.0000000      0.0000000   3.996000e+30   0.000000e+00   3.996000e+30   0.000000e+00   0.000000e+00   0.000000e+00   0.000000e+00   0.000000e+00   0.000000e+00   4.430458e+38   0.000000e+00  -3.927401e+38   0.000000e+00   0.000000e+00   7.853888e+12   7.846599e+12   7.479894e+12   6.331908e+24   3.996005e+34   0.000000e+00  -2.988969e+47   4.736199e+37   3.287866e+47   0.000000e+00   0.000000e+00   0.000000e+00   0.000000e+00   0.000000e+00   0.000000e+00   0.000000e+00   0.000000e+00   0.000000e+00   0.000000e+00   0.000000e+00   0.000000e+00   0.000000e+00
         182765   4.423680e+07      1.0000000      0.0000000   3.996000e+30   0.000000e+00   3.996000e+30   0.000000e+00   0.000000e+00   0.000000e+00   0.000000e+00   0.000000e+00   0.000000e+00   4.430027e+38   0.000000e+00  -3.926950e+38   0.000000e+00   0.000000e+00   7.853888e+12   7.847463e+12   7.479894e+12   6.279928e+24   3.996005e+34   0.000000e+00  -2.988969e+47   4.697332e+37   3.287866e+47   0.000000e+00   0.000000e+00   0.000000e+00   0.000000e+00   0.000000e+00   0.000000e+00   0.000000e+00   0.000000e+00   0.000000e+00   0.000000e+00   0.000000e+00   0.000000e+00   0.000000e+00
         183292   4.432320e+07      1.0000000      0.0000000   3.996000e+30   0.000000e+00   3.996000e+30   0.000000e+00   0.000000e+00   0.000000e+00   0.000000e+00   0.000000e+00   0.000000e+00   4.429590e+38   0.000000e+00  -3.926495e+38   0.000000e+00   0.000000e+00   7.853888e+12   7.848327e+12   7.479894e+12   6.179869e+24   3.996005e+34   0.000000e+00  -2.988969e+47   4.622495e+37   3.287866e+47   0.000000e+00   0.000000e+00   0.000000e+00   0.000000e+00   0.000000e+00   0.000000e+00   0.000000e+00   0.000000e+00   0.000000e+00   0.000000e+00   0.000000e+00   0.000000e+00   0.000000e+00
         183629   4.440960e+07      1.0000000      0.0000000   3.996000e+30   0.000000e+00   3.996000e+30   0.000000e+00   0.000000e+00   0.000000e+00   0.000000e+00   0.000000e+00   0.000000e+00   4.429147e+38   0.000000e+00  -3.926038e+38   0.000000e+00   0.000000e+00   7.853888e+12   7.849191e+12   7.479894e+12   6.151630e+24   3.996005e+34   0.000000e+00  -2.988969e+47   4.601353e+37   3.287866e+47   0.000000e+00   0.000000e+00   0.000000e+00   0.000000e+00   0.000000e+00   0.000000e+00   0.000000e+00   0.000000e+00   0.000000e+00   0.000000e+00   0.000000e+00   0.000000e+00   0.000000e+00
         183896   4.449600e+07      1.0000000      0.0000000   3.996000e+30   0.000000e+00   3.996000e+30   0.000000e+00   0.000000e+00   0.000000e+00   0.000000e+00   0.000000e+00   0.000000e+00   4.428700e+38   0.000000e+00  -3.925724e+38   0.000000e+00   0.000000e+00   7.853888e+12   7.850055e+12   7.479894e+12   6.139454e+24   3.996005e+34   0.000000e+00  -2.988969e+47   4.592268e+37   3.287866e+47   0.000000e+00   0.000000e+00   0.000000e+00   0.000000e+00   0.000000e+00   0.000000e+00   0.000000e+00   0.000000e+00   0.000000e+00   0.000000e+00   0.000000e+00   0.000000e+00   0.000000e+00
         184321   4.458240e+07      1.0000000      0.0000000   3.996000e+30   0.000000e+00   3.996000e+30   0.000000e+00   0.000000e+00   0.000000e+00   0.000000e+00   0.000000e+00   0.000000e+00   4.428246e+38   0.000000e+00  -3.925252e+38   0.000000e+00   0.000000e+00   7.853888e+12   7.850919e+12   7.479894e+12   6.101262e+24   3.996005e+34   0.000000e+00  -2.988969e+47   4.563671e+37   3.287866e+47   0.000000e+00   0.000000e+00   0.000000e+00   0.000000e+00   0.000000e+00   0.000000e+00   0.000000e+00   0.000000e+00   0.000000e+00   0.000000e+00   0.000000e+00   0.000000e+00   0.000000e+00
         184899   4.466880e+07      1.0000000      0.0000000   3.996000e+30   0.000000e+00   3.996000e+30   0.000000e+00   0.000000e+00   0.000000e+00   0.000000e+00   0.000000e+00   0.000000e+00   4.427785e+38   0.000000e+00  -3.924775e+38   0.000000e+00   0.000000e+00   7.853888e+12   7.851783e+12   7.479894e+12   6.078081e+24   3.996005e+34   0.000000e+00  -2.988969e+47   4.546323e+37   3.287866e+47   0.000000e+00   0.000000e+00   0.000000e+00   0.000000e+00   0.000000e+00   0.000000e+00   0.000000e+00   0.000000e+00   0.000000e+00   0.000000e+00   0.000000e+00   0.000000e+00   0.000000e+00
         185399   4.475520e+07      1.0000000      0.0000000   3.996000e+30   0.000000e+00   3.996000e+30   0.000000e+00   0.000000e+00   0.000000e+00   0.000000e+00   0.000000e+00   0.000000e+00   4.427320e+38   0.000000e+00  -3.924288e+38   0.000000e+00   0.000000e+00   7.853888e+12   7.852647e+12   7.479894e+12   5.999478e+24   3.996005e+34   0.000000e+00  -2.988969e+47   4.487550e+37   3.287866e+47   0.000000e+00   0.000000e+00   0.000000e+00   0.000000e+00   0.000000e+00   0.000000e+00   0.000000e+00   0.000000e+00   0.000000e+00   0.000000e+00   0.000000e+00   0.000000e+00   0.000000e+00
         186141   4.484160e+07      1.0000000      0.0000000   3.996000e+30   0.000000e+00   3.996000e+30   0.000000e+00   0.000000e+00   0.000000e+00   0.000000e+00   0.000000e+00   0.000000e+00   4.426847e+38   0.000000e+00  -3.923796e+38   0.000000e+00   0.000000e+00   7.853888e+12   7.853511e+12   7.479894e+12   5.936070e+24   3.996005e+34   0.000000e+00  -2.988969e+47   4.440121e+37   3.287866e+47   0.000000e+00   0.000000e+00   0.000000e+00   0.000000e+00   0.000000e+00   0.000000e+00   0.000000e+00   0.000000e+00   0.000000e+00   0.000000e+00   0.000000e+00   0.000000e+00   0.000000e+00
         186765   4.492800e+07      1.0000000      0.0000000   3.996000e+30   0.000000e+00   3.996000e+30   0.000000e+00   0.000000e+00   0.000000e+00   0.000000e+00   0.000000e+00   0.000000e+00   4.426370e+38   0.000000e+00  -3.923300e+38   0.000000e+00   0.000000e+00   7.853888e+12   7.854375e+12   7.479894e+12   5.914486e+24   3.996005e+34   0.000000e+00  -2.988969e+47   4.423997e+37   3.287866e+47   0.000000e+00   0.000000e+00   0.000000e+00   0.000000e+00   0.000000e+00   0.000000e+00   0.000000e+00   0.000000e+00   0.000000e+00   0.000000e+00   0.000000e+00   0.000000e+00   0.000000e+00
         187152   4.501440e+07      1.0000000      0.0000000   3.996000e+30   0.000000e+00   3.996000e+30   0.000000e+00   0.000000e+00   0.000000e+00   0.000000e+00   0.000000e+00   0.000000e+00   4.425886e+38   0.000000e+00  -3.922795e+38   0.000000e+00   0.000000e+00   7.853888e+12   7.855239e+12   7.479894e+12   5.856709e+24   3.996006e+34   0.000000e+00  -2.988970e+47   4.380783e+37   3.287866e+47   0.000000e+00   0.000000e+00   0.000000e+00   0.000000e+00   0.000000e+00   0.000000e+00   0.000000e+00   0.000000e+00   0.000000e+00   0.000000e+00   0.000000e+00   0.000000e+00   0.000000e+00
         187776   4.510080e+07      1.0000000      0.0000000   3.996000e+30   0.000000e+00   3.996000e+30   0.000000e+00   0.000000e+00   0.000000e+00   0.000000e+00   0.000000e+00   0.000000e+00   4.425397e+38   0.000000e+00  -3.922287e+38   0.000000e+00   0.000000e+00   7.853888e+12   7.856103e+12   7.479894e+12   5.813083e+24   3.996006e+34   0.000000e+00  -2.988970e+47   4.348161e+37   3.287867e+47   0.000000e+00   0.000000e+00   0.000000e+00   0.000000e+00   0.000000e+00   0.000000e+00   0.000000e+00   0.000000e+00   0.000000e+00   0.000000e+00   0.000000e+00   0.000000e+00   0.000000e+00
         188655   4.518720e+07      1.0000000      0.0000000   3.996000e+30   0.000000e+00   3.996000e+30   0.000000e+00   0.000000e+00   0.000000e+00   0.000000e+00   0.000000e+00   0.000000e+00   4.424904e+38   0.000000e+00  -3.921942e+38   0.000000e+00   0.000000e+00   7.853888e+12   7.856967e+12   7.479894e+12   5.880639e+24   3.996006e+34   0.000000e+00  -2.988970e+47   4.398654e+37   3.287866e+47   0.000000e+00   0.000000e+00   0.000000e+00   0.000000e+00   0.000000e+00   0.000000e+00   0.000000e+00   0.000000e+00   0.000000e+00   0.000000e+00   0.000000e+00   0.000000e+00   0.000000e+00
         188948   4.527360e+07      1.0000000      0.0000000   3.996000e+30   0.000000e+00   3.996000e+30   0.000000e+00   0.000000e+00   0.000000e+00   0.000000e+00   0.000000e+00   0.000000e+00   4.424403e+38   0.000000e+00  -3.921421e+38   0.000000e+00   0.000000e+00   7.853888e+12   7.857831e+12   7.479894e+12   5.858760e+24   3.996006e+34   0.000000e+00  -2.988970e+47   4.382276e+37   3.287866e+47   0.000000e+00   0.000000e+00   0.000000e+00   0.000000e+00   0.000000e+00   0.000000e+00   0.000000e+00   0.000000e+00   0.000000e+00   0.000000e+00   0.000000e+00   0.000000e+00   0.000000e+00
         189798   4.536000e+07      1.0000000      0.0000000   3.996000e+30   0.000000e+00   3.996000e+30   0.000000e+00   0.000000e+00   0.000000e+00   0.000000e+00   0.000000e+00   0.000000e+00   4.423897e+38   0.000000e+00  -3.920897e+38   0.000000e+00   0.000000e+00   7.853888e+12   7.858695e+12   7.479894e+12   5.827574e+24   3.996006e+34   0.000000e+00  -2.988970e+47   4.358988e+37   3.287866e+47   0.000000e+00   0.000000e+00   0.000000e+00   0.000000e+00   0.000000e+00   0.000000e+00   0.000000e+00   0.000000e+00   0.000000e+00   0.000000e+00   0.000000e+00   0.000000e+00   0.000000e+00
         190433   4.544640e+07      1.0000000      0.0000000   3.996000e+30   0.000000e+00   3.996000e+30   0.000000e+00   0.000000e+00   0.000000e+00   0.000000e+00   0.000000e+00   0.000000e+00   4.423384e+38   0.000000e+00  -3.920363e+38   0.000000e+00   0.000000e+00   7.853888e+12   7.859559e+12   7.479894e+12   5.856456e+24   3.996006e+34   0.000000e+00  -2.988970e+47   4.380556e+37   3.287866e+47   0.000000e+00   0.000000e+00   0.000000e+00   0.000000e+00   0.000000e+00   0.000000e+00   0.000000e+00   0.000000e+00   0.000000e+00   0.000000e+00   0.000000e+00   0.000000e+00   0.000000e+00
         190738   4.553280e+07      1.0000000      0.0000000   3.996000e+30   0.000000e+00   3.996000e+30   0.000000e+00   0.000000e+00   0.000000e+00   0.000000e+00   0.000000e+00   0.000000e+00   4.422867e+38   0.000000e+00  -3.919826e+38   0.000000e+00   0.000000e+00   7.853888e+12   7.860423e+12   7.479894e+12   5.830380e+24   3.996006e+34   0.000000e+00  -2.988970e+47   4.361052e+37   3.287866e+47   0.000000e+00   0.000000e+00   0.000000e+00   0.000000e+00   0.000000e+00   0.000000e+00   0.000000e+00   0.000000e+00   0.000000e+00   0.000000e+00   0.000000e+00   0.000000e+00   0.000000e+00
         191102   4.561920e+07      1.0000000      0.0000000   3.996000e+30   0.000000e+00   3.996000e+30   0.000000e+00   0.000000e+00   0.000000e+00   0.000000e+00   0.000000e+00   0.000000e+00   4.422344e+38   0.000000e+00  -3.919278e+38   0.000000e+00   0.000000e+00   7.853888e+12   7.861287e+12   7.479894e+12   5.783946e+24   3.996006e+34   0.000000e+00  -2.988970e+47   4.326323e+37   3.287867e+47   0.000000e+00   0.000000e+00   0.000000e+00   0.000000e+00   0.000000e+00   0.000000e+00   0.000000e+00   0.000000e+00   0.000000e+00   0.000000e+00   0.000000e+00   0.000000e+00   0.000000e+00
         191862   4.570560e+07      1.0000000      0.0000000   3.996000e+30   0.000000e+00   3.996000e+30   0.000000e+00   0.000000e+00   0.000000e+00   0.000000e+00   0.000000e+00   0.000000e+00   4.421815e+38   0.000000e+00  -3.918726e+38   0.000000e+00   0.000000e+00   7.853888e+12   7.862151e+12   7.479894e+12   5.869978e+24   3.996006e+34   0.000000e+00  -2.988970e+47   4.390668e+37   3.287867e+47   0.000000e+00   0.000000e+00   0.000000e+00   0.000000e+00   0.000000e+00   0.000000e+00   0.000000e+00   0.000000e+00   0.000000e+00   0.000000e+00   0.000000e+00   0.000000e+00   0.000000e+00
         192825   4.579200e+07      1.0000000      0.0000000   3.996000e+30   0.000000e+00   3.996000e+30   0.000000e+00   0.000000e+00   0.000000e+00   0.000000e+00   0.000000e+00   0.000000e+00   4.421280e+38   0.000000e+00  -3.918168e+38   0.000000e+00   0.000000e+00   7.853888e+12   7.863015e+12   7.479894e+12   5.848605e+24   3.996006e+34   0.000000e+00  -2.988970e+47   4.374703e+37   3.287867e+47   0.000000e+00   0.000000e+00   0.000000e+00   0.000000e+00   0.000000e+00   0.000000e+00   0.000000e+00   0.000000e+00   0.000000e+00   0.000000e+00   0.000000e+00   0.000000e+00   0.000000e+00
         193298   4.587840e+07      1.0000000      0.0000000   3.996000e+30   0.000000e+00   3.996000e+30   0.000000e+00   0.000000e+00   0.000000e+00   0.000000e+00   0.000000e+00   0.000000e+00   4.420741e+38   0.000000e+00  -3.917795e+38   0.000000e+00   0.000000e+00   7.853888e+12   7.863879e+12   7.479894e+12   5.803436e+24   3.996006e+34   0.000000e+00  -2.988970e+47   4.340905e+37   3.287867e+47   0.000000e+00   0.000000e+00   0.000000e+00   0.000000e+00   0.000000e+00   0.000000e+00   0.000000e+00   0.000000e+00   0.000000e+00   0.000000e+00   0.000000e+00   0.000000e+00   0.000000e+00
         193482   4.596480e+07      1.0000000      0.0000000   3.996000e+30   0.000000e+00   3.996000e+30   0.000000e+00   0.000000e+00   0.000000e+00   0.000000e+00   0.000000e+00   0.000000e+00   4.420195e+38   0.000000e+00  -3.917229e+38   0.000000e+00   0.000000e+00   7.853888e+12   7.864743e+12   7.479894e+12   5.798160e+24   3.996006e+34   0.000000e+00  -2.988970e+47   4.336959e+37   3.287867e+47   0.000000e+00   0.000000e+00   0.000000e+00   0.000000e+00   0.000000e+00   0.000000e+00   0.000000e+00   0.000000e+00   0.000000e+00   0.000000e+00   0.000000e+00   0.000000e+00   0.000000e+00
         193666   4.605120e+07      1.0000000      0.0000000   3.996000e+30   0.000000e+00   3.996000e+30   0.000000e+00   0.000000e+00   0.000000e+00   0.000000e+00   0.000000e+00   0.000000e+00   4.419644e+38   0.000000e+00  -3.916651e+38   0.000000e+00   0.000000e+00   7.853888e+12   7.865607e+12   7.479894e+12   5.778788e+24   3.996006e+34   0.000000e+00  -2.988970e+47   4.322459e+37   3.287867e+47   0.000000e+00   0.000000e+00   0.000000e+00   0.000000e+00   0.000000e+00   0.000000e+00   0.000000e+00   0.000000e+00   0.000000e+00   0.000000e+00   0.000000e+00   0.000000e+00   0.000000e+00
         193980   4.613760e+07      1.0000000      0.0000000   3.996000e+30   0.000000e+00   3.996000e+30   0.000000e+00   0.000000e+00   0.000000e+00   0.000000e+00   0.000000e+00   0.000000e+00   4.419086e+38   0.000000e+00  -3.916072e+38   0.000000e+00   0.000000e+00   7.853888e+12   7.866471e+12   7.479894e+12   5.732898e+24   3.996006e+34   0.000000e+00  -2.988970e+47   4.288162e+37   3.287867e+47   0.000000e+00   0.000000e+00   0.000000e+00   0.000000e+00   0.000000e+00   0.000000e+00   0.000000e+00   0.000000e+00   0.000000e+00   0.000000e+00   0.000000e+00   0.000000e+00   0.000000e+00
         194740   4.622400e+07      1.0000000      0.0000000   3.996000e+30   0.000000e+00   3.996000e+30   0.000000e+00   0.000000e+00   0.000000e+00   0.000000e+00   0.000000e+00   0.000000e+00   4.418524e+38   0.000000e+00  -3.915485e+38   0.000000e+00   0.000000e+00   7.853888e+12   7.867335e+12   7.479894e+12   5.679454e+24   3.996007e+34   0.000000e+00  -2.988970e+47   4.248162e+37   3.287867e+47   0.000000e+00   0.000000e+00   0.000000e+00   0.000000e+00   0.000000e+00   0.000000e+00   0.000000e+00   0.000000e+00   0.000000e+00   0.000000e+00   0.000000e+00   0.000000e+00   0.000000e+00
         195311   4.631040e+07      1.0000000      0.0000000   3.996000e+30   0.000000e+00   3.996000e+30   0.000000e+00   0.000000e+00   0.000000e+00   0.000000e+00   0.000000e+00   0.000000e+00   4.417955e+38   0.000000e+00  -3.914895e+38   0.000000e+00   0.000000e+00   7.853888e+12   7.868199e+12   7.479894e+12   5.682801e+24   3.996006e+34   0.000000e+00  -2.988970e+47   4.250680e+37   3.287867e+47   0.000000e+00   0.000000e+00   0.000000e+00   0.000000e+00   0.000000e+00   0.000000e+00   0.000000e+00   0.000000e+00   0.000000e+00   0.000000e+00   0.000000e+00   0.000000e+00   0.000000e+00
         195606   4.639680e+07      1.0000000      0.0000000   3.996000e+30   0.000000e+00   3.996000e+30   0.000000e+00   0.000000e+00   0.000000e+00   0.000000e+00   0.000000e+00   0.000000e+00   4.417382e+38   0.000000e+00  -3.914295e+38   0.000000e+00   0.000000e+00   7.853888e+12   7.869063e+12   7.479894e+12   5.638206e+24   3.996006e+34   0.000000e+00  -2.988970e+47   4.217318e+37   3.287867e+47   0.000000e+00   0.000000e+00   0.000000e+00   0.000000e+00   0.000000e+00   0.000000e+00   0.000000e+00   0.000000e+00   0.000000e+00   0.000000e+00   0.000000e+00   0.000000e+00   0.000000e+00
         195968   4.648320e+07      1.0000000      0.0000000   3.996000e+30   0.000000e+00   3.996000e+30   0.000000e+00   0.000000e+00   0.000000e+00   0.000000e+00   0.000000e+00   0.000000e+00   4.416802e+38   0.000000e+00  -3.913692e+38   0.000000e+00   0.000000e+00   7.853888e+12   7.869927e+12   7.479894e+12   5.613311e+24   3.996006e+34   0.000000e+00  -2.988970e+47   4.198705e+37   3.287867e+47   0.000000e+00   0.000000e+00   0.000000e+00   0.000000e+00   0.000000e+00   0.000000e+00   0.000000e+00   0.000000e+00   0.000000e+00   0.000000e+00   0.000000e+00   0.000000e+00   0.000000e+00
         196425   4.656960e+07      1.0000000      0.0000000   3.996000e+30   0.000000e+00   3.996000e+30   0.000000e+00   0.000000e+00   0.000000e+00   0.000000e+00   0.000000e+00   0.000000e+00   4.416219e+38   0.000000e+00  -3.913285e+38   0.000000e+00   0.000000e+00   7.853888e+12   7.870791e+12   7.479894e+12   5.552898e+24   3.996006e+34   0.000000e+00  -2.988970e+47   4.153471e+37   3.287867e+47   0.000000e+00   0.000000e+00   0.000000e+00   0.000000e+00   0.000000e+00   0.000000e+00   0.000000e+00   0.000000e+00   0.000000e+00   0.000000e+00   0.000000e+00   0.000000e+00   0.000000e+00
         196621   4.665600e+07      1.0000000      0.0000000   3.996000e+30   0.000000e+00   3.996000e+30   0.000000e+00   0.000000e+00   0.000000e+00   0.000000e+00   0.000000e+00   0.000000e+00   4.415627e+38   0.000000e+00  -3.912669e+38   0.000000e+00   0.000000e+00   7.853888e+12   7.871655e+12   7.479894e+12   5.513968e+24   3.996006e+34   0.000000e+00  -2.988970e+47   4.124393e+37   3.287867e+47   0.000000e+00   0.000000e+00   0.000000e+00   0.000000e+00   0.000000e+00   0.000000e+00   0.000000e+00   0.000000e+00   0.000000e+00   0.000000e+00   0.000000e+00   0.000000e+00   0.000000e+00
         197568   4.674240e+07      1.0000000      0.0000000   3.996000e+30   0.000000e+00   3.996000e+30   0.000000e+00   0.000000e+00   0.000000e+00   0.000000e+00   0.000000e+00   0.000000e+00   4.415031e+38   0.000000e+00  -3.912049e+38   0.000000e+00   0.000000e+00   7.853888e+12   7.872519e+12   7.479894e+12   5.491697e+24   3.996007e+34   0.000000e+00  -2.988970e+47   4.107742e+37   3.287867e+47   0.000000e+00   0.000000e+00   0.000000e+00   0.000000e+00   0.000000e+00   0.000000e+00   0.000000e+00   0.000000e+00   0.000000e+00   0.000000e+00   0.000000e+00   0.000000e+00   0.000000e+00
         198179   4.682880e+07      1.0000000      0.0000000   3.996000e+30   0.000000e+00   3.996000e+30   0.000000e+00   0.000000e+00   0.000000e+00   0.000000e+00   0.000000e+00   0.000000e+00   4.414430e+38   0.000000e+00  -3.911419e+38   0.000000e+00   0.000000e+00   7.853888e+12   7.873383e+12   7.479894e+12   5.517266e+24   3.996007e+34   0.000000e+00  -2.988970e+47   4.126860e+37   3.287867e+47   0.000000e+00   0.000000e+00   0.000000e+00   0.000000e+00   0.000000e+00   0.000000e+00   0.000000e+00   0.000000e+00   0.000000e+00   0.000000e+00   0.000000e+00   0.000000e+00   0.000000e+00
         198677   4.691520e+07      1.0000000      0.0000000   3.996000e+30   0.000000e+00   3.996000e+30   0.000000e+00   0.000000e+00   0.000000e+00   0.000000e+00   0.000000e+00   0.000000e+00   4.413821e+38   0.000000e+00  -3.910791e+38   0.000000e+00   0.000000e+00   7.853888e+12   7.874247e+12   7.479894e+12   5.505687e+24   3.996007e+34   0.000000e+00  -2.988970e+47   4.118187e+37   3.287867e+47   0.000000e+00   0.000000e+00   0.000000e+00   0.000000e+00   0.000000e+00   0.000000e+00   0.000000e+00   0.000000e+00   0.000000e+00   0.000000e+00   0.000000e+00   0.000000e+00   0.000000e+00
         199148   4.700160e+07      1.0000000      0.0000000   3.996000e+30   0.000000e+00   3.996000e+30   0.000000e+00   0.000000e+00   0.000000e+00   0.000000e+00   0.000000e+00   0.000000e+00   4.413209e+38   0.000000e+00  -3.910150e+38   0.000000e+00   0.000000e+00   7.853888e+12   7.875111e+12   7.479894e+12   5.472583e+24   3.996007e+34   0.000000e+00  -2.988970e+47   4.093439e+37   3.287867e+47   0.000000e+00   0.000000e+00   0.000000e+00   0.000000e+00   0.000000e+00   0.000000e+00   0.000000e+00   0.000000e+00   0.000000e+00   0.000000e+00   0.000000e+00   0.000000e+00   0.000000e+00
         199980   4.708800e+07      1.0000000      0.0000000   3.996000e+30   0.000000e+00   3.996000e+30   0.000000e+00   0.000000e+00   0.000000e+00   0.000000e+00   0.000000e+00   0.000000e+00   4.412590e+38   0.000000e+00  -3.909506e+38   0.000000e+00   0.000000e+00   7.853888e+12   7.875975e+12   7.479894e+12   5.497445e+24   3.996007e+34   0.000000e+00  -2.988970e+47   4.112033e+37   3.287867e+47   0.000000e+00   0.000000e+00   0.000000e+00   0.000000e+00   0.000000e+00   0.000000e+00   0.000000e+00   0.000000e+00   0.000000e+00   0.000000e+00   0.000000e+00   0.000000e+00   0.000000e+00
         200942   4.717440e+07      1.0000000      0.0000000   3.996000e+30   0.000000e+00   3.996000e+30   0.000000e+00   0.000000e+00   0.000000e+00   0.000000e+00   0.000000e+00   0.000000e+00   4.411966e+38   0.000000e+00  -3.908858e+38   0.000000e+00   0.000000e+00   7.853888e+12   7.876839e+12   7.479894e+12   5.447832e+24   3.996006e+34   0.000000e+00  -2.988970e+47   4.074930e+37   3.287867e+47   0.000000e+00   0.000000e+00   0.000000e+00   0.000000e+00   0.000000e+00   0.000000e+00   0.000000e+00   0.000000e+00   0.000000e+00   0.000000e+00   0.000000e+00   0.000000e+00   0.000000e+00
         201811   4.726080e+07      1.0000000      0.0000000   3.996000e+30   0.000000e+00   3.996000e+30   0.000000e+00   0.000000e+00   0.000000e+00   0.000000e+00   0.000000e+00   0.000000e+00   4.411338e+38   0.000000e+00  -3.908417e+38   0.000000e+00   0.000000e+00   7.853888e+12   7.877703e+12   7.479894e+12   5.400552e+24   3.996006e+34   0.000000e+00  -2.988970e+47   4.039566e+37   3.287867e+47   0.000000e+00   0.000000e+00   0.000000e+00   0.000000e+00   0.000000e+00   0.000000e+00   0.000000e+00   0.000000e+00   0.000000e+00   0.000000e+00   0.000000e+00   0.000000e+00   0.000000e+00
         202058   4.734720e+07      1.0000000      0.0000000   3.996000e+30   0.000000e+00   3.996000e+30   0.000000e+00   0.000000e+00   0.000000e+00   0.000000e+00   0.000000e+00   0.000000e+00   4.410703e+38   0.000000e+00  -3.907758e+38   0.000000e+00   0.000000e+00   7.853888e+12   7.878567e+12   7.479894e+12   5.403271e+24   3.996006e+34   0.000000e+00  -2.988970e+47   4.041585e+37   3.287867e+47   0.000000e+00   0.000000e+00   0.000000e+00   0.000000e+00   0.000000e+00   0.000000e+00   0.000000e+00   0.000000e+00   0.000000e+00   0.000000e+00   0.000000e+00   0.000000e+00   0.000000e+00
         202242   4.743360e+07      1.0000000      0.0000000   3.996000e+30   0.000000e+00   3.996000e+30   0.000000e+00   0.000000e+00   0.000000e+00   0.000000e+00   0.000000e+00   0.000000e+00   4.410062e+38   0.000000e+00  -3.907091e+38   0.000000e+00   0.000000e+00   7.853888e+12   7.879431e+12   7.479894e+12   5.380180e+24   3.996007e+34   0.000000e+00  -2.988970e+47   4.024323e+37   3.287867e+47   0.000000e+00   0.000000e+00   0.000000e+00   0.000000e+00   0.000000e+00   0.000000e+00   0.000000e+00   0.000000e+00   0.000000e+00   0.000000e+00   0.000000e+00   0.000000e+00   0.000000e+00
         202671   4.752000e+07      1.0000000      0.0000000   3.996000e+30   0.000000e+00   3.996000e+30   0.000000e+00   0.000000e+00   0.000000e+00   0.000000e+00   0.000000e+00   0.000000e+00   4.409416e+38   0.000000e+00  -3.906420e+38   0.000000e+00   0.000000e+00   7.853888e+12   7.880295e+12   7.479894e+12   5.345027e+24   3.996007e+34   0.000000e+00  -2.988970e+47   3.998000e+37   3.287867e+47   0.000000e+00   0.000000e+00   0.000000e+00   0.000000e+00   0.000000e+00   0.000000e+00   0.000000e+00   0.000000e+00   0.000000e+00   0.000000e+00   0.000000e+00   0.000000e+00   0.000000e+00
         203506   4.760640e+07      1.0000000      0.0000000   3.996000e+30   0.000000e+00   3.996000e+30   0.000000e+00   0.000000e+00   0.000000e+00   0.000000e+00   0.000000e+00   0.000000e+00   4.408765e+38   0.000000e+00  -3.905741e+38   0.000000e+00   0.000000e+00   7.853888e+12   7.881159e+12   7.479894e+12   5.345177e+24   3.996006e+34   0.000000e+00  -2.988970e+47   3.998120e+37   3.287867e+47   0.000000e+00   0.000000e+00   0.000000e+00   0.000000e+00   0.000000e+00   0.000000e+00   0.000000e+00   0.000000e+00   0.000000e+00   0.000000e+00   0.000000e+00   0.000000e+00   0.000000e+00
         204405   4.769280e+07      1.0000000      0.0000000   3.996000e+30   0.000000e+00   3.996000e+30   0.000000e+00   0.000000e+00   0.000000e+00   0.000000e+00   0.000000e+00   0.000000e+00   4.408108e+38   0.000000e+00  -3.905058e+38   0.000000e+00   0.000000e+00   7.853888e+12   7.882023e+12   7.479894e+12   5.277524e+24   3.996006e+34   0.000000e+00  -2.988970e+47   3.947538e+37   3.287867e+47   0.000000e+00   0.000000e+00   0.000000e+00   0.000000e+00   0.000000e+00   0.000000e+00   0.000000e+00   0.000000e+00   0.000000e+00   0.000000e+00   0.000000e+00   0.000000e+00   0.000000e+00
         204623   4.777920e+07      1.0000000      0.0000000   3.996000e+30   0.000000e+00   3.996000e+30   0.000000e+00   0.000000e+00   0.000000e+00   0.000000e+00   0.000000e+00   0.000000e+00   4.407447e+38   0.000000e+00  -3.904367e+38   0.000000e+00   0.000000e+00   7.853888e+12   7.882887e+12   7.479894e+12   5.275800e+24   3.996006e+34   0.000000e+00  -2.988970e+47   3.946232e+37   3.287867e+47   0.000000e+00   0.000000e+00   0.000000e+00   0.000000e+00   0.000000e+00   0.000000e+00   0.000000e+00   0.000000e+00   0.000000e+00   0.000000e+00   0.000000e+00   0.000000e+00   0.000000e+00
         205318   4.786560e+07      1.0000000      0.0000000   3.996000e+30   0.000000e+00   3.996000e+30   0.000000e+00   0.000000e+00   0.000000e+00   0.000000e+00   0.000000e+00   0.000000e+00   4.406780e+38   0.000000e+00  -3.903671e+38   0.000000e+00   0.000000e+00   7.853888e+12   7.883751e+12   7.479894e+12   5.260145e+24   3.996006e+34   0.000000e+00  -2.988970e+47   3.934536e+37   3.287867e+47   0.000000e+00   0.000000e+00   0.000000e+00   0.000000e+00   0.000000e+00   0.000000e+00   0.000000e+00   0.000000e+00   0.000000e+00   0.000000e+00   0.000000e+00   0.000000e+00   0.000000e+00
         206098   4.795200e+07      1.0000000      0.0000000   3.996000e+30   0.000000e+00   3.996000e+30   0.000000e+00   0.000000e+00   0.000000e+00   0.000000e+00   0.000000e+00   0.000000e+00   4.406108e+38   0.000000e+00  -3.903206e+38   0.000000e+00   0.000000e+00   7.853888e+12   7.884615e+12   7.479894e+12   5.265271e+24   3.996007e+34   0.000000e+00  -2.988970e+47   3.938367e+37   3.287867e+47   0.000000e+00   0.000000e+00   0.000000e+00   0.000000e+00   0.000000e+00   0.000000e+00   0.000000e+00   0.000000e+00   0.000000e+00   0.000000e+00   0.000000e+00   0.000000e+00   0.000000e+00
         206954   4.803840e+07      1.0000000      0.0000000   3.996000e+30   0.000000e+00   3.996000e+30   0.000000e+00   0.000000e+00   0.000000e+00   0.000000e+00   0.000000e+00   0.000000e+00   4.405430e+38   0.000000e+00  -3.902500e+38   0.000000e+00   0.000000e+00   7.853888e+12   7.885479e+12   7.479894e+12   5.279948e+24   3.996006e+34   0.000000e+00  -2.988970e+47   3.949345e+37   3.287867e+47   0.000000e+00   0.000000e+00   0.000000e+00   0.000000e+00   0.000000e+00   0.000000e+00   0.000000e+00   0.000000e+00   0.000000e+00   0.000000e+00   0.000000e+00   0.000000e+00   0.000000e+00
         207604   4.812480e+07      1.0000000      0.0000000   3.996000e+30   0.000000e+00   3.996000e+30   0.000000e+00   0.000000e+00   0.000000e+00   0.000000e+00   0.000000e+00   0.000000e+00   4.404746e+38   0.000000e+00  -3.901786e+38   0.000000e+00   0.000000e+00   7.853888e+12   7.886343e+12   7.479894e+12   5.250065e+24   3.996006e+34   0.000000e+00  -2.988970e+47   3.926991e+37   3.287867e+47   0.000000e+00   0.000000e+00   0.000000e+00   0.000000e+00   0.000000e+00   0.000000e+00   0.000000e+00   0.000000e+00   0.000000e+00   0.000000e+00   0.000000e+00   0.000000e+00   0.000000e+00
         208067   4.821120e+07      1.0000000      0.0000000   3.996000e+30   0.000000e+00   3.996000e+30   0.000000e+00   0.000000e+00   0.000000e+00   0.000000e+00   0.000000e+00   0.000000e+00   4.404058e+38   0.000000e+00  -3.901069e+38   0.000000e+00   0.000000e+00   7.853888e+12   7.887207e+12   7.479894e+12   5.198748e+24   3.996006e+34   0.000000e+00  -2.988970e+47   3.888602e+37   3.287867e+47   0.000000e+00   0.000000e+00   0.000000e+00   0.000000e+00   0.000000e+00   0.000000e+00   0.000000e+00   0.000000e+00   0.000000e+00   0.000000e+00   0.000000e+00   0.000000e+00   0.000000e+00
         208644   4.829760e+07      1.0000000      0.0000000   3.996000e+30   0.000000e+00   3.996000e+30   0.000000e+00   0.000000e+00   0.000000e+00   0.000000e+00   0.000000e+00   0.000000e+00   4.403363e+38   0.000000e+00  -3.900347e+38   0.000000e+00   0.000000e+00   7.853888e+12   7.888071e+12   7.479894e+12   5.176699e+24   3.996006e+34   0.000000e+00  -2.988970e+47   3.872149e+37   3.287867e+47   0.000000e+00   0.000000e+00   0.000000e+00   0.000000e+00   0.000000e+00   0.000000e+00   0.000000e+00   0.000000e+00   0.000000e+00   0.000000e+00   0.000000e+00   0.000000e+00   0.000000e+00
         209193   4.838400e+07      1.0000000      0.0000000   3.996000e+30   0.000000e+00   3.996000e+30   0.000000e+00   0.000000e+00   0.000000e+00   0.000000e+00   0.000000e+00   0.000000e+00   4.402664e+38   0.000000e+00  -3.899615e+38   0.000000e+00   0.000000e+00   7.853888e+12   7.888935e+12   7.479894e+12   5.116776e+24   3.996006e+34   0.000000e+00  -2.988970e+47   3.827299e+37   3.287867e+47   0.000000e+00   0.000000e+00   0.000000e+00   0.000000e+00   0.000000e+00   0.000000e+00   0.000000e+00   0.000000e+00   0.000000e+00   0.000000e+00   0.000000e+00   0.000000e+00   0.000000e+00
         209771   4.847040e+07      1.0000000      0.0000000   3.996000e+30   0.000000e+00   3.996000e+30   0.000000e+00   0.000000e+00   0.000000e+00   0.000000e+00   0.000000e+00   0.000000e+00   4.401959e+38   0.000000e+00  -3.898885e+38   0.000000e+00   0.000000e+00   7.853888e+12   7.889799e+12   7.479894e+12   5.098285e+24   3.996006e+34   0.000000e+00  -2.988970e+47   3.813452e+37   3.287867e+47   0.000000e+00   0.000000e+00   0.000000e+00   0.000000e+00   0.000000e+00   0.000000e+00   0.000000e+00   0.000000e+00   0.000000e+00   0.000000e+00   0.000000e+00   0.000000e+00   0.000000e+00
         210096   4.855680e+07      1.0000000      0.0000000   3.996000e+30   0.000000e+00   3.996000e+30   0.000000e+00   0.000000e+00   0.000000e+00   0.000000e+00   0.000000e+00   0.000000e+00   4.401249e+38   0.000000e+00  -3.898141e+38   0.000000e+00   0.000000e+00   7.853888e+12   7.890663e+12   7.479894e+12   5.057012e+24   3.996006e+34   0.000000e+00  -2.988970e+47   3.782596e+37   3.287867e+47   0.000000e+00   0.000000e+00   0.000000e+00   0.000000e+00   0.000000e+00   0.000000e+00   0.000000e+00   0.000000e+00   0.000000e+00   0.000000e+00   0.000000e+00   0.000000e+00   0.000000e+00
         210910   4.864320e+07      1.0000000      0.0000000   3.996000e+30   0.000000e+00   3.996000e+30   0.000000e+00   0.000000e+00   0.000000e+00   0.000000e+00   0.000000e+00   0.000000e+00   4.400535e+38   0.000000e+00  -3.897646e+38   0.000000e+00   0.000000e+00   7.853888e+12   7.891527e+12   7.479894e+12   5.059010e+24   3.996006e+34   0.000000e+00  -2.988970e+47   3.784104e+37   3.287867e+47   0.000000e+00   0.000000e+00   0.000000e+00   0.000000e+00   0.000000e+00   0.000000e+00   0.000000e+00   0.000000e+00   0.000000e+00   0.000000e+00   0.000000e+00   0.000000e+00   0.000000e+00
         211890   4.872960e+07      1.0000000      0.0000000   3.996000e+30   0.000000e+00   3.996000e+30   0.000000e+00   0.000000e+00   0.000000e+00   0.000000e+00   0.000000e+00   0.000000e+00   4.399815e+38   0.000000e+00  -3.896895e+38   0.000000e+00   0.000000e+00   7.853888e+12   7.892391e+12   7.479894e+12   5.059229e+24   3.996006e+34   0.000000e+00  -2.988970e+47   3.784255e+37   3.287867e+47   0.000000e+00   0.000000e+00   0.000000e+00   0.000000e+00   0.000000e+00   0.000000e+00   0.000000e+00   0.000000e+00   0.000000e+00   0.000000e+00   0.000000e+00   0.000000e+00   0.000000e+00
         212424   4.881600e+07      1.0000000      0.0000000   3.996000e+30   0.000000e+00   3.996000e+30   0.000000e+00   0.000000e+00   0.000000e+00   0.000000e+00   0.000000e+00   0.000000e+00   4.399088e+38   0.000000e+00  -3.896137e+38   0.000000e+00   0.000000e+00   7.853888e+12   7.893255e+12   7.479894e+12   5.000579e+24   3.996006e+34   0.000000e+00  -2.988970e+47   3.740384e+37   3.287867e+47   0.000000e+00   0.000000e+00   0.000000e+00   0.000000e+00   0.000000e+00   0.000000e+00   0.000000e+00   0.000000e+00   0.000000e+00   0.000000e+00   0.000000e+00   0.000000e+00   0.000000e+00
         213155   4.890240e+07      1.0000000      0.0000000   3.996000e+30   0.000000e+00   3.996000e+30   0.000000e+00   0.000000e+00   0.000000e+00   0.000000e+00   0.000000e+00   0.000000e+00   4.398357e+38   0.000000e+00  -3.895378e+38   0.000000e+00   0.000000e+00   7.853888e+12   7.894119e+12   7.479894e+12   5.041587e+24   3.996006e+34   0.000000e+00  -2.988970e+47   3.771051e+37   3.287867e+47   0.000000e+00   0.000000e+00   0.000000e+00   0.000000e+00   0.000000e+00   0.000000e+00   0.000000e+00   0.000000e+00   0.000000e+00   0.000000e+00   0.000000e+00   0.000000e+00   0.000000e+00
         214193   4.898880e+07      1.0000000      0.0000000   3.996000e+30   0.000000e+00   3.996000e+30   0.000000e+00   0.000000e+00   0.000000e+00   0.000000e+00   0.000000e+00   0.000000e+00   4.397620e+38   0.000000e+00  -3.894610e+38   0.000000e+00   0.000000e+00   7.853888e+12   7.894983e+12   7.479894e+12   4.966890e+24   3.996006e+34   0.000000e+00  -2.988970e+47   3.715181e+37   3.287867e+47   0.000000e+00   0.000000e+00   0.000000e+00   0.000000e+00   0.000000e+00   0.000000e+00   0.000000e+00   0.000000e+00   0.000000e+00   0.000000e+00   0.000000e+00   0.000000e+00   0.000000e+00
         214620   4.907520e+07      1.0000000      0.0000000   3.996000e+30   0.000000e+00   3.996000e+30   0.000000e+00   0.000000e+00   0.000000e+00   0.000000e+00   0.000000e+00   0.000000e+00   4.396879e+38   0.000000e+00  -3.893838e+38   0.000000e+00   0.000000e+00   7.853888e+12   7.895847e+12   7.479894e+12   4.982527e+24   3.996006e+34   0.000000e+00  -2.988970e+47   3.726869e+37   3.287867e+47   0.000000e+00   0.000000e+00   0.000000e+00   0.000000e+00   0.000000e+00   0.000000e+00   0.000000e+00   0.000000e+00   0.000000e+00   0.000000e+00   0.000000e+00   0.000000e+00   0.000000e+00
         215242   4.916160e+07      1.0000000      0.0000000   3.996000e+30   0.000000e+00   3.996000e+30   0.000000e+00   0.000000e+00   0.000000e+00   0.000000e+00   0.000000e+00   0.000000e+00   4.396133e+38   0.000000e+00  -3.893060e+38   0.000000e+00   0.000000e+00   7.853888e+12   7.896711e+12   7.479894e+12   4.986781e+24   3.996006e+34   0.000000e+00  -2.988970e+47   3.730050e+37   3.287867e+47   0.000000e+00   0.000000e+00   0.000000e+00   0.000000e+00   0.000000e+00   0.000000e+00   0.000000e+00   0.000000e+00   0.000000e+00   0.000000e+00   0.000000e+00   0.000000e+00   0.000000e+00
         215517   4.924800e+07      1.0000000      0.0000000   3.996000e+30   0.000000e+00   3.996000e+30   0.000000e+00   0.000000e+00   0.000000e+00   0.000000e+00   0.000000e+00   0.000000e+00   4.395381e+38   0.000000e+00  -3.892273e+38   0.000000e+00   0.000000e+00   7.853888e+12   7.897575e+12   7.479894e+12   4.954889e+24   3.996006e+34   0.000000e+00  -2.988970e+47   3.706214e+37   3.287867e+47   0.000000e+00   0.000000e+00   0.000000e+00   0.000000e+00   0.000000e+00   0.000000e+00   0.000000e+00   0.000000e+00   0.000000e+00   0.000000e+00   0.000000e+00   0.000000e+00   0.000000e+00
         216383   4.933440e+07      1.0000000      0.0000000   3.996000e+30   0.000000e+00   3.996000e+30   0.000000e+00   0.000000e+00   0.000000e+00   0.000000e+00   0.000000e+00   0.000000e+00   4.394626e+38   0.000000e+00  -3.891750e+38   0.000000e+00   0.000000e+00   7.853888e+12   7.898439e+12   7.479894e+12   4.919051e+24   3.996006e+34   0.000000e+00  -2.988970e+47   3.679387e+37   3.287867e+47   0.000000e+00   0.000000e+00   0.000000e+00   0.000000e+00   0.000000e+00   0.000000e+00   0.000000e+00   0.000000e+00   0.000000e+00   0.000000e+00   0.000000e+00   0.000000e+00   0.000000e+00
         217278   4.942080e+07      1.0000000      0.0000000   3.996000e+30   0.000000e+00   3.996000e+30   0.000000e+00   0.000000e+00   0.000000e+00   0.000000e+00   0.000000e+00   0.000000e+00   4.393862e+38   0.000000e+00  -3.890958e+38   0.000000e+00   0.000000e+00   7.853888e+12   7.899303e+12   7.479894e+12   4.807813e+24   3.996005e+34   0.000000e+00  -2.988969e+47   3.596195e+37   3.287866e+47   0.000000e+00   0.000000e+00   0.000000e+00   0.000000e+00   0.000000e+00   0.000000e+00   0.000000e+00   0.000000e+00   0.000000e+00   0.000000e+00   0.000000e+00   0.000000e+00   0.000000e+00
         218012   4.950720e+07      1.0000000      0.0000000   3.996000e+30   0.000000e+00   3.996000e+30   0.000000e+00   0.000000e+00   0.000000e+00   0.000000e+00   0.000000e+00   0.000000e+00   4.393094e+38   0.000000e+00  -3.890159e+38   0.000000e+00   0.000000e+00   7.853888e+12   7.900167e+12   7.479894e+12   4.796611e+24   3.996005e+34   0.000000e+00  -2.988969e+47   3.587823e+37   3.287866e+47   0.000000e+00   0.000000e+00   0.000000e+00   0.000000e+00   0.000000e+00   0.000000e+00   0.000000e+00   0.000000e+00   0.000000e+00   0.000000e+00   0.000000e+00   0.000000e+00   0.000000e+00
         218949   4.959360e+07      1.0000000      0.0000000   3.996000e+30   0.000000e+00   3.996000e+30   0.000000e+00   0.000000e+00   0.000000e+00   0.000000e+00   0.000000e+00   0.000000e+00   4.392323e+38   0.000000e+00  -3.889352e+38   0.000000e+00   0.000000e+00   7.853888e+12   7.901031e+12   7.479894e+12   4.791849e+24   3.996006e+34   0.000000e+00  -2.988970e+47   3.584255e+37   3.287866e+47   0.000000e+00   0.000000e+00   0.000000e+00   0.000000e+00   0.000000e+00   0.000000e+00   0.000000e+00   0.000000e+00   0.000000e+00   0.000000e+00   0.000000e+00   0.000000e+00   0.000000e+00
         219632   4.968000e+07      1.0000000      0.0000000   3.996000e+30   0.000000e+00   3.996000e+30   0.000000e+00   0.000000e+00   0.000000e+00   0.000000e+00   0.000000e+00   0.000000e+00   4.391545e+38   0.000000e+00  -3.888545e+38   0.000000e+00   0.000000e+00   7.853888e+12   7.901895e+12   7.479894e+12   4.825838e+24   3.996005e+34   0.000000e+00  -2.988969e+47   3.609663e+37   3.287866e+47   0.000000e+00   0.000000e+00   0.000000e+00   0.000000e+00   0.000000e+00   0.000000e+00   0.000000e+00   0.000000e+00   0.000000e+00   0.000000e+00   0.000000e+00   0.000000e+00   0.000000e+00
         219841   4.976640e+07      1.0000000      0.0000000   3.996000e+30   0.000000e+00   3.996000e+30   0.000000e+00   0.000000e+00   0.000000e+00   0.000000e+00   0.000000e+00   0.000000e+00   4.390762e+38   0.000000e+00  -3.887728e+38   0.000000e+00   0.000000e+00   7.853888e+12   7.902759e+12   7.479894e+12   4.838495e+24   3.996005e+34   0.000000e+00  -2.988969e+47   3.619174e+37   3.287866e+47   0.000000e+00   0.000000e+00   0.000000e+00   0.000000e+00   0.000000e+00   0.000000e+00   0.000000e+00   0.000000e+00   0.000000e+00   0.000000e+00   0.000000e+00   0.000000e+00   0.000000e+00
         220724   4.985280e+07      1.0000000      0.0000000   3.996000e+30   0.000000e+00   3.996000e+30   0.000000e+00   0.000000e+00   0.000000e+00   0.000000e+00   0.000000e+00   0.000000e+00   4.389975e+38   0.000000e+00  -3.886906e+38   0.000000e+00   0.000000e+00   7.853888e+12   7.903623e+12   7.479894e+12   4.779624e+24   3.996005e+34   0.000000e+00  -2.988969e+47   3.575108e+37   3.287866e+47   0.000000e+00   0.000000e+00   0.000000e+00   0.000000e+00   0.000000e+00   0.000000e+00   0.000000e+00   0.000000e+00   0.000000e+00   0.000000e+00   0.000000e+00   0.000000e+00   0.000000e+00
         221158   4.993920e+07      1.0000000      0.0000000   3.996000e+30   0.000000e+00   3.996000e+30   0.000000e+00   0.000000e+00   0.000000e+00   0.000000e+00   0.000000e+00   0.000000e+00   4.389182e+38   0.000000e+00  -3.886080e+38   0.000000e+00   0.000000e+00   7.853888e+12   7.904487e+12   7.479894e+12   4.772818e+24   3.996005e+34   0.000000e+00  -2.988970e+47   3.570025e+37   3.287866e+47   0.000000e+00   0.000000e+00   0.000000e+00   0.000000e+00   0.000000e+00   0.000000e+00   0.000000e+00   0.000000e+00   0.000000e+00   0.000000e+00   0.000000e+00   0.000000e+00   0.000000e+00
         221388   5.002560e+07      1.0000000      0.0000000   3.996000e+30   0.000000e+00   3.996000e+30   0.000000e+00   0.000000e+00   0.000000e+00   0.000000e+00   0.000000e+00   0.000000e+00   4.388386e+38   0.000000e+00  -3.885526e+38   0.000000e+00   0.000000e+00   7.853888e+12   7.905351e+12   7.479894e+12   4.737924e+24   3.996005e+34   0.000000e+00  -2.988969e+47   3.543909e+37   3.287866e+47   0.000000e+00   0.000000e+00   0.000000e+00   0.000000e+00   0.000000e+00   0.000000e+00   0.000000e+00   0.000000e+00   0.000000e+00   0.000000e+00   0.000000e+00   0.000000e+00   0.000000e+00
         222240   5.011200e+07      1.0000000      0.0000000   3.996000e+30   0.000000e+00   3.996000e+30   0.000000e+00   0.000000e+00   0.000000e+00   0.000000e+00   0.000000e+00   0.000000e+00   4.387583e+38   0.000000e+00  -3.884690e+38   0.000000e+00   0.000000e+00   7.853888e+12   7.906215e+12   7.479894e+12   4.646148e+24   3.996005e+34   0.000000e+00  -2.988969e+47   3.475243e+37   3.287866e+47   0.000000e+00   0.000000e+00   0.000000e+00   0.000000e+00   0.000000e+00   0.000000e+00   0.000000e+00   0.000000e+00   0.000000e+00   0.000000e+00   0.000000e+00   0.000000e+00   0.000000e+00
         223168   5.019840e+07      1.0000000      0.0000000   3.996000e+30   0.000000e+00   3.996000e+30   0.000000e+00   0.000000e+00   0.000000e+00   0.000000e+00   0.000000e+00   0.000000e+00   4.386776e+38   0.000000e+00  -3.883849e+38   0.000000e+00   0.000000e+00   7.853888e+12   7.907079e+12   7.479894e+12   4.645866e+24   3.996005e+34   0.000000e+00  -2.988969e+47   3.475090e+37   3.287866e+47   0.000000e+00   0.000000e+00   0.000000e+00   0.000000e+00   0.000000e+00   0.000000e+00   0.000000e+00   0.000000e+00   0.000000e+00   0.000000e+00   0.000000e+00   0.000000e+00   0.000000e+00
         223832   5.028480e+07      1.0000000      0.0000000   3.996000e+30   0.000000e+00   3.996000e+30   0.000000e+00   0.000000e+00   0.000000e+00   0.000000e+00   0.000000e+00   0.000000e+00   4.385962e+38   0.000000e+00  -3.883001e+38   0.000000e+00   0.000000e+00   7.853888e+12   7.907943e+12   7.479894e+12   4.634256e+24   3.996005e+34   0.000000e+00  -2.988969e+47   3.466373e+37   3.287866e+47   0.000000e+00   0.000000e+00   0.000000e+00   0.000000e+00   0.000000e+00   0.000000e+00   0.000000e+00   0.000000e+00   0.000000e+00   0.000000e+00   0.000000e+00   0.000000e+00   0.000000e+00
         224679   5.037120e+07      1.0000000      0.0000000   3.996000e+30   0.000000e+00   3.996000e+30   0.000000e+00   0.000000e+00   0.000000e+00   0.000000e+00   0.000000e+00   0.000000e+00   4.385144e+38   0.000000e+00  -3.882147e+38   0.000000e+00   0.000000e+00   7.853888e+12   7.908807e+12   7.479894e+12   4.597512e+24   3.996005e+34   0.000000e+00  -2.988969e+47   3.438888e+37   3.287866e+47   0.000000e+00   0.000000e+00   0.000000e+00   0.000000e+00   0.000000e+00   0.000000e+00   0.000000e+00   0.000000e+00   0.000000e+00   0.000000e+00   0.000000e+00   0.000000e+00   0.000000e+00
         225271   5.045760e+07      1.0000000      0.0000000   3.996000e+30   0.000000e+00   3.996000e+30   0.000000e+00   0.000000e+00   0.000000e+00   0.000000e+00   0.000000e+00   0.000000e+00   4.384322e+38   0.000000e+00  -3.881289e+38   0.000000e+00   0.000000e+00   7.853888e+12   7.909671e+12   7.479894e+12   4.571280e+24   3.996005e+34   0.000000e+00  -2.988969e+47   3.419264e+37   3.287866e+47   0.000000e+00   0.000000e+00   0.000000e+00   0.000000e+00   0.000000e+00   0.000000e+00   0.000000e+00   0.000000e+00   0.000000e+00   0.000000e+00   0.000000e+00   0.000000e+00   0.000000e+00
         225757   5.054400e+07      1.0000000      0.0000000   3.996000e+30   0.000000e+00   3.996000e+30   0.000000e+00   0.000000e+00   0.000000e+00   0.000000e+00   0.000000e+00   0.000000e+00   4.383494e+38   0.000000e+00  -3.880427e+38   0.000000e+00   0.000000e+00   7.853888e+12   7.910535e+12   7.479894e+12   4.483436e+24   3.996005e+34   0.000000e+00  -2.988969e+47   3.353569e+37   3.287866e+47   0.000000e+00   0.000000e+00   0.000000e+00   0.000000e+00   0.000000e+00   0.000000e+00   0.000000e+00   0.000000e+00   0.000000e+00   0.000000e+00   0.000000e+00   0.000000e+00   0.000000e+00
         226593   5.063040e+07      1.0000000      0.0000000   3.996000e+30   0.000000e+00   3.996000e+30   0.000000e+00   0.000000e+00   0.000000e+00   0.000000e+00   0.000000e+00   0.000000e+00   4.382662e+38   0.000000e+00  -3.879561e+38   0.000000e+00   0.000000e+00   7.853888e+12   7.911399e+12   7.479894e+12   4.477178e+24   3.996005e+34   0.000000e+00  -2.988969e+47   3.348888e+37   3.287866e+47   0.000000e+00   0.000000e+00   0.000000e+00   0.000000e+00   0.000000e+00   0.000000e+00   0.000000e+00   0.000000e+00   0.000000e+00   0.000000e+00   0.000000e+00   0.000000e+00   0.000000e+00
         227246   5.071680e+07      1.0000000      0.0000000   3.996000e+30   0.000000e+00   3.996000e+30   0.000000e+00   0.000000e+00   0.000000e+00   0.000000e+00   0.000000e+00   0.000000e+00   4.381825e+38   0.000000e+00  -3.878976e+38   0.000000e+00   0.000000e+00   7.853888e+12   7.912263e+12   7.479894e+12   4.437015e+24   3.996005e+34   0.000000e+00  -2.988969e+47   3.318826e+37   3.287866e+47   0.000000e+00   0.000000e+00   0.000000e+00   0.000000e+00   0.000000e+00   0.000000e+00   0.000000e+00   0.000000e+00   0.000000e+00   0.000000e+00   0.000000e+00   0.000000e+00   0.000000e+00
         228343   5.080320e+07      1.0000000      0.0000000   3.996000e+30   0.000000e+00   3.996000e+30   0.000000e+00   0.000000e+00   0.000000e+00   0.000000e+00   0.000000e+00   0.000000e+00   4.380983e+38   0.000000e+00  -3.878098e+38   0.000000e+00   0.000000e+00   7.853888e+12   7.913127e+12   7.479894e+12   4.425279e+24   3.996005e+34   0.000000e+00  -2.988969e+47   3.310074e+37   3.287866e+47   0.000000e+00   0.000000e+00   0.000000e+00   0.000000e+00   0.000000e+00   0.000000e+00   0.000000e+00   0.000000e+00   0.000000e+00   0.000000e+00   0.000000e+00   0.000000e+00   0.000000e+00
         229111   5.088960e+07      1.0000000      0.0000000   3.996000e+30   0.000000e+00   3.996000e+30   0.000000e+00   0.000000e+00   0.000000e+00   0.000000e+00   0.000000e+00   0.000000e+00   4.380135e+38   0.000000e+00  -3.877217e+38   0.000000e+00   0.000000e+00   7.853888e+12   7.913991e+12   7.479894e+12   4.430968e+24   3.996005e+34   0.000000e+00  -2.988970e+47   3.314333e+37   3.287866e+47   0.000000e+00   0.000000e+00   0.000000e+00   0.000000e+00   0.000000e+00   0.000000e+00   0.000000e+00   0.000000e+00   0.000000e+00   0.000000e+00   0.000000e+00   0.000000e+00   0.000000e+00
         229818   5.097600e+07      1.0000000      0.0000000   3.996000e+30   0.000000e+00   3.996000e+30   0.000000e+00   0.000000e+00   0.000000e+00   0.000000e+00   0.000000e+00   0.000000e+00   4.379283e+38   0.000000e+00  -3.876328e+38   0.000000e+00   0.000000e+00   7.853888e+12   7.914855e+12   7.479894e+12   4.446679e+24   3.996005e+34   0.000000e+00  -2.988969e+47   3.326061e+37   3.287866e+47   0.000000e+00   0.000000e+00   0.000000e+00   0.000000e+00   0.000000e+00   0.000000e+00   0.000000e+00   0.000000e+00   0.000000e+00   0.000000e+00   0.000000e+00   0.000000e+00   0.000000e+00
         230427   5.106240e+07      1.0000000      0.0000000   3.996000e+30   0.000000e+00   3.996000e+30   0.000000e+00   0.000000e+00   0.000000e+00   0.000000e+00   0.000000e+00   0.000000e+00   4.378425e+38   0.000000e+00  -3.875437e+38   0.000000e+00   0.000000e+00   7.853888e+12   7.915719e+12   7.479894e+12   4.418451e+24   3.996005e+34   0.000000e+00  -2.988969e+47   3.304961e+37   3.287866e+47   0.000000e+00   0.000000e+00   0.000000e+00   0.000000e+00   0.000000e+00   0.000000e+00   0.000000e+00   0.000000e+00   0.000000e+00   0.000000e+00   0.000000e+00   0.000000e+00   0.000000e+00
         231127   5.114880e+07      1.0000000      0.0000000   3.996000e+30   0.000000e+00   3.996000e+30   0.000000e+00   0.000000e+00   0.000000e+00   0.000000e+00   0.000000e+00   0.000000e+00   4.377563e+38   0.000000e+00  -3.874539e+38   0.000000e+00   0.000000e+00   7.853888e+12   7.916583e+12   7.479894e+12   4.435266e+24   3.996005e+34   0.000000e+00  -2.988969e+47   3.317532e+37   3.287866e+47   0.000000e+00   0.000000e+00   0.000000e+00   0.000000e+00   0.000000e+00   0.000000e+00   0.000000e+00   0.000000e+00   0.000000e+00   0.000000e+00   0.000000e+00   0.000000e+00   0.000000e+00
         231753   5.123520e+07      1.0000000      0.0000000   3.996000e+30   0.000000e+00   3.996000e+30   0.000000e+00   0.000000e+00   0.000000e+00   0.000000e+00   0.000000e+00   0.000000e+00   4.376696e+38   0.000000e+00  -3.873631e+38   0.000000e+00   0.000000e+00   7.853888e+12   7.917447e+12   7.479894e+12   4.403313e+24   3.996005e+34   0.000000e+00  -2.988969e+47   3.293637e+37   3.287866e+47   0.000000e+00   0.000000e+00   0.000000e+00   0.000000e+00   0.000000e+00   0.000000e+00   0.000000e+00   0.000000e+00   0.000000e+00   0.000000e+00   0.000000e+00   0.000000e+00   0.000000e+00
         232420   5.132160e+07      1.0000000      0.0000000   3.996000e+30   0.000000e+00   3.996000e+30   0.000000e+00   0.000000e+00   0.000000e+00   0.000000e+00   0.000000e+00   0.000000e+00   4.375825e+38   0.000000e+00  -3.872726e+38   0.000000e+00   0.000000e+00   7.853888e+12   7.918311e+12   7.479894e+12   4.353023e+24   3.996005e+34   0.000000e+00  -2.988969e+47   3.256011e+37   3.287866e+47   0.000000e+00   0.000000e+00   0.000000e+00   0.000000e+00   0.000000e+00   0.000000e+00   0.000000e+00   0.000000e+00   0.000000e+00   0.000000e+00   0.000000e+00   0.000000e+00   0.000000e+00
         232998   5.140800e+07      1.0000000      0.0000000   3.996000e+30   0.000000e+00   3.996000e+30   0.000000e+00   0.000000e+00   0.000000e+00   0.000000e+00   0.000000e+00   0.000000e+00   4.374949e+38   0.000000e+00  -3.872115e+38   0.000000e+00   0.000000e+00   7.853888e+12   7.919175e+12   7.479894e+12   4.373301e+24   3.996005e+34   0.000000e+00  -2.988969e+47   3.271174e+37   3.287866e+47   0.000000e+00   0.000000e+00   0.000000e+00   0.000000e+00   0.000000e+00   0.000000e+00   0.000000e+00   0.000000e+00   0.000000e+00   0.000000e+00   0.000000e+00   0.000000e+00   0.000000e+00
         234033   5.149440e+07      1.0000000      0.0000000   3.996000e+30   0.000000e+00   3.996000e+30   0.000000e+00   0.000000e+00   0.000000e+00   0.000000e+00   0.000000e+00   0.000000e+00   4.374068e+38   0.000000e+00  -3.871196e+38   0.000000e+00   0.000000e+00   7.853888e+12   7.920039e+12   7.479894e+12   4.367409e+24   3.996005e+34   0.000000e+00  -2.988969e+47   3.266782e+37   3.287866e+47   0.000000e+00   0.000000e+00   0.000000e+00   0.000000e+00   0.000000e+00   0.000000e+00   0.000000e+00   0.000000e+00   0.000000e+00   0.000000e+00   0.000000e+00   0.000000e+00   0.000000e+00
         234217   5.158080e+07      1.0000000      0.0000000   3.996000e+30   0.000000e+00   3.996000e+30   0.000000e+00   0.000000e+00   0.000000e+00   0.000000e+00   0.000000e+00   0.000000e+00   4.373181e+38   0.000000e+00  -3.870274e+38   0.000000e+00   0.000000e+00   7.853888e+12   7.920903e+12   7.479894e+12   4.355051e+24   3.996005e+34   0.000000e+00  -2.988969e+47   3.257536e+37   3.287866e+47   0.000000e+00   0.000000e+00   0.000000e+00   0.000000e+00   0.000000e+00   0.000000e+00   0.000000e+00   0.000000e+00   0.000000e+00   0.000000e+00   0.000000e+00   0.000000e+00   0.000000e+00
         234718   5.166720e+07      1.0000000      0.0000000   3.996000e+30   0.000000e+00   3.996000e+30   0.000000e+00   0.000000e+00   0.000000e+00   0.000000e+00   0.000000e+00   0.000000e+00   4.372291e+38   0.000000e+00  -3.869347e+38   0.000000e+00   0.000000e+00   7.853888e+12   7.921767e+12   7.479894e+12   4.268651e+24   3.996005e+34   0.000000e+00  -2.988969e+47   3.192905e+37   3.287866e+47   0.000000e+00   0.000000e+00   0.000000e+00   0.000000e+00   0.000000e+00   0.000000e+00   0.000000e+00   0.000000e+00   0.000000e+00   0.000000e+00   0.000000e+00   0.000000e+00   0.000000e+00
         235263   5.175360e+07      1.0000000      0.0000000   3.996000e+30   0.000000e+00   3.996000e+30   0.000000e+00   0.000000e+00   0.000000e+00   0.000000e+00   0.000000e+00   0.000000e+00   4.371395e+38   0.000000e+00  -3.868412e+38   0.000000e+00   0.000000e+00   7.853888e+12   7.922631e+12   7.479894e+12   4.291712e+24   3.996005e+34   0.000000e+00  -2.988969e+47   3.210172e+37   3.287866e+47   0.000000e+00   0.000000e+00   0.000000e+00   0.000000e+00   0.000000e+00   0.000000e+00   0.000000e+00   0.000000e+00   0.000000e+00   0.000000e+00   0.000000e+00   0.000000e+00   0.000000e+00
         236096   5.184000e+07      1.0000000      0.0000000   3.996000e+30   0.000000e+00   3.996000e+30   0.000000e+00   0.000000e+00   0.000000e+00   0.000000e+00   0.000000e+00   0.000000e+00   4.370495e+38   0.000000e+00  -3.867472e+38   0.000000e+00   0.000000e+00   7.853888e+12   7.923495e+12   7.479894e+12   4.184764e+24   3.996005e+34   0.000000e+00  -2.988969e+47   3.130167e+37   3.287866e+47   0.000000e+00   0.000000e+00   0.000000e+00   0.000000e+00   0.000000e+00   0.000000e+00   0.000000e+00   0.000000e+00   0.000000e+00   0.000000e+00   0.000000e+00   0.000000e+00   0.000000e+00
         236811   5.192640e+07      1.0000000      0.0000000   3.996000e+30   0.000000e+00   3.996000e+30   0.000000e+00   0.000000e+00   0.000000e+00   0.000000e+00   0.000000e+00   0.000000e+00   4.369590e+38   0.000000e+00  -3.866531e+38   0.000000e+00   0.000000e+00   7.853888e+12   7.924359e+12   7.479894e+12   4.239833e+24   3.996006e+34   0.000000e+00  -2.988970e+47   3.171364e+37   3.287867e+47   0.000000e+00   0.000000e+00   0.000000e+00   0.000000e+00   0.000000e+00   0.000000e+00   0.000000e+00   0.000000e+00   0.000000e+00   0.000000e+00   0.000000e+00   0.000000e+00   0.000000e+00
         237608   5.201280e+07      1.0000000      0.0000000   3.996000e+30   0.000000e+00   3.996000e+30   0.000000e+00   0.000000e+00   0.000000e+00   0.000000e+00   0.000000e+00   0.000000e+00   4.368681e+38   0.000000e+00  -3.865580e+38   0.000000e+00   0.000000e+00   7.853888e+12   7.925223e+12   7.479894e+12   4.189845e+24   3.996006e+34   0.000000e+00  -2.988970e+47   3.133963e+37   3.287867e+47   0.000000e+00   0.000000e+00   0.000000e+00   0.000000e+00   0.000000e+00   0.000000e+00   0.000000e+00   0.000000e+00   0.000000e+00   0.000000e+00   0.000000e+00   0.000000e+00   0.000000e+00
         238334   5.209920e+07      1.0000000      0.0000000   3.996000e+30   0.000000e+00   3.996000e+30   0.000000e+00   0.000000e+00   0.000000e+00   0.000000e+00   0.000000e+00   0.000000e+00   4.367769e+38   0.000000e+00  -3.864944e+38   0.000000e+00   0.000000e+00   7.853888e+12   7.926087e+12   7.479894e+12   4.224031e+24   3.996007e+34   0.000000e+00  -2.988971e+47   3.159526e+37   3.287867e+47   0.000000e+00   0.000000e+00   0.000000e+00   0.000000e+00   0.000000e+00   0.000000e+00   0.000000e+00   0.000000e+00   0.000000e+00   0.000000e+00   0.000000e+00   0.000000e+00   0.000000e+00
         239201   5.218560e+07      1.0000000      0.0000000   3.996000e+30   0.000000e+00   3.996000e+30   0.000000e+00   0.000000e+00   0.000000e+00   0.000000e+00   0.000000e+00   0.000000e+00   4.366850e+38   0.000000e+00  -3.863988e+38   0.000000e+00   0.000000e+00   7.853888e+12   7.926951e+12   7.479894e+12   4.043902e+24   3.996007e+34   0.000000e+00  -2.988971e+47   3.024802e+37   3.287868e+47   0.000000e+00   0.000000e+00   0.000000e+00   0.000000e+00   0.000000e+00   0.000000e+00   0.000000e+00   0.000000e+00   0.000000e+00   0.000000e+00   0.000000e+00   0.000000e+00   0.000000e+00
         240294   5.227200e+07      1.0000000      0.0000000   3.996000e+30   0.000000e+00   3.996000e+30   0.000000e+00   0.000000e+00   0.000000e+00   0.000000e+00   0.000000e+00   0.000000e+00   4.365927e+38   0.000000e+00  -3.863027e+38   0.000000e+00   0.000000e+00   7.853888e+12   7.927815e+12   7.479894e+12   4.117140e+24   3.996008e+34   0.000000e+00  -2.988971e+47   3.079561e+37   3.287868e+47   0.000000e+00   0.000000e+00   0.000000e+00   0.000000e+00   0.000000e+00   0.000000e+00   0.000000e+00   0.000000e+00   0.000000e+00   0.000000e+00   0.000000e+00   0.000000e+00   0.000000e+00
         241096   5.235840e+07      1.0000000      0.0000000   3.996000e+30   0.000000e+00   3.996000e+30   0.000000e+00   0.000000e+00   0.000000e+00   0.000000e+00   0.000000e+00   0.000000e+00   4.364999e+38   0.000000e+00  -3.862060e+38   0.000000e+00   0.000000e+00   7.853888e+12   7.928679e+12   7.479894e+12   4.104551e+24   3.996008e+34   0.000000e+00  -2.988971e+47   3.070140e+37   3.287868e+47   0.000000e+00   0.000000e+00   0.000000e+00   0.000000e+00   0.000000e+00   0.000000e+00   0.000000e+00   0.000000e+00   0.000000e+00   0.000000e+00   0.000000e+00   0.000000e+00   0.000000e+00
         242041   5.244480e+07      1.0000000      0.0000000   3.996000e+30   0.000000e+00   3.996000e+30   0.000000e+00   0.000000e+00   0.000000e+00   0.000000e+00   0.000000e+00   0.000000e+00   4.364065e+38   0.000000e+00  -3.861088e+38   0.000000e+00   0.000000e+00   7.853888e+12   7.929543e+12   7.479894e+12   4.132157e+24   3.996008e+34   0.000000e+00  -2.988971e+47   3.090777e+37   3.287868e+47   0.000000e+00   0.000000e+00   0.000000e+00   0.000000e+00   0.000000e+00   0.000000e+00   0.000000e+00   0.000000e+00   0.000000e+00   0.000000e+00   0.000000e+00   0.000000e+00   0.000000e+00
         243253   5.253120e+07      1.0000000      0.0000000   3.996000e+30   0.000000e+00   3.996000e+30   0.000000e+00   0.000000e+00   0.000000e+00   0.000000e+00   0.000000e+00   0.000000e+00   4.363128e+38   0.000000e+00  -3.860110e+38   0.000000e+00   0.000000e+00   7.853888e+12   7.930407e+12   7.479894e+12   4.112678e+24   3.996007e+34   0.000000e+00  -2.988971e+47   3.076219e+37   3.287868e+47   0.000000e+00   0.000000e+00   0.000000e+00   0.000000e+00   0.000000e+00   0.000000e+00   0.000000e+00   0.000000e+00   0.000000e+00   0.000000e+00   0.000000e+00   0.000000e+00   0.000000e+00
         243948   5.261760e+07      1.0000000      0.0000000   3.996000e+30   0.000000e+00   3.996000e+30   0.000000e+00   0.000000e+00   0.000000e+00   0.000000e+00   0.000000e+00   0.000000e+00   4.362186e+38   0.000000e+00  -3.859128e+38   0.000000e+00   0.000000e+00   7.853888e+12   7.931271e+12   7.479894e+12   4.080018e+24   3.996008e+34   0.000000e+00  -2.988971e+47   3.051781e+37   3.287868e+47   0.000000e+00   0.000000e+00   0.000000e+00   0.000000e+00   0.000000e+00   0.000000e+00   0.000000e+00   0.000000e+00   0.000000e+00   0.000000e+00   0.000000e+00   0.000000e+00   0.000000e+00
         244655   5.270400e+07      1.0000000      0.0000000   3.996000e+30   0.000000e+00   3.996000e+30   0.000000e+00   0.000000e+00   0.000000e+00   0.000000e+00   0.000000e+00   0.000000e+00   4.361239e+38   0.000000e+00  -3.858140e+38   0.000000e+00   0.000000e+00   7.853888e+12   7.932135e+12   7.479894e+12   4.055411e+24   3.996008e+34   0.000000e+00  -2.988971e+47   3.033389e+37   3.287868e+47   0.000000e+00   0.000000e+00   0.000000e+00   0.000000e+00   0.000000e+00   0.000000e+00   0.000000e+00   0.000000e+00   0.000000e+00   0.000000e+00   0.000000e+00   0.000000e+00   0.000000e+00
         245624   5.279040e+07      1.0000000      0.0000000   3.996000e+30   0.000000e+00   3.996000e+30   0.000000e+00   0.000000e+00   0.000000e+00   0.000000e+00   0.000000e+00   0.000000e+00   4.360291e+38   0.000000e+00  -3.857479e+38   0.000000e+00   0.000000e+00   7.853888e+12   7.932999e+12   7.479894e+12   4.038741e+24   3.996008e+34   0.000000e+00  -2.988971e+47   3.020922e+37   3.287868e+47   0.000000e+00   0.000000e+00   0.000000e+00   0.000000e+00   0.000000e+00   0.000000e+00   0.000000e+00   0.000000e+00   0.000000e+00   0.000000e+00   0.000000e+00   0.000000e+00   0.000000e+00
         246719   5.287680e+07      1.0000000      0.0000000   3.996000e+30   0.000000e+00   3.996000e+30   0.000000e+00   0.000000e+00   0.000000e+00   0.000000e+00   0.000000e+00   0.000000e+00   4.359333e+38   0.000000e+00  -3.856485e+38   0.000000e+00   0.000000e+00   7.853888e+12   7.933863e+12   7.479894e+12   3.952110e+24   3.996008e+34   0.000000e+00  -2.988971e+47   2.956141e+37   3.287868e+47   0.000000e+00   0.000000e+00   0.000000e+00   0.000000e+00   0.000000e+00   0.000000e+00   0.000000e+00   0.000000e+00   0.000000e+00   0.000000e+00   0.000000e+00   0.000000e+00   0.000000e+00
         247752   5.296320e+07      1.0000000      0.0000000   3.996000e+30   0.000000e+00   3.996000e+30   0.000000e+00   0.000000e+00   0.000000e+00   0.000000e+00   0.000000e+00   0.000000e+00   4.358373e+38   0.000000e+00  -3.855483e+38   0.000000e+00   0.000000e+00   7.853888e+12   7.934727e+12   7.479894e+12   3.978437e+24   3.996008e+34   0.000000e+00  -2.988971e+47   2.975840e+37   3.287868e+47   0.000000e+00   0.000000e+00   0.000000e+00   0.000000e+00   0.000000e+00   0.000000e+00   0.000000e+00   0.000000e+00   0.000000e+00   0.000000e+00   0.000000e+00   0.000000e+00   0.000000e+00
         248728   5.304960e+07      1.0000000      0.0000000   3.996000e+30   0.000000e+00   3.996000e+30   0.000000e+00   0.000000e+00   0.000000e+00   0.000000e+00   0.000000e+00   0.000000e+00   4.357409e+38   0.000000e+00  -3.854478e+38   0.000000e+00   0.000000e+00   7.853888e+12   7.935591e+12   7.479894e+12   3.891504e+24   3.996008e+34   0.000000e+00  -2.988971e+47   2.910812e+37   3.287868e+47   0.000000e+00   0.000000e+00   0.000000e+00   0.000000e+00   0.000000e+00   0.000000e+00   0.000000e+00   0.000000e+00   0.000000e+00   0.000000e+00   0.000000e+00   0.000000e+00   0.000000e+00
         250139   5.313600e+07      1.0000000      0.0000000   3.996000e+30   0.000000e+00   3.996000e+30   0.000000e+00   0.000000e+00   0.000000e+00   0.000000e+00   0.000000e+00   0.000000e+00   4.356438e+38   0.000000e+00  -3.853467e+38   0.000000e+00   0.000000e+00   7.853888e+12   7.936455e+12   7.479894e+12   3.818285e+24   3.996008e+34   0.000000e+00  -2.988971e+47   2.856035e+37   3.287868e+47   0.000000e+00   0.000000e+00   0.000000e+00   0.000000e+00   0.000000e+00   0.000000e+00   0.000000e+00   0.000000e+00   0.000000e+00   0.000000e+00   0.000000e+00   0.000000e+00   0.000000e+00
         251374   5.322240e+07      1.0000000      0.0000000   3.996000e+30   0.000000e+00   3.996000e+30   0.000000e+00   0.000000e+00   0.000000e+00   0.000000e+00   0.000000e+00   0.000000e+00   4.355464e+38   0.000000e+00  -3.852453e+38   0.000000e+00   0.000000e+00   7.853888e+12   7.937319e+12   7.479894e+12   3.813580e+24   3.996007e+34   0.000000e+00  -2.988971e+47   2.852543e+37   3.287868e+47   0.000000e+00   0.000000e+00   0.000000e+00   0.000000e+00   0.000000e+00   0.000000e+00   0.000000e+00   0.000000e+00   0.000000e+00   0.000000e+00   0.000000e+00   0.000000e+00   0.000000e+00
         252778   5.330880e+07      1.0000000      0.0000000   3.996000e+30   0.000000e+00   3.996000e+30   0.000000e+00   0.000000e+00   0.000000e+00   0.000000e+00   0.000000e+00   0.000000e+00   4.354486e+38   0.000000e+00  -3.851431e+38   0.000000e+00   0.000000e+00   7.853888e+12   7.938183e+12   7.479894e+12   3.790191e+24   3.996007e+34   0.000000e+00  -2.988971e+47   2.835042e+37   3.287868e+47   0.000000e+00   0.000000e+00   0.000000e+00   0.000000e+00   0.000000e+00   0.000000e+00   0.000000e+00   0.000000e+00   0.000000e+00   0.000000e+00   0.000000e+00   0.000000e+00   0.000000e+00
         254325   5.339520e+07      1.0000000      0.0000000   3.996000e+30   0.000000e+00   3.996000e+30   0.000000e+00   0.000000e+00   0.000000e+00   0.000000e+00   0.000000e+00   0.000000e+00   4.353504e+38   0.000000e+00  -3.850406e+38   0.000000e+00   0.000000e+00   7.853888e+12   7.939047e+12   7.479894e+12   3.786375e+24   3.996008e+34   0.000000e+00  -2.988971e+47   2.832166e+37   3.287868e+47   0.000000e+00   0.000000e+00   0.000000e+00   0.000000e+00   0.000000e+00   0.000000e+00   0.000000e+00   0.000000e+00   0.000000e+00   0.000000e+00   0.000000e+00   0.000000e+00   0.000000e+00
         255909   5.348160e+07      1.0000000      0.0000000   3.996000e+30   0.000000e+00   3.996000e+30   0.000000e+00   0.000000e+00   0.000000e+00   0.000000e+00   0.000000e+00   0.000000e+00   4.352518e+38   0.000000e+00  -3.849721e+38   0.000000e+00   0.000000e+00   7.853888e+12   7.939911e+12   7.479894e+12   3.771571e+24   3.996007e+34   0.000000e+00  -2.988971e+47   2.821070e+37   3.287868e+47   0.000000e+00   0.000000e+00   0.000000e+00   0.000000e+00   0.000000e+00   0.000000e+00   0.000000e+00   0.000000e+00   0.000000e+00   0.000000e+00   0.000000e+00   0.000000e+00   0.000000e+00
         257569   5.356800e+07      1.0000000      0.0000000   3.996000e+30   0.000000e+00   3.996000e+30   0.000000e+00   0.000000e+00   0.000000e+00   0.000000e+00   0.000000e+00   0.000000e+00   4.351526e+38   0.000000e+00  -3.848687e+38   0.000000e+00   0.000000e+00   7.853888e+12   7.940775e+12   7.479894e+12   3.712693e+24   3.996007e+34   0.000000e+00  -2.988971e+47   2.777056e+37   3.287868e+47   0.000000e+00   0.000000e+00   0.000000e+00   0.000000e+00   0.000000e+00   0.000000e+00   0.000000e+00   0.000000e+00   0.000000e+00   0.000000e+00   0.000000e+00   0.000000e+00   0.000000e+00
         259207   5.365440e+07      1.0000000      0.0000000   3.996000e+30   0.000000e+00   3.996000e+30   0.000000e+00   0.000000e+00   0.000000e+00   0.000000e+00   0.000000e+00   0.000000e+00   4.350530e+38   0.000000e+00  -3.847651e+38   0.000000e+00   0.000000e+00   7.853888e+12   7.941639e+12   7.479894e+12   3.725380e+24   3.996007e+34   0.000000e+00  -2.988971e+47   2.786530e+37   3.287868e+47   0.000000e+00   0.000000e+00   0.000000e+00   0.000000e+00   0.000000e+00   0.000000e+00   0.000000e+00   0.000000e+00   0.000000e+00   0.000000e+00   0.000000e+00   0.000000e+00   0.000000e+00
         261358   5.374080e+07      1.0000000      0.0000000   3.996000e+30   0.000000e+00   3.996000e+30   0.000000e+00   0.000000e+00   0.000000e+00   0.000000e+00   0.000000e+00   0.000000e+00   4.349530e+38   0.000000e+00  -3.846607e+38   0.000000e+00   0.000000e+00   7.853888e+12   7.942503e+12   7.479894e+12   3.642690e+24   3.996007e+34   0.000000e+00  -2.988971e+47   2.724692e+37   3.287868e+47   0.000000e+00   0.000000e+00   0.000000e+00   0.000000e+00   0.000000e+00   0.000000e+00   0.000000e+00   0.000000e+00   0.000000e+00   0.000000e+00   0.000000e+00   0.000000e+00   0.000000e+00
         263462   5.382720e+07      1.0000000      0.0000000   3.996000e+30   0.000000e+00   3.996000e+30   0.000000e+00   0.000000e+00   0.000000e+00   0.000000e+00   0.000000e+00   0.000000e+00   4.348525e+38   0.000000e+00  -3.845560e+38   0.000000e+00   0.000000e+00   7.853888e+12   7.943367e+12   7.479894e+12   3.690876e+24   3.996007e+34   0.000000e+00  -2.988971e+47   2.760726e+37   3.287868e+47   0.000000e+00   0.000000e+00   0.000000e+00   0.000000e+00   0.000000e+00   0.000000e+00   0.000000e+00   0.000000e+00   0.000000e+00   0.000000e+00   0.000000e+00   0.000000e+00   0.000000e+00
         265845   5.391360e+07      1.0000000      0.0000000   3.996000e+30   0.000000e+00   3.996000e+30   0.000000e+00   0.000000e+00   0.000000e+00   0.000000e+00   0.000000e+00   0.000000e+00   4.347516e+38   0.000000e+00  -3.844507e+38   0.000000e+00   0.000000e+00   7.853888e+12   7.944231e+12   7.479894e+12   3.689285e+24   3.996008e+34   0.000000e+00  -2.988971e+47   2.759554e+37   3.287868e+47   0.000000e+00   0.000000e+00   0.000000e+00   0.000000e+00   0.000000e+00   0.000000e+00   0.000000e+00   0.000000e+00   0.000000e+00   0.000000e+00   0.000000e+00   0.000000e+00   0.000000e+00
         268420   5.400000e+07      1.0000000      0.0000000   3.996000e+30   0.000000e+00   3.996000e+30   0.000000e+00   0.000000e+00   0.000000e+00   0.000000e+00   0.000000e+00   0.000000e+00   4.346503e+38   0.000000e+00  -3.843453e+38   0.000000e+00   0.000000e+00   7.853888e+12   7.945095e+12   7.479894e+12   3.635719e+24   3.996008e+34   0.000000e+00  -2.988971e+47   2.719481e+37   3.287868e+47   0.000000e+00   0.000000e+00   0.000000e+00   0.000000e+00   0.000000e+00   0.000000e+00   0.000000e+00   0.000000e+00   0.000000e+00   0.000000e+00   0.000000e+00   0.000000e+00   0.000000e+00
         271258   5.408640e+07      1.0000000      0.0000000   3.996000e+30   0.000000e+00   3.996000e+30   0.000000e+00   0.000000e+00   0.000000e+00   0.000000e+00   0.000000e+00   0.000000e+00   4.345486e+38   0.000000e+00  -3.842390e+38   0.000000e+00   0.000000e+00   7.853888e+12   7.945959e+12   7.479894e+12   3.600699e+24   3.996008e+34   0.000000e+00  -2.988971e+47   2.693272e+37   3.287868e+47   0.000000e+00   0.000000e+00   0.000000e+00   0.000000e+00   0.000000e+00   0.000000e+00   0.000000e+00   0.000000e+00   0.000000e+00   0.000000e+00   0.000000e+00   0.000000e+00   0.000000e+00
         274269   5.417280e+07      1.0000000      0.0000000   3.996000e+30   0.000000e+00   3.996000e+30   0.000000e+00   0.000000e+00   0.000000e+00   0.000000e+00   0.000000e+00   0.000000e+00   4.344466e+38   0.000000e+00  -3.841681e+38   0.000000e+00   0.000000e+00   7.853888e+12   7.946823e+12   7.479894e+12   3.625178e+24   3.996008e+34   0.000000e+00  -2.988971e+47   2.711560e+37   3.287868e+47   0.000000e+00   0.000000e+00   0.000000e+00   0.000000e+00   0.000000e+00   0.000000e+00   0.000000e+00   0.000000e+00   0.000000e+00   0.000000e+00   0.000000e+00   0.000000e+00   0.000000e+00
         277606   5.425920e+07      1.0000000      0.0000000   3.996000e+30   0.000000e+00   3.996000e+30   0.000000e+00   0.000000e+00   0.000000e+00   0.000000e+00   0.000000e+00   0.000000e+00   4.343440e+38   0.000000e+00  -3.840610e+38   0.000000e+00   0.000000e+00   7.853888e+12   7.947687e+12   7.479894e+12   3.558398e+24   3.996008e+34   0.000000e+00  -2.988971e+47   2.661652e+37   3.287868e+47   0.000000e+00   0.000000e+00   0.000000e+00   0.000000e+00   0.000000e+00   0.000000e+00   0.000000e+00   0.000000e+00   0.000000e+00   0.000000e+00   0.000000e+00   0.000000e+00   0.000000e+00
         281084   5.434560e+07      1.0000000      0.0000000   3.996000e+30   0.000000e+00   3.996000e+30   0.000000e+00   0.000000e+00   0.000000e+00   0.000000e+00   0.000000e+00   0.000000e+00   4.342411e+38   0.000000e+00  -3.839538e+38   0.000000e+00   0.000000e+00   7.853888e+12   7.948551e+12   7.479894e+12   3.531243e+24   3.996008e+34   0.000000e+00  -2.988971e+47   2.641353e+37   3.287868e+47   0.000000e+00   0.000000e+00   0.000000e+00   0.000000e+00   0.000000e+00   0.000000e+00   0.000000e+00   0.000000e+00   0.000000e+00   0.000000e+00   0.000000e+00   0.000000e+00   0.000000e+00
         285230   5.443200e+07      1.0000000      0.0000000   3.996000e+30   0.000000e+00   3.996000e+30   0.000000e+00   0.000000e+00   0.000000e+00   0.000000e+00   0.000000e+00   0.000000e+00   4.341375e+38   0.000000e+00  -3.838461e+38   0.000000e+00   0.000000e+00   7.853888e+12   7.949415e+12   7.479894e+12   3.535203e+24   3.996008e+34   0.000000e+00  -2.988971e+47   2.644285e+37   3.287868e+47   0.000000e+00   0.000000e+00   0.000000e+00   0.000000e+00   0.000000e+00   0.000000e+00   0.000000e+00   0.000000e+00   0.000000e+00   0.000000e+00   0.000000e+00   0.000000e+00   0.000000e+00
         290061   5.451840e+07      1.0000000      0.0000000   3.996000e+30   0.000000e+00   3.996000e+30   0.000000e+00   0.000000e+00   0.000000e+00   0.000000e+00   0.000000e+00   0.000000e+00   4.340335e+38   0.000000e+00  -3.837376e+38   0.000000e+00   0.000000e+00   7.853888e+12   7.950279e+12   7.479894e+12   3.458148e+24   3.996008e+34   0.000000e+00  -2.988971e+47   2.586645e+37   3.287868e+47   0.000000e+00   0.000000e+00   0.000000e+00   0.000000e+00   0.000000e+00   0.000000e+00   0.000000e+00   0.000000e+00   0.000000e+00   0.000000e+00   0.000000e+00   0.000000e+00   0.000000e+00
         295150   5.460480e+07      1.0000000      0.0000000   3.996000e+30   0.000000e+00   3.996000e+30   0.000000e+00   0.000000e+00   0.000000e+00   0.000000e+00   0.000000e+00   0.000000e+00   4.339292e+38   0.000000e+00  -3.836288e+38   0.000000e+00   0.000000e+00   7.853888e+12   7.951143e+12   7.479894e+12   3.483100e+24   3.996008e+34   0.000000e+00  -2.988971e+47   2.605335e+37   3.287868e+47   0.000000e+00   0.000000e+00   0.000000e+00   0.000000e+00   0.000000e+00   0.000000e+00   0.000000e+00   0.000000e+00   0.000000e+00   0.000000e+00   0.000000e+00   0.000000e+00   0.000000e+00
         300625   5.469120e+07      1.0000000      0.0000000   3.996000e+30   0.000000e+00   3.996000e+30   0.000000e+00   0.000000e+00   0.000000e+00   0.000000e+00   0.000000e+00   0.000000e+00   4.338244e+38   0.000000e+00  -3.835198e+38   0.000000e+00   0.000000e+00   7.853888e+12   7.952007e+12   7.479894e+12   3.456747e+24   3.996008e+34   0.000000e+00  -2.988971e+47   2.585586e+37   3.287868e+47   0.000000e+00   0.000000e+00   0.000000e+00   0.000000e+00   0.000000e+00   0.000000e+00   0.000000e+00   0.000000e+00   0.000000e+00   0.000000e+00   0.000000e+00   0.000000e+00   0.000000e+00
         306502   5.477760e+07      1.0000000      0.0000000   3.996000e+30   0.000000e+00   3.996000e+30   0.000000e+00   0.000000e+00   0.000000e+00   0.000000e+00   0.000000e+00   0.000000e+00   4.337192e+38   0.000000e+00  -3.834102e+38   0.000000e+00   0.000000e+00   7.853888e+12   7.952871e+12   7.479894e+12   3.503064e+24   3.996008e+34   0.000000e+00  -2.988971e+47   2.620268e+37   3.287868e+47   0.000000e+00   0.000000e+00   0.000000e+00   0.000000e+00   0.000000e+00   0.000000e+00   0.000000e+00   0.000000e+00   0.000000e+00   0.000000e+00   0.000000e+00   0.000000e+00   0.000000e+00
         312874   5.486400e+07      1.0000000      0.0000000   3.996000e+30   0.000000e+00   3.996000e+30   0.000000e+00   0.000000e+00   0.000000e+00   0.000000e+00   0.000000e+00   0.000000e+00   4.336138e+38   0.000000e+00  -3.833371e+38   0.000000e+00   0.000000e+00   7.853888e+12   7.953735e+12   7.479894e+12   3.467924e+24   3.996008e+34   0.000000e+00  -2.988971e+47   2.594002e+37   3.287868e+47   0.000000e+00   0.000000e+00   0.000000e+00   0.000000e+00   0.000000e+00   0.000000e+00   0.000000e+00   0.000000e+00   0.000000e+00   0.000000e+00   0.000000e+00   0.000000e+00   0.000000e+00
         319483   5.495040e+07      1.0000000      0.0000000   3.996000e+30   0.000000e+00   3.996000e+30   0.000000e+00   0.000000e+00   0.000000e+00   0.000000e+00   0.000000e+00   0.000000e+00   4.335078e+38   0.000000e+00  -3.832264e+38   0.000000e+00   0.000000e+00   7.853888e+12   7.954599e+12   7.479894e+12   3.465852e+24   3.996007e+34   0.000000e+00  -2.988971e+47   2.592393e+37   3.287868e+47   0.000000e+00   0.000000e+00   0.000000e+00   0.000000e+00   0.000000e+00   0.000000e+00   0.000000e+00   0.000000e+00   0.000000e+00   0.000000e+00   0.000000e+00   0.000000e+00   0.000000e+00
         326537   5.503680e+07      1.0000000      0.0000000   3.996000e+30   0.000000e+00   3.996000e+30   0.000000e+00   0.000000e+00   0.000000e+00   0.000000e+00   0.000000e+00   0.000000e+00   4.334013e+38   0.000000e+00  -3.831155e+38   0.000000e+00   0.000000e+00   7.853888e+12   7.955463e+12   7.479894e+12   3.460643e+24   3.996007e+34   0.000000e+00  -2.988971e+47   2.588518e+37   3.287868e+47   0.000000e+00   0.000000e+00   0.000000e+00   0.000000e+00   0.000000e+00   0.000000e+00   0.000000e+00   0.000000e+00   0.000000e+00   0.000000e+00   0.000000e+00   0.000000e+00   0.000000e+00
         333828   5.512320e+07      1.0000000      0.0000000   3.996000e+30   0.000000e+00   3.996000e+30   0.000000e+00   0.000000e+00   0.000000e+00   0.000000e+00   0.000000e+00   0.000000e+00   4.332945e+38   0.000000e+00  -3.830044e+38   0.000000e+00   0.000000e+00   7.853888e+12   7.956327e+12   7.479894e+12   3.463581e+24   3.996007e+34   0.000000e+00  -2.988971e+47   2.590740e+37   3.287867e+47   0.000000e+00   0.000000e+00   0.000000e+00   0.000000e+00   0.000000e+00   0.000000e+00   0.000000e+00   0.000000e+00   0.000000e+00   0.000000e+00   0.000000e+00   0.000000e+00   0.000000e+00
         341453   5.520960e+07      1.0000000      0.0000000   3.996000e+30   0.000000e+00   3.996000e+30   0.000000e+00   0.000000e+00   0.000000e+00   0.000000e+00   0.000000e+00   0.000000e+00   4.331872e+38   0.000000e+00  -3.828925e+38   0.000000e+00   0.000000e+00   7.853888e+12   7.957191e+12   7.479894e+12   3.392455e+24   3.996006e+34   0.000000e+00  -2.988970e+47   2.537547e+37   3.287867e+47   0.000000e+00   0.000000e+00   0.000000e+00   0.000000e+00   0.000000e+00   0.000000e+00   0.000000e+00   0.000000e+00   0.000000e+00   0.000000e+00   0.000000e+00   0.000000e+00   0.000000e+00
         348984   5.529600e+07      1.0000000      0.0000000   3.996000e+30   0.000000e+00   3.996000e+30   0.000000e+00   0.000000e+00   0.000000e+00   0.000000e+00   0.000000e+00   0.000000e+00   4.330796e+38   0.000000e+00  -3.827802e+38   0.000000e+00   0.000000e+00   7.853888e+12   7.958055e+12   7.479894e+12   3.323484e+24   3.996007e+34   0.000000e+00  -2.988971e+47   2.485931e+37   3.287867e+47   0.000000e+00   0.000000e+00   0.000000e+00   0.000000e+00   0.000000e+00   0.000000e+00   0.000000e+00   0.000000e+00   0.000000e+00   0.000000e+00   0.000000e+00   0.000000e+00   0.000000e+00
         356774   5.538240e+07      1.0000000      0.0000000   3.996000e+30   0.000000e+00   3.996000e+30   0.000000e+00   0.000000e+00   0.000000e+00   0.000000e+00   0.000000e+00   0.000000e+00   4.329715e+38   0.000000e+00  -3.826677e+38   0.000000e+00   0.000000e+00   7.853888e+12   7.958919e+12   7.479894e+12   3.415688e+24   3.996007e+34   0.000000e+00  -2.988971e+47   2.554888e+37   3.287867e+47   0.000000e+00   0.000000e+00   0.000000e+00   0.000000e+00   0.000000e+00   0.000000e+00   0.000000e+00   0.000000e+00   0.000000e+00   0.000000e+00   0.000000e+00   0.000000e+00   0.000000e+00
         364769   5.546880e+07      1.0000000      0.0000000   3.996000e+30   0.000000e+00   3.996000e+30   0.000000e+00   0.000000e+00   0.000000e+00   0.000000e+00   0.000000e+00   0.000000e+00   4.328630e+38   0.000000e+00  -3.825548e+38   0.000000e+00   0.000000e+00   7.853888e+12   7.959783e+12   7.479894e+12   3.407783e+24   3.996007e+34   0.000000e+00  -2.988971e+47   2.548985e+37   3.287867e+47   0.000000e+00   0.000000e+00   0.000000e+00   0.000000e+00   0.000000e+00   0.000000e+00   0.000000e+00   0.000000e+00   0.000000e+00   0.000000e+00   0.000000e+00   0.000000e+00   0.000000e+00
         372787   5.555520e+07      1.0000000      0.0000000   3.996000e+30   0.000000e+00   3.996000e+30   0.000000e+00   0.000000e+00   0.000000e+00   0.000000e+00   0.000000e+00   0.000000e+00   4.327544e+38   0.000000e+00  -3.824789e+38   0.000000e+00   0.000000e+00   7.853888e+12   7.960647e+12   7.479894e+12   3.382063e+24   3.996007e+34   0.000000e+00  -2.988971e+47   2.529725e+37   3.287867e+47   0.000000e+00   0.000000e+00   0.000000e+00   0.000000e+00   0.000000e+00   0.000000e+00   0.000000e+00   0.000000e+00   0.000000e+00   0.000000e+00   0.000000e+00   0.000000e+00   0.000000e+00
         380705   5.564160e+07      1.0000000      0.0000000   3.996000e+30   0.000000e+00   3.996000e+30   0.000000e+00   0.000000e+00   0.000000e+00   0.000000e+00   0.000000e+00   0.000000e+00   4.326453e+38   0.000000e+00  -3.823654e+38   0.000000e+00   0.000000e+00   7.853888e+12   7.961511e+12   7.479894e+12   3.446177e+24   3.996007e+34   0.000000e+00  -2.988971e+47   2.577751e+37   3.287867e+47   0.000000e+00   0.000000e+00   0.000000e+00   0.000000e+00   0.000000e+00   0.000000e+00   0.000000e+00   0.000000e+00   0.000000e+00   0.000000e+00   0.000000e+00   0.000000e+00   0.000000e+00
         388461   5.572800e+07      1.0000000      0.0000000   3.996000e+30   0.000000e+00   3.996000e+30   0.000000e+00   0.000000e+00   0.000000e+00   0.000000e+00   0.000000e+00   0.000000e+00   4.325358e+38   0.000000e+00  -3.822511e+38   0.000000e+00   0.000000e+00   7.853888e+12   7.962375e+12   7.479894e+12   3.368548e+24   3.996007e+34   0.000000e+00  -2.988971e+47   2.519628e+37   3.287867e+47   0.000000e+00   0.000000e+00   0.000000e+00   0.000000e+00   0.000000e+00   0.000000e+00   0.000000e+00   0.000000e+00   0.000000e+00   0.000000e+00   0.000000e+00   0.000000e+00   0.000000e+00
         396284   5.581440e+07      1.0000000      0.0000000   3.996000e+30   0.000000e+00   3.996000e+30   0.000000e+00   0.000000e+00   0.000000e+00   0.000000e+00   0.000000e+00   0.000000e+00   4.324258e+38   0.000000e+00  -3.821366e+38   0.000000e+00   0.000000e+00   7.853888e+12   7.963239e+12   7.479894e+12   3.510764e+24   3.996007e+34   0.000000e+00  -2.988971e+47   2.626035e+37   3.287867e+47   0.000000e+00   0.000000e+00   0.000000e+00   0.000000e+00   0.000000e+00   0.000000e+00   0.000000e+00   0.000000e+00   0.000000e+00   0.000000e+00   0.000000e+00   0.000000e+00   0.000000e+00
         404140   5.590080e+07      1.0000000      0.0000000   3.996000e+30   0.000000e+00   3.996000e+30   0.000000e+00   0.000000e+00   0.000000e+00   0.000000e+00   0.000000e+00   0.000000e+00   4.323154e+38   0.000000e+00  -3.820216e+38   0.000000e+00   0.000000e+00   7.853888e+12   7.964103e+12   7.479894e+12   3.416846e+24   3.996007e+34   0.000000e+00  -2.988971e+47   2.555768e+37   3.287867e+47   0.000000e+00   0.000000e+00   0.000000e+00   0.000000e+00   0.000000e+00   0.000000e+00   0.000000e+00   0.000000e+00   0.000000e+00   0.000000e+00   0.000000e+00   0.000000e+00   0.000000e+00
         411849   5.598720e+07      1.0000000      0.0000000   3.996000e+30   0.000000e+00   3.996000e+30   0.000000e+00   0.000000e+00   0.000000e+00   0.000000e+00   0.000000e+00   0.000000e+00   4.322046e+38   0.000000e+00  -3.819059e+38   0.000000e+00   0.000000e+00   7.853888e+12   7.964967e+12   7.479894e+12   3.457340e+24   3.996007e+34   0.000000e+00  -2.988971e+47   2.586039e+37   3.287867e+47   0.000000e+00   0.000000e+00   0.000000e+00   0.000000e+00   0.000000e+00   0.000000e+00   0.000000e+00   0.000000e+00   0.000000e+00   0.000000e+00   0.000000e+00   0.000000e+00   0.000000e+00
         419787   5.607360e+07      1.0000000      0.0000000   3.996000e+30   0.000000e+00   3.996000e+30   0.000000e+00   0.000000e+00   0.000000e+00   0.000000e+00   0.000000e+00   0.000000e+00   4.320934e+38   0.000000e+00  -3.817901e+38   0.000000e+00   0.000000e+00   7.853888e+12   7.965831e+12   7.479894e+12   3.271341e+24   3.996007e+34   0.000000e+00  -2.988971e+47   2.446970e+37   3.287867e+47   0.000000e+00   0.000000e+00   0.000000e+00   0.000000e+00   0.000000e+00   0.000000e+00   0.000000e+00   0.000000e+00   0.000000e+00   0.000000e+00   0.000000e+00   0.000000e+00   0.000000e+00
         427662   5.616000e+07      1.0000000      0.0000000   3.996000e+30   0.000000e+00   3.996000e+30   0.000000e+00   0.000000e+00   0.000000e+00   0.000000e+00   0.000000e+00   0.000000e+00   4.319819e+38   0.000000e+00  -3.816739e+38   0.000000e+00   0.000000e+00   7.853888e+12   7.966695e+12   7.479894e+12   3.424516e+24   3.996007e+34   0.000000e+00  -2.988971e+47   2.561464e+37   3.287867e+47   0.000000e+00   0.000000e+00   0.000000e+00   0.000000e+00   0.000000e+00   0.000000e+00   0.000000e+00   0.000000e+00   0.000000e+00   0.000000e+00   0.000000e+00   0.000000e+00   0.000000e+00
         435582   5.624640e+07      1.0000000      0.0000000   3.996000e+30   0.000000e+00   3.996000e+30   0.000000e+00   0.000000e+00   0.000000e+00   0.000000e+00   0.000000e+00   0.000000e+00   4.318702e+38   0.000000e+00  -3.815958e+38   0.000000e+00   0.000000e+00   7.853888e+12   7.967559e+12   7.479894e+12   3.402556e+24   3.996007e+34   0.000000e+00  -2.988971e+47   2.545107e+37   3.287868e+47   0.000000e+00   0.000000e+00   0.000000e+00   0.000000e+00   0.000000e+00   0.000000e+00   0.000000e+00   0.000000e+00   0.000000e+00   0.000000e+00   0.000000e+00   0.000000e+00   0.000000e+00
         443661   5.633280e+07      1.0000000      0.0000000   3.996000e+30   0.000000e+00   3.996000e+30   0.000000e+00   0.000000e+00   0.000000e+00   0.000000e+00   0.000000e+00   0.000000e+00   4.317578e+38   0.000000e+00  -3.814789e+38   0.000000e+00   0.000000e+00   7.853888e+12   7.968423e+12   7.479894e+12   3.298496e+24   3.996007e+34   0.000000e+00  -2.988971e+47   2.467242e+37   3.287868e+47   0.000000e+00   0.000000e+00   0.000000e+00   0.000000e+00   0.000000e+00   0.000000e+00   0.000000e+00   0.000000e+00   0.000000e+00   0.000000e+00   0.000000e+00   0.000000e+00   0.000000e+00
         451482   5.641920e+07      1.0000000      0.0000000   3.996000e+30   0.000000e+00   3.996000e+30   0.000000e+00   0.000000e+00   0.000000e+00   0.000000e+00   0.000000e+00   0.000000e+00   4.316451e+38   0.000000e+00  -3.813614e+38   0.000000e+00   0.000000e+00   7.853888e+12   7.969287e+12   7.479894e+12   3.448484e+24   3.996007e+34   0.000000e+00  -2.988971e+47   2.579402e+37   3.287868e+47   0.000000e+00   0.000000e+00   0.000000e+00   0.000000e+00   0.000000e+00   0.000000e+00   0.000000e+00   0.000000e+00   0.000000e+00   0.000000e+00   0.000000e+00   0.000000e+00   0.000000e+00
         459313   5.650560e+07      1.0000000      0.0000000   3.996000e+30   0.000000e+00   3.996000e+30   0.000000e+00   0.000000e+00   0.000000e+00   0.000000e+00   0.000000e+00   0.000000e+00   4.315321e+38   0.000000e+00  -3.812437e+38   0.000000e+00   0.000000e+00   7.853888e+12   7.970151e+12   7.479894e+12   3.388774e+24   3.996007e+34   0.000000e+00  -2.988971e+47   2.534757e+37   3.287868e+47   0.000000e+00   0.000000e+00   0.000000e+00   0.000000e+00   0.000000e+00   0.000000e+00   0.000000e+00   0.000000e+00   0.000000e+00   0.000000e+00   0.000000e+00   0.000000e+00   0.000000e+00
         467217   5.659200e+07      1.0000000      0.0000000   3.996000e+30   0.000000e+00   3.996000e+30   0.000000e+00   0.000000e+00   0.000000e+00   0.000000e+00   0.000000e+00   0.000000e+00   4.314186e+38   0.000000e+00  -3.811251e+38   0.000000e+00   0.000000e+00   7.853888e+12   7.971015e+12   7.479894e+12   3.414630e+24   3.996007e+34   0.000000e+00  -2.988971e+47   2.554107e+37   3.287868e+47   0.000000e+00   0.000000e+00   0.000000e+00   0.000000e+00   0.000000e+00   0.000000e+00   0.000000e+00   0.000000e+00   0.000000e+00   0.000000e+00   0.000000e+00   0.000000e+00   0.000000e+00
         475124   5.667840e+07      1.0000000      0.0000000   3.996000e+30   0.000000e+00   3.996000e+30   0.000000e+00   0.000000e+00   0.000000e+00   0.000000e+00   0.000000e+00   0.000000e+00   4.313047e+38   0.000000e+00  -3.810066e+38   0.000000e+00   0.000000e+00   7.853888e+12   7.971879e+12   7.479894e+12   3.431674e+24   3.996007e+34   0.000000e+00  -2.988971e+47   2.566856e+37   3.287867e+47   0.000000e+00   0.000000e+00   0.000000e+00   0.000000e+00   0.000000e+00   0.000000e+00   0.000000e+00   0.000000e+00   0.000000e+00   0.000000e+00   0.000000e+00   0.000000e+00   0.000000e+00
         482917   5.676480e+07      1.0000000      0.0000000   3.996000e+30   0.000000e+00   3.996000e+30   0.000000e+00   0.000000e+00   0.000000e+00   0.000000e+00   0.000000e+00   0.000000e+00   4.311905e+38   0.000000e+00  -3.808875e+38   0.000000e+00   0.000000e+00   7.853888e+12   7.972743e+12   7.479894e+12   3.343758e+24   3.996007e+34   0.000000e+00  -2.988971e+47   2.501086e+37   3.287867e+47   0.000000e+00   0.000000e+00   0.000000e+00   0.000000e+00   0.000000e+00   0.000000e+00   0.000000e+00   0.000000e+00   0.000000e+00   0.000000e+00   0.000000e+00   0.000000e+00   0.000000e+00
         490646   5.685120e+07      1.0000000      0.0000000   3.996000e+30   0.000000e+00   3.996000e+30   0.000000e+00   0.000000e+00   0.000000e+00   0.000000e+00   0.000000e+00   0.000000e+00   4.310759e+38   0.000000e+00  -3.807680e+38   0.000000e+00   0.000000e+00   7.853888e+12   7.973607e+12   7.479894e+12   3.300611e+24   3.996007e+34   0.000000e+00  -2.988971e+47   2.468801e+37   3.287867e+47   0.000000e+00   0.000000e+00   0.000000e+00   0.000000e+00   0.000000e+00   0.000000e+00   0.000000e+00   0.000000e+00   0.000000e+00   0.000000e+00   0.000000e+00   0.000000e+00   0.000000e+00
         498444   5.693760e+07      1.0000000      0.0000000   3.996000e+30   0.000000e+00   3.996000e+30   0.000000e+00   0.000000e+00   0.000000e+00   0.000000e+00   0.000000e+00   0.000000e+00   4.309612e+38   0.000000e+00  -3.806883e+38   0.000000e+00   0.000000e+00   7.853888e+12   7.974471e+12   7.479894e+12   3.470949e+24   3.996007e+34   0.000000e+00  -2.988971e+47   2.596225e+37   3.287867e+47   0.000000e+00   0.000000e+00   0.000000e+00   0.000000e+00   0.000000e+00   0.000000e+00   0.000000e+00   0.000000e+00   0.000000e+00   0.000000e+00   0.000000e+00   0.000000e+00   0.000000e+00
         506168   5.702400e+07      1.0000000      0.0000000   3.996000e+30   0.000000e+00   3.996000e+30   0.000000e+00   0.000000e+00   0.000000e+00   0.000000e+00   0.000000e+00   0.000000e+00   4.308459e+38   0.000000e+00  -3.805680e+38   0.000000e+00   0.000000e+00   7.853888e+12   7.975335e+12   7.479894e+12   3.463477e+24   3.996007e+34   0.000000e+00  -2.988971e+47   2.590638e+37   3.287867e+47   0.000000e+00   0.000000e+00   0.000000e+00   0.000000e+00   0.000000e+00   0.000000e+00   0.000000e+00   0.000000e+00   0.000000e+00   0.000000e+00   0.000000e+00   0.000000e+00   0.000000e+00
         513713   5.711040e+07      1.0000000      0.0000000   3.996000e+30   0.000000e+00   3.996000e+30   0.000000e+00   0.000000e+00   0.000000e+00   0.000000e+00   0.000000e+00   0.000000e+00   4.307301e+38   0.000000e+00  -3.804475e+38   0.000000e+00   0.000000e+00   7.853888e+12   7.976199e+12   7.479894e+12   3.396332e+24   3.996007e+34   0.000000e+00  -2.988971e+47   2.540404e+37   3.287867e+47   0.000000e+00   0.000000e+00   0.000000e+00   0.000000e+00   0.000000e+00   0.000000e+00   0.000000e+00   0.000000e+00   0.000000e+00   0.000000e+00   0.000000e+00   0.000000e+00   0.000000e+00
         521428   5.719680e+07      1.0000000      0.0000000   3.996000e+30   0.000000e+00   3.996000e+30   0.000000e+00   0.000000e+00   0.000000e+00   0.000000e+00   0.000000e+00   0.000000e+00   4.306141e+38   0.000000e+00  -3.803264e+38   0.000000e+00   0.000000e+00   7.853888e+12   7.977063e+12   7.479894e+12   3.452919e+24   3.996007e+34   0.000000e+00  -2.988971e+47   2.582730e+37   3.287867e+47   0.000000e+00   0.000000e+00   0.000000e+00   0.000000e+00   0.000000e+00   0.000000e+00   0.000000e+00   0.000000e+00   0.000000e+00   0.000000e+00   0.000000e+00   0.000000e+00   0.000000e+00
         529096   5.728320e+07      1.0000000      0.0000000   3.996000e+30   0.000000e+00   3.996000e+30   0.000000e+00   0.000000e+00   0.000000e+00   0.000000e+00   0.000000e+00   0.000000e+00   4.304976e+38   0.000000e+00  -3.802051e+38   0.000000e+00   0.000000e+00   7.853888e+12   7.977927e+12   7.479894e+12   3.411069e+24   3.996007e+34   0.000000e+00  -2.988971e+47   2.551455e+37   3.287867e+47   0.000000e+00   0.000000e+00   0.000000e+00   0.000000e+00   0.000000e+00   0.000000e+00   0.000000e+00   0.000000e+00   0.000000e+00   0.000000e+00   0.000000e+00   0.000000e+00   0.000000e+00
         536565   5.736960e+07      1.0000000      0.0000000   3.996000e+30   0.000000e+00   3.996000e+30   0.000000e+00   0.000000e+00   0.000000e+00   0.000000e+00   0.000000e+00   0.000000e+00   4.303808e+38   0.000000e+00  -3.800834e+38   0.000000e+00   0.000000e+00   7.853888e+12   7.978791e+12   7.479894e+12   3.420675e+24   3.996007e+34   0.000000e+00  -2.988971e+47   2.558642e+37   3.287867e+47   0.000000e+00   0.000000e+00   0.000000e+00   0.000000e+00   0.000000e+00   0.000000e+00   0.000000e+00   0.000000e+00   0.000000e+00   0.000000e+00   0.000000e+00   0.000000e+00   0.000000e+00
         544008   5.745600e+07      1.0000000      0.0000000   3.996000e+30   0.000000e+00   3.996000e+30   0.000000e+00   0.000000e+00   0.000000e+00   0.000000e+00   0.000000e+00   0.000000e+00   4.302636e+38   0.000000e+00  -3.799610e+38   0.000000e+00   0.000000e+00   7.853888e+12   7.979655e+12   7.479894e+12   3.472071e+24   3.996007e+34   0.000000e+00  -2.988971e+47   2.597065e+37   3.287867e+47   0.000000e+00   0.000000e+00   0.000000e+00   0.000000e+00   0.000000e+00   0.000000e+00   0.000000e+00   0.000000e+00   0.000000e+00   0.000000e+00   0.000000e+00   0.000000e+00   0.000000e+00
         551443   5.754240e+07      1.0000000      0.0000000   3.996000e+30   0.000000e+00   3.996000e+30   0.000000e+00   0.000000e+00   0.000000e+00   0.000000e+00   0.000000e+00   0.000000e+00   4.301462e+38   0.000000e+00  -3.798386e+38   0.000000e+00   0.000000e+00   7.853888e+12   7.980519e+12   7.479894e+12   3.458967e+24   3.996007e+34   0.000000e+00  -2.988971e+47   2.587296e+37   3.287867e+47   0.000000e+00   0.000000e+00   0.000000e+00   0.000000e+00   0.000000e+00   0.000000e+00   0.000000e+00   0.000000e+00   0.000000e+00   0.000000e+00   0.000000e+00   0.000000e+00   0.000000e+00
         559035   5.762880e+07      1.0000000      0.0000000   3.996000e+30   0.000000e+00   3.996000e+30   0.000000e+00   0.000000e+00   0.000000e+00   0.000000e+00   0.000000e+00   0.000000e+00   4.300284e+38   0.000000e+00  -3.797565e+38   0.000000e+00   0.000000e+00   7.853888e+12   7.981383e+12   7.479894e+12   3.494749e+24   3.996007e+34   0.000000e+00  -2.988971e+47   2.614028e+37   3.287867e+47   0.000000e+00   0.000000e+00   0.000000e+00   0.000000e+00   0.000000e+00   0.000000e+00   0.000000e+00   0.000000e+00   0.000000e+00   0.000000e+00   0.000000e+00   0.000000e+00   0.000000e+00
         566678   5.771520e+07      1.0000000      0.0000000   3.996000e+30   0.000000e+00   3.996000e+30   0.000000e+00   0.000000e+00   0.000000e+00   0.000000e+00   0.000000e+00   0.000000e+00   4.299102e+38   0.000000e+00  -3.796334e+38   0.000000e+00   0.000000e+00   7.853888e+12   7.982247e+12   7.479894e+12   3.510111e+24   3.996007e+34   0.000000e+00  -2.988971e+47   2.625521e+37   3.287867e+47   0.000000e+00   0.000000e+00   0.000000e+00   0.000000e+00   0.000000e+00   0.000000e+00   0.000000e+00   0.000000e+00   0.000000e+00   0.000000e+00   0.000000e+00   0.000000e+00   0.000000e+00
         574471   5.780160e+07      1.0000000      0.0000000   3.996000e+30   0.000000e+00   3.996000e+30   0.000000e+00   0.000000e+00   0.000000e+00   0.000000e+00   0.000000e+00   0.000000e+00   4.297916e+38   0.000000e+00  -3.795097e+38   0.000000e+00   0.000000e+00   7.853888e+12   7.983111e+12   7.479894e+12   3.494517e+24   3.996007e+34   0.000000e+00  -2.988971e+47   2.613838e+37   3.287867e+47   0.000000e+00   0.000000e+00   0.000000e+00   0.000000e+00   0.000000e+00   0.000000e+00   0.000000e+00   0.000000e+00   0.000000e+00   0.000000e+00   0.000000e+00   0.000000e+00   0.000000e+00
         582121   5.788800e+07      1.0000000      0.0000000   3.996000e+30   0.000000e+00   3.996000e+30   0.000000e+00   0.000000e+00   0.000000e+00   0.000000e+00   0.000000e+00   0.000000e+00   4.296727e+38   0.000000e+00  -3.793859e+38   0.000000e+00   0.000000e+00   7.853888e+12   7.983975e+12   7.479894e+12   3.496896e+24   3.996007e+34   0.000000e+00  -2.988971e+47   2.615659e+37   3.287867e+47   0.000000e+00   0.000000e+00   0.000000e+00   0.000000e+00   0.000000e+00   0.000000e+00   0.000000e+00   0.000000e+00   0.000000e+00   0.000000e+00   0.000000e+00   0.000000e+00   0.000000e+00
         590047   5.797440e+07      1.0000000      0.0000000   3.996000e+30   0.000000e+00   3.996000e+30   0.000000e+00   0.000000e+00   0.000000e+00   0.000000e+00   0.000000e+00   0.000000e+00   4.295535e+38   0.000000e+00  -3.792615e+38   0.000000e+00   0.000000e+00   7.853888e+12   7.984839e+12   7.479894e+12   3.502645e+24   3.996007e+34   0.000000e+00  -2.988971e+47   2.619928e+37   3.287867e+47   0.000000e+00   0.000000e+00   0.000000e+00   0.000000e+00   0.000000e+00   0.000000e+00   0.000000e+00   0.000000e+00   0.000000e+00   0.000000e+00   0.000000e+00   0.000000e+00   0.000000e+00
         598029   5.806080e+07      1.0000000      0.0000000   3.996000e+30   0.000000e+00   3.996000e+30   0.000000e+00   0.000000e+00   0.000000e+00   0.000000e+00   0.000000e+00   0.000000e+00   4.294338e+38   0.000000e+00  -3.791369e+38   0.000000e+00   0.000000e+00   7.853888e+12   7.985703e+12   7.479894e+12   3.483185e+24   3.996007e+34   0.000000e+00  -2.988971e+47   2.605386e+37   3.287867e+47   0.000000e+00   0.000000e+00   0.000000e+00   0.000000e+00   0.000000e+00   0.000000e+00   0.000000e+00   0.000000e+00   0.000000e+00   0.000000e+00   0.000000e+00   0.000000e+00   0.000000e+00
         606034   5.814720e+07      1.0000000      0.0000000   3.996000e+30   0.000000e+00   3.996000e+30   0.000000e+00   0.000000e+00   0.000000e+00   0.000000e+00   0.000000e+00   0.000000e+00   4.293139e+38   0.000000e+00  -3.790116e+38   0.000000e+00   0.000000e+00   7.853888e+12   7.986567e+12   7.479894e+12   3.470399e+24   3.996007e+34   0.000000e+00  -2.988971e+47   2.595813e+37   3.287867e+47   0.000000e+00   0.000000e+00   0.000000e+00   0.000000e+00   0.000000e+00   0.000000e+00   0.000000e+00   0.000000e+00   0.000000e+00   0.000000e+00   0.000000e+00   0.000000e+00   0.000000e+00
         613643   5.823360e+07      1.0000000      0.0000000   3.996000e+30   0.000000e+00   3.996000e+30   0.000000e+00   0.000000e+00   0.000000e+00   0.000000e+00   0.000000e+00   0.000000e+00   4.291936e+38   0.000000e+00  -3.788863e+38   0.000000e+00   0.000000e+00   7.853888e+12   7.987431e+12   7.479894e+12   3.489390e+24   3.996007e+34   0.000000e+00  -2.988971e+47   2.610040e+37   3.287867e+47   0.000000e+00   0.000000e+00   0.000000e+00   0.000000e+00   0.000000e+00   0.000000e+00   0.000000e+00   0.000000e+00   0.000000e+00   0.000000e+00   0.000000e+00   0.000000e+00   0.000000e+00
         619369   5.832000e+07      1.0000000      0.0000000   3.996000e+30   0.000000e+00   3.996000e+30   0.000000e+00   0.000000e+00   0.000000e+00   0.000000e+00   0.000000e+00   0.000000e+00   4.290731e+38   0.000000e+00  -3.788025e+38   0.000000e+00   0.000000e+00   7.853888e+12   7.988295e+12   7.479894e+12   3.530393e+24   3.996007e+34   0.000000e+00  -2.988971e+47   2.640691e+37   3.287867e+47   0.000000e+00   0.000000e+00   0.000000e+00   0.000000e+00   0.000000e+00   0.000000e+00   0.000000e+00   0.000000e+00   0.000000e+00   0.000000e+00   0.000000e+00   0.000000e+00   0.000000e+00
         625815   5.840640e+07      1.0000000      0.0000000   3.996000e+30   0.000000e+00   3.996000e+30   0.000000e+00   0.000000e+00   0.000000e+00   0.000000e+00   0.000000e+00   0.000000e+00   4.289521e+38   0.000000e+00  -3.786764e+38   0.000000e+00   0.000000e+00   7.853888e+12   7.989159e+12   7.479894e+12   3.500082e+24   3.996007e+34   0.000000e+00  -2.988971e+47   2.618024e+37   3.287867e+47   0.000000e+00   0.000000e+00   0.000000e+00   0.000000e+00   0.000000e+00   0.000000e+00   0.000000e+00   0.000000e+00   0.000000e+00   0.000000e+00   0.000000e+00   0.000000e+00   0.000000e+00
         632286   5.849280e+07      1.0000000      0.0000000   3.996000e+30   0.000000e+00   3.996000e+30   0.000000e+00   0.000000e+00   0.000000e+00   0.000000e+00   0.000000e+00   0.000000e+00   4.288307e+38   0.000000e+00  -3.785498e+38   0.000000e+00   0.000000e+00   7.853888e+12   7.990023e+12   7.479894e+12   3.494209e+24   3.996007e+34   0.000000e+00  -2.988971e+47   2.613641e+37   3.287867e+47   0.000000e+00   0.000000e+00   0.000000e+00   0.000000e+00   0.000000e+00   0.000000e+00   0.000000e+00   0.000000e+00   0.000000e+00   0.000000e+00   0.000000e+00   0.000000e+00   0.000000e+00
         638769   5.857920e+07      1.0000000      0.0000000   3.996000e+30   0.000000e+00   3.996000e+30   0.000000e+00   0.000000e+00   0.000000e+00   0.000000e+00   0.000000e+00   0.000000e+00   4.287090e+38   0.000000e+00  -3.784230e+38   0.000000e+00   0.000000e+00   7.853888e+12   7.990887e+12   7.479894e+12   3.512015e+24   3.996007e+34   0.000000e+00  -2.988971e+47   2.626938e+37   3.287867e+47   0.000000e+00   0.000000e+00   0.000000e+00   0.000000e+00   0.000000e+00   0.000000e+00   0.000000e+00   0.000000e+00   0.000000e+00   0.000000e+00   0.000000e+00   0.000000e+00   0.000000e+00
         645395   5.866560e+07      1.0000000      0.0000000   3.996000e+30   0.000000e+00   3.996000e+30   0.000000e+00   0.000000e+00   0.000000e+00   0.000000e+00   0.000000e+00   0.000000e+00   4.285871e+38   0.000000e+00  -3.782957e+38   0.000000e+00   0.000000e+00   7.853888e+12   7.991751e+12   7.479894e+12   3.470143e+24   3.996007e+34   0.000000e+00  -2.988971e+47   2.595669e+37   3.287867e+47   0.000000e+00   0.000000e+00   0.000000e+00   0.000000e+00   0.000000e+00   0.000000e+00   0.000000e+00   0.000000e+00   0.000000e+00   0.000000e+00   0.000000e+00   0.000000e+00   0.000000e+00
         651756   5.875200e+07      1.0000000      0.0000000   3.996000e+30   0.000000e+00   3.996000e+30   0.000000e+00   0.000000e+00   0.000000e+00   0.000000e+00   0.000000e+00   0.000000e+00   4.284647e+38   0.000000e+00  -3.781681e+38   0.000000e+00   0.000000e+00   7.853888e+12   7.992615e+12   7.479894e+12   3.520143e+24   3.996007e+34   0.000000e+00  -2.988971e+47   2.633026e+37   3.287867e+47   0.000000e+00   0.000000e+00   0.000000e+00   0.000000e+00   0.000000e+00   0.000000e+00   0.000000e+00   0.000000e+00   0.000000e+00   0.000000e+00   0.000000e+00   0.000000e+00   0.000000e+00
         658319   5.883840e+07      1.0000000      0.0000000   3.996000e+30   0.000000e+00   3.996000e+30   0.000000e+00   0.000000e+00   0.000000e+00   0.000000e+00   0.000000e+00   0.000000e+00   4.283421e+38   0.000000e+00  -3.780402e+38   0.000000e+00   0.000000e+00   7.853888e+12   7.993479e+12   7.479894e+12   3.571825e+24   3.996007e+34   0.000000e+00  -2.988971e+47   2.671681e+37   3.287867e+47   0.000000e+00   0.000000e+00   0.000000e+00   0.000000e+00   0.000000e+00   0.000000e+00   0.000000e+00   0.000000e+00   0.000000e+00   0.000000e+00   0.000000e+00   0.000000e+00   0.000000e+00
         664900   5.892480e+07      1.0000000      0.0000000   3.996000e+30   0.000000e+00   3.996000e+30   0.000000e+00   0.000000e+00   0.000000e+00   0.000000e+00   0.000000e+00   0.000000e+00   4.282191e+38   0.000000e+00  -3.779119e+38   0.000000e+00   0.000000e+00   7.853888e+12   7.994343e+12   7.479894e+12   2.479474e+27   3.996007e+34   0.000000e+00  -2.988971e+47   2.921600e+40   3.287867e+47   0.000000e+00   0.000000e+00   0.000000e+00   0.000000e+00   0.000000e+00   0.000000e+00   0.000000e+00   0.000000e+00   0.000000e+00   0.000000e+00   0.000000e+00   0.000000e+00   0.000000e+00
         671797   5.901120e+07      1.0000000      0.0000000   3.996000e+30   0.000000e+00   3.996000e+30   0.000000e+00   0.000000e+00   0.000000e+00   0.000000e+00   0.000000e+00   0.000000e+00   4.280959e+38   0.000000e+00  -3.778263e+38   0.000000e+00   0.000000e+00   7.853888e+12   7.995207e+12   7.479894e+12   4.955115e+27   3.996007e+34   0.000000e+00  -2.988971e+47   2.921421e+40   3.287867e+47   0.000000e+00   0.000000e+00   0.000000e+00   0.000000e+00   0.000000e+00   0.000000e+00   0.000000e+00   0.000000e+00   0.000000e+00   0.000000e+00   0.000000e+00   0.000000e+00   0.000000e+00
         678792   5.909760e+07      1.0000000      0.0000000   3.996000e+30   0.000000e+00   3.996000e+30   0.000000e+00   0.000000e+00   0.000000e+00   0.000000e+00   0.000000e+00   0.000000e+00   4.279722e+38   0.000000e+00  -3.776972e+38   0.000000e+00   0.000000e+00   7.853888e+12   7.996071e+12   7.479894e+12   2.479171e+27   3.996007e+34   0.000000e+00  -2.988971e+47   2.921373e+40   3.287867e+47   0.000000e+00   0.000000e+00   0.000000e+00   0.000000e+00   0.000000e+00   0.000000e+00   0.000000e+00   0.000000e+00   0.000000e+00   0.000000e+00   0.000000e+00   0.000000e+00   0.000000e+00
         685936   5.918400e+07      1.0000000      0.0000000   3.996000e+30   0.000000e+00   3.996000e+30   0.000000e+00   0.000000e+00   0.000000e+00   0.000000e+00   0.000000e+00   0.000000e+00   4.278483e+38   0.000000e+00  -3.775681e+38   0.000000e+00   0.000000e+00   7.853888e+12   7.996935e+12   7.479894e+12   2.479213e+27   3.996007e+34   0.000000e+00  -2.988971e+47   2.921404e+40   3.287867e+47   0.000000e+00   0.000000e+00   0.000000e+00   0.000000e+00   0.000000e+00   0.000000e+00   0.000000e+00   0.000000e+00   0.000000e+00   0.000000e+00   0.000000e+00   0.000000e+00   0.000000e+00
         693285   5.927040e+07      1.0000000      0.0000000   3.996000e+30   0.000000e+00   3.996000e+30   0.000000e+00   0.000000e+00   0.000000e+00   0.000000e+00   0.000000e+00   0.000000e+00   4.277239e+38   0.000000e+00  -3.774384e+38   0.000000e+00   0.000000e+00   7.853888e+12   7.997799e+12   7.479894e+12   2.479292e+27   3.996007e+34   0.000000e+00  -2.988971e+47   2.921464e+40   3.287867e+47   0.000000e+00   0.000000e+00   0.000000e+00   0.000000e+00   0.000000e+00   0.000000e+00   0.000000e+00   0.000000e+00   0.000000e+00   0.000000e+00   0.000000e+00   0.000000e+00   0.000000e+00
         701252   5.935680e+07      1.0000000      0.0000000   3.996000e+30   0.000000e+00   3.996000e+30   0.000000e+00   0.000000e+00   0.000000e+00   0.000000e+00   0.000000e+00   0.000000e+00   4.275993e+38   0.000000e+00  -3.773086e+38   0.000000e+00   0.000000e+00   7.853888e+12   7.998663e+12   7.479894e+12   2.479421e+27   3.996007e+34   0.000000e+00  -2.988971e+47   2.921560e+40   3.287867e+47   0.000000e+00   0.000000e+00   0.000000e+00   0.000000e+00   0.000000e+00   0.000000e+00   0.000000e+00   0.000000e+00   0.000000e+00   0.000000e+00   0.000000e+00   0.000000e+00   0.000000e+00
         709728   5.944320e+07      1.0000000      0.0000000   3.996000e+30   0.000000e+00   3.996000e+30   0.000000e+00   0.000000e+00   0.000000e+00   0.000000e+00   0.000000e+00   0.000000e+00   4.274744e+38   0.000000e+00  -3.771783e+38   0.000000e+00   0.000000e+00   7.853888e+12   7.999527e+12   7.479894e+12   4.955264e+27   3.996007e+34   0.000000e+00  -2.988971e+47   2.921532e+40   3.287867e+47   0.000000e+00   0.000000e+00   0.000000e+00   0.000000e+00   0.000000e+00   0.000000e+00   0.000000e+00   0.000000e+00   0.000000e+00   0.000000e+00   0.000000e+00   0.000000e+00   0.000000e+00
         719162   5.952960e+07      1.0000000      0.0000000   3.996000e+30   0.000000e+00   3.996000e+30   0.000000e+00   0.000000e+00   0.000000e+00   0.000000e+00   0.000000e+00   0.000000e+00   4.273490e+38   0.000000e+00  -3.770478e+38   0.000000e+00   0.000000e+00   7.853888e+12   8.000391e+12   7.479894e+12   4.955254e+27   3.996007e+34   0.000000e+00  -2.988971e+47   2.921525e+40   3.287867e+47   0.000000e+00   0.000000e+00   0.000000e+00   0.000000e+00   0.000000e+00   0.000000e+00   0.000000e+00   0.000000e+00   0.000000e+00   0.000000e+00   0.000000e+00   0.000000e+00   0.000000e+00
         729482   5.961600e+07      1.0000000      0.0000000   3.996000e+30   0.000000e+00   3.996000e+30   0.000000e+00   0.000000e+00   0.000000e+00   0.000000e+00   0.000000e+00   0.000000e+00   4.272235e+38   0.000000e+00  -3.769166e+38   0.000000e+00   0.000000e+00   7.853888e+12   8.001255e+12   7.479894e+12   4.955243e+27   3.996007e+34   0.000000e+00  -2.988971e+47   2.921516e+40   3.287867e+47   0.000000e+00   0.000000e+00   0.000000e+00   0.000000e+00   0.000000e+00   0.000000e+00   0.000000e+00   0.000000e+00   0.000000e+00   0.000000e+00   0.000000e+00   0.000000e+00   0.000000e+00
         741014   5.970240e+07      1.0000000      0.0000000   3.996000e+30   0.000000e+00   3.996000e+30   0.000000e+00   0.000000e+00   0.000000e+00   0.000000e+00   0.000000e+00   0.000000e+00   4.270978e+38   0.000000e+00  -3.768292e+38   0.000000e+00   0.000000e+00   7.853888e+12   8.002119e+12   7.479894e+12   4.955208e+27   3.996007e+34   0.000000e+00  -2.988971e+47   2.921490e+40   3.287867e+47   0.000000e+00   0.000000e+00   0.000000e+00   0.000000e+00   0.000000e+00   0.000000e+00   0.000000e+00   0.000000e+00   0.000000e+00   0.000000e+00   0.000000e+00   0.000000e+00   0.000000e+00
         754153   5.978880e+07      1.0000000      0.0000000   3.996000e+30   0.000000e+00   3.996000e+30   0.000000e+00   0.000000e+00   0.000000e+00   0.000000e+00   0.000000e+00   0.000000e+00   4.269715e+38   0.000000e+00  -3.766978e+38   0.000000e+00   0.000000e+00   7.853888e+12   8.002983e+12   7.479894e+12   2.479351e+27   3.996007e+34   0.000000e+00  -2.988971e+47   2.921508e+40   3.287867e+47   0.000000e+00   0.000000e+00   0.000000e+00   0.000000e+00   0.000000e+00   0.000000e+00   0.000000e+00   0.000000e+00   0.000000e+00   0.000000e+00   0.000000e+00   0.000000e+00   0.000000e+00
         769852   5.987520e+07      1.0000000      0.0000000   3.996000e+30   0.000000e+00   3.996000e+30   0.000000e+00   0.000000e+00   0.000000e+00   0.000000e+00   0.000000e+00   0.000000e+00   4.268451e+38   0.000000e+00  -3.765658e+38   0.000000e+00   0.000000e+00   7.853888e+12   8.003847e+12   7.479894e+12   4.955239e+27   3.996007e+34   0.000000e+00  -2.988971e+47   2.921514e+40   3.287867e+47   0.000000e+00   0.000000e+00   0.000000e+00   0.000000e+00   0.000000e+00   0.000000e+00   0.000000e+00   0.000000e+00   0.000000e+00   0.000000e+00   0.000000e+00   0.000000e+00   0.000000e+00
         787552   5.996160e+07      1.0000000      0.0000000   3.996000e+30   0.000000e+00   3.996000e+30   0.000000e+00   0.000000e+00   0.000000e+00   0.000000e+00   0.000000e+00   0.000000e+00   4.267182e+38   0.000000e+00  -3.764336e+38   0.000000e+00   0.000000e+00   7.853888e+12   8.004711e+12   7.479894e+12   2.479350e+27   3.996007e+34   0.000000e+00  -2.988971e+47   2.921507e+40   3.287867e+47   0.000000e+00   0.000000e+00   0.000000e+00   0.000000e+00   0.000000e+00   0.000000e+00   0.000000e+00   0.000000e+00   0.000000e+00   0.000000e+00   0.000000e+00   0.000000e+00   0.000000e+00
         805411   6.004800e+07      1.0000000      0.0000000   3.996000e+30   0.000000e+00   3.996000e+30   0.000000e+00   0.000000e+00   0.000000e+00   0.000000e+00   0.000000e+00   0.000000e+00   4.265911e+38   0.000000e+00  -3.763010e+38   0.000000e+00   0.000000e+00   7.853888e+12   8.005575e+12   7.479894e+12   4.955273e+27   3.996007e+34   0.000000e+00  -2.988971e+47   2.921539e+40   3.287867e+47   0.000000e+00   0.000000e+00   0.000000e+00   0.000000e+00   0.000000e+00   0.000000e+00   0.000000e+00   0.000000e+00   0.000000e+00   0.000000e+00   0.000000e+00   0.000000e+00   0.000000e+00
         823189   6.013440e+07      1.0000000      0.0000000   3.996000e+30   0.000000e+00   3.996000e+30   0.000000e+00   0.000000e+00   0.000000e+00   0.000000e+00   0.000000e+00   0.000000e+00   4.264637e+38   0.000000e+00  -3.761684e+38   0.000000e+00   0.000000e+00   7.853888e+12   8.006439e+12   7.479894e+12   4.955209e+27   3.996007e+34   0.000000e+00  -2.988971e+47   2.921491e+40   3.287867e+47   0.000000e+00   0.000000e+00   0.000000e+00   0.000000e+00   0.000000e+00   0.000000e+00   0.000000e+00   0.000000e+00   0.000000e+00   0.000000e+00   0.000000e+00   0.000000e+00   0.000000e+00
         841097   6.022080e+07      1.0000000      0.0000000   3.996000e+30   0.000000e+00   3.996000e+30   0.000000e+00   0.000000e+00   0.000000e+00   0.000000e+00   0.000000e+00   0.000000e+00   4.263359e+38   0.000000e+00  -3.760348e+38   0.000000e+00   0.000000e+00   7.853888e+12   8.007303e+12   7.479894e+12   4.955395e+27   3.996007e+34   0.000000e+00  -2.988971e+47   2.921631e+40   3.287867e+47   0.000000e+00   0.000000e+00   0.000000e+00   0.000000e+00   0.000000e+00   0.000000e+00   0.000000e+00   0.000000e+00   0.000000e+00   0.000000e+00   0.000000e+00   0.000000e+00   0.000000e+00
         858888   6.030720e+07      1.0000000      0.0000000   3.996000e+30   0.000000e+00   3.996000e+30   0.000000e+00   0.000000e+00   0.000000e+00   0.000000e+00   0.000000e+00   0.000000e+00   4.262079e+38   0.000000e+00  -3.759016e+38   0.000000e+00   0.000000e+00   7.853888e+12   8.008167e+12   7.479894e+12   2.479509e+27   3.996007e+34   0.000000e+00  -2.988971e+47   2.921626e+40   3.287867e+47   0.000000e+00   0.000000e+00   0.000000e+00   0.000000e+00   0.000000e+00   0.000000e+00   0.000000e+00   0.000000e+00   0.000000e+00   0.000000e+00   0.000000e+00   0.000000e+00   0.000000e+00
         876885   6.039360e+07      1.0000000      0.0000000   3.996000e+30   0.000000e+00   3.996000e+30   0.000000e+00   0.000000e+00   0.000000e+00   0.000000e+00   0.000000e+00   0.000000e+00   4.260798e+38   0.000000e+00  -3.758124e+38   0.000000e+00   0.000000e+00   7.853888e+12   8.009031e+12   7.479894e+12   4.955394e+27   3.996007e+34   0.000000e+00  -2.988971e+47   2.921630e+40   3.287867e+47   0.000000e+00   0.000000e+00   0.000000e+00   0.000000e+00   0.000000e+00   0.000000e+00   0.000000e+00   0.000000e+00   0.000000e+00   0.000000e+00   0.000000e+00   0.000000e+00   0.000000e+00
         894678   6.048000e+07      1.0000000      0.0000000   3.996000e+30   0.000000e+00   3.996000e+30   0.000000e+00   0.000000e+00   0.000000e+00   0.000000e+00   0.000000e+00   0.000000e+00   4.259511e+38   0.000000e+00  -3.756782e+38   0.000000e+00   0.000000e+00   7.853888e+12   8.009895e+12   7.479894e+12   2.479527e+27   3.996007e+34   0.000000e+00  -2.988971e+47   2.921640e+40   3.287867e+47   0.000000e+00   0.000000e+00   0.000000e+00   0.000000e+00   0.000000e+00   0.000000e+00   0.000000e+00   0.000000e+00   0.000000e+00   0.000000e+00   0.000000e+00   0.000000e+00   0.000000e+00
         912629   6.056640e+07      1.0000000      0.0000000   3.996000e+30   0.000000e+00   3.996000e+30   0.000000e+00   0.000000e+00   0.000000e+00   0.000000e+00   0.000000e+00   0.000000e+00   4.258221e+38   0.000000e+00  -3.755439e+38   0.000000e+00   0.000000e+00   7.853888e+12   8.010759e+12   7.479894e+12   4.955501e+27   3.996007e+34   0.000000e+00  -2.988971e+47   2.921710e+40   3.287867e+47   0.000000e+00   0.000000e+00   0.000000e+00   0.000000e+00   0.000000e+00   0.000000e+00   0.000000e+00   0.000000e+00   0.000000e+00   0.000000e+00   0.000000e+00   0.000000e+00   0.000000e+00
         930528   6.065280e+07      1.0000000      0.0000000   3.996000e+30   0.000000e+00   3.996000e+30   0.000000e+00   0.000000e+00   0.000000e+00   0.000000e+00   0.000000e+00   0.000000e+00   4.256930e+38   0.000000e+00  -3.754090e+38   0.000000e+00   0.000000e+00   7.853888e+12   8.011623e+12   7.479894e+12   2.479421e+27   3.996007e+34   0.000000e+00  -2.988971e+47   2.921560e+40   3.287867e+47   0.000000e+00   0.000000e+00   0.000000e+00   0.000000e+00   0.000000e+00   0.000000e+00   0.000000e+00   0.000000e+00   0.000000e+00   0.000000e+00   0.000000e+00   0.000000e+00   0.000000e+00
         948480   6.073920e+07      1.0000000      0.0000000   3.996000e+30   0.000000e+00   3.996000e+30   0.000000e+00   0.000000e+00   0.000000e+00   0.000000e+00   0.000000e+00   0.000000e+00   4.255635e+38   0.000000e+00  -3.752740e+38   0.000000e+00   0.000000e+00   7.853888e+12   8.012487e+12   7.479894e+12   2.479457e+27   3.996007e+34   0.000000e+00  -2.988971e+47   2.921587e+40   3.287867e+47   0.000000e+00   0.000000e+00   0.000000e+00   0.000000e+00   0.000000e+00   0.000000e+00   0.000000e+00   0.000000e+00   0.000000e+00   0.000000e+00   0.000000e+00   0.000000e+00   0.000000e+00
         966407   6.082560e+07      1.0000000      0.0000000   3.996000e+30   0.000000e+00   3.996000e+30   0.000000e+00   0.000000e+00   0.000000e+00   0.000000e+00   0.000000e+00   0.000000e+00   4.254338e+38   0.000000e+00  -3.751386e+38   0.000000e+00   0.000000e+00   7.853888e+12   8.013351e+12   7.479894e+12   4.955313e+27   3.996007e+34   0.000000e+00  -2.988971e+47   2.921569e+40   3.287867e+47   0.000000e+00   0.000000e+00   0.000000e+00   0.000000e+00   0.000000e+00   0.000000e+00   0.000000e+00   0.000000e+00   0.000000e+00   0.000000e+00   0.000000e+00   0.000000e+00   0.000000e+00
         984409   6.091200e+07      1.0000000      0.0000000   3.996000e+30   0.000000e+00   3.996000e+30   0.000000e+00   0.000000e+00   0.000000e+00   0.000000e+00   0.000000e+00   0.000000e+00   4.253037e+38   0.000000e+00  -3.750029e+38   0.000000e+00   0.000000e+00   7.853888e+12   8.014215e+12   7.479894e+12   2.479410e+27   3.996007e+34   0.000000e+00  -2.988971e+47   2.921552e+40   3.287867e+47   0.000000e+00   0.000000e+00   0.000000e+00   0.000000e+00   0.000000e+00   0.000000e+00   0.000000e+00   0.000000e+00   0.000000e+00   0.000000e+00   0.000000e+00   0.000000e+00   0.000000e+00
        1002325   6.099840e+07      1.0000000      0.0000000   3.996000e+30   0.000000e+00   3.996000e+30   0.000000e+00   0.000000e+00   0.000000e+00   0.000000e+00   0.000000e+00   0.000000e+00   4.251733e+38   0.000000e+00  -3.748671e+38   0.000000e+00   0.000000e+00   7.853888e+12   8.015079e+12   7.479894e+12   4.955201e+27   3.996007e+34   0.000000e+00  -2.988971e+47   2.921485e+40   3.287867e+47   0.000000e+00   0.000000e+00   0.000000e+00   0.000000e+00   0.000000e+00   0.000000e+00   0.000000e+00   0.000000e+00   0.000000e+00   0.000000e+00   0.000000e+00   0.000000e+00   0.000000e+00
        1020126   6.108480e+07      1.0000000      0.0000000   3.996000e+30   0.000000e+00   3.996000e+30   0.000000e+00   0.000000e+00   0.000000e+00   0.000000e+00   0.000000e+00   0.000000e+00   4.250428e+38   0.000000e+00  -3.747761e+38   0.000000e+00   0.000000e+00   7.853888e+12   8.015943e+12   7.479894e+12   4.955420e+27   3.996007e+34   0.000000e+00  -2.988971e+47   2.921649e+40   3.287867e+47   0.000000e+00   0.000000e+00   0.000000e+00   0.000000e+00   0.000000e+00   0.000000e+00   0.000000e+00   0.000000e+00   0.000000e+00   0.000000e+00   0.000000e+00   0.000000e+00   0.000000e+00
        1038148   6.117120e+07      1.0000000      0.0000000   3.996000e+30   0.000000e+00   3.996000e+30   0.000000e+00   0.000000e+00   0.000000e+00   0.000000e+00   0.000000e+00   0.000000e+00   4.249119e+38   0.000000e+00  -3.746396e+38   0.000000e+00   0.000000e+00   7.853888e+12   8.016807e+12   7.479894e+12   4.955419e+27   3.996007e+34   0.000000e+00  -2.988971e+47   2.921648e+40   3.287867e+47   0.000000e+00   0.000000e+00   0.000000e+00   0.000000e+00   0.000000e+00   0.000000e+00   0.000000e+00   0.000000e+00   0.000000e+00   0.000000e+00   0.000000e+00   0.000000e+00   0.000000e+00
        1056113   6.125760e+07      1.0000000      0.0000000   3.996000e+30   0.000000e+00   3.996000e+30   0.000000e+00   0.000000e+00   0.000000e+00   0.000000e+00   0.000000e+00   0.000000e+00   4.247807e+38   0.000000e+00  -3.745028e+38   0.000000e+00   0.000000e+00   7.853888e+12   8.017671e+12   7.479894e+12   4.955420e+27   3.996007e+34   0.000000e+00  -2.988971e+47   2.921649e+40   3.287867e+47   0.000000e+00   0.000000e+00   0.000000e+00   0.000000e+00   0.000000e+00   0.000000e+00   0.000000e+00   0.000000e+00   0.000000e+00   0.000000e+00   0.000000e+00   0.000000e+00   0.000000e+00
        1074090   6.134400e+07      1.0000000      0.0000000   3.996000e+30   0.000000e+00   3.996000e+30   0.000000e+00   0.000000e+00   0.000000e+00   0.000000e+00   0.000000e+00   0.000000e+00   4.246492e+38   0.000000e+00  -3.743659e+38   0.000000e+00   0.000000e+00   7.853888e+12   8.018535e+12   7.479894e+12   4.955382e+27   3.996007e+34   0.000000e+00  -2.988971e+47   2.921621e+40   3.287867e+47   0.000000e+00   0.000000e+00   0.000000e+00   0.000000e+00   0.000000e+00   0.000000e+00   0.000000e+00   0.000000e+00   0.000000e+00   0.000000e+00   0.000000e+00   0.000000e+00   0.000000e+00
        1092136   6.143040e+07      1.0000000      0.0000000   3.996000e+30   0.000000e+00   3.996000e+30   0.000000e+00   0.000000e+00   0.000000e+00   0.000000e+00   0.000000e+00   0.000000e+00   4.245174e+38   0.000000e+00  -3.742284e+38   0.000000e+00   0.000000e+00   7.853888e+12   8.019399e+12   7.479894e+12   2.479546e+27   3.996007e+34   0.000000e+00  -2.988971e+47   2.921654e+40   3.287867e+47   0.000000e+00   0.000000e+00   0.000000e+00   0.000000e+00   0.000000e+00   0.000000e+00   0.000000e+00   0.000000e+00   0.000000e+00   0.000000e+00   0.000000e+00   0.000000e+00   0.000000e+00
        1110148   6.151680e+07      1.0000000      0.0000000   3.996000e+30   0.000000e+00   3.996000e+30   0.000000e+00   0.000000e+00   0.000000e+00   0.000000e+00   0.000000e+00   0.000000e+00   4.243853e+38   0.000000e+00  -3.740906e+38   0.000000e+00   0.000000e+00   7.853888e+12   8.020263e+12   7.479894e+12   7.431211e+27   3.996007e+34   0.000000e+00  -2.988971e+47   5.840494e+40   3.287867e+47   0.000000e+00   0.000000e+00   0.000000e+00   0.000000e+00   0.000000e+00   0.000000e+00   0.000000e+00   0.000000e+00   0.000000e+00   0.000000e+00   0.000000e+00   0.000000e+00   0.000000e+00
        1114128   6.153600e+07      1.0000000      0.0000000   3.996000e+30   0.000000e+00   3.996000e+30   0.000000e+00   0.000000e+00   0.000000e+00   0.000000e+00   0.000000e+00   0.000000e+00   4.243101e+38   0.000000e+00  -3.740446e+38   0.000000e+00   0.000000e+00   7.853888e+12   8.020455e+12   7.479894e+12   9.907270e+27   3.996007e+34   0.000000e+00  -2.988971e+47   5.840628e+40   3.287867e+47   0.000000e+00   0.000000e+00   0.000000e+00   0.000000e+00   0.000000e+00   0.000000e+00   0.000000e+00   0.000000e+00   0.000000e+00   0.000000e+00   0.000000e+00   0.000000e+00   0.000000e+00
